 0.1738000000000000E+04, 0.4902799967088640E+04, 1.4178101463045039E-05,  120,  120,    1, 0.0000000000000000E+00, 0.0000000000000000E+00
    1,    0, 0.0000000000000000e+00, 0.0000000000000000e+00, 0.0000000000000000e+00, 0.0000000000000000e+00             
    1,    1, 0.0000000000000000e+00, 0.0000000000000000e+00, 0.0000000000000000e+00, 0.0000000000000000e+00             
    2,    0,-9.0886616361343905e-05, 0.0000000000000000e+00, 2.6968830316230259e-10, 0.0000000000000000e+00             
    2,    1,-1.9495932361259600e-10, 1.0733325387331199e-09, 1.2635365661845827e-11, 1.0460593339221404e-11             
    2,    2, 3.4673334085426700e-05, 1.0908462869835500e-10, 6.0788142267342969e-11, 6.6436159158311349e-11             
    3,    0,-3.1973529610071702e-06, 0.0000000000000000e+00, 3.6294206759977827e-12, 0.0000000000000000e+00             
    3,    1, 2.6368016319046001e-05, 5.4545512661968897e-06, 4.2509687609770794e-12, 4.3257133491057782e-12             
    3,    2, 1.4171552433678901e-05, 4.8780038179173099e-06, 6.4535173882415071e-12, 6.4750067045146658e-12             
    3,    3, 1.2275384816292799e-05,-1.7741560963106001e-06, 1.2268728502389878e-11, 1.2238796064399372e-11             
    4,    0, 3.2347895606661501e-06, 0.0000000000000000e+00, 1.0846515206937267e-12, 0.0000000000000000e+00             
    4,    1,-6.0134653270642400e-06, 1.6643329301217600e-06, 1.1770189756259057e-12, 1.1531475530101991e-12             
    4,    2,-7.1161801004935898e-06,-6.7770192381990902e-06, 1.7111199001362142e-12, 1.6898463456135978e-12             
    4,    3,-1.3499352685757700e-06,-1.3444990500099299e-05, 3.2683289619082761e-12, 3.1529910935315923e-12             
    4,    4,-6.0069863117290297e-06, 3.9265541252566401e-06, 5.7454048949741982e-12, 5.8009554687078465e-12             
    5,    0,-2.2377875305589299e-07, 0.0000000000000000e+00, 4.2015788765002427e-13, 0.0000000000000000e+00             
    5,    1,-1.0116092340501300e-06,-4.1189107520555396e-06, 4.5846218101471315e-13, 4.4990685413506447e-13             
    5,    2, 4.3995277545202701e-06, 1.0571129058851900e-06, 5.9122679901632621e-13, 5.8838775669972856e-13             
    5,    3, 4.6618255686504602e-07, 8.6988884519578896e-06, 1.3119256382993967e-12, 1.2827481737723979e-12             
    5,    4, 2.7542669759555499e-06, 6.7702201143341805e-08, 5.4115113766750204e-12, 5.4588271812420645e-12             
    5,    5, 3.1105053983013201e-06,-2.7543847261197901e-06, 8.1616835466360665e-12, 8.1918439505838468e-12             
    6,    0, 3.8184243532883396e-06, 0.0000000000000000e+00, 2.1754965413484871e-13, 0.0000000000000000e+00             
    6,    1, 1.5282752846466899e-06,-2.5995942647864100e-06, 2.4876057583551398e-13, 2.2563807952249621e-13             
    6,    2,-4.3972966886307101e-06,-2.1676866566411700e-06, 2.8644522456467094e-13, 2.7231903639431720e-13             
    6,    3,-3.3175298694206902e-06,-3.4274131163629601e-06, 6.6984504918828479e-13, 6.4020417773949095e-13             
    6,    4, 3.4121450365100602e-07,-4.0580226905049899e-06, 1.9603772363722376e-12, 1.9623501312428578e-12             
    6,    5, 1.4543911420017600e-06,-1.0341797971524200e-05, 2.8588952979207119e-12, 2.8879309412310748e-12             
    6,    6,-4.6841811863593903e-06, 7.2298730427922903e-06, 4.3255275199496070e-12, 4.3235001096436823e-12             
    7,    0, 5.5933939655279096e-06, 0.0000000000000000e+00, 1.7762525505986530e-13, 0.0000000000000000e+00             
    7,    1, 7.4716849117364299e-06,-1.1974008673063400e-07, 1.9697998201019236e-13, 2.1518194077838428e-13             
    7,    2,-6.5013170380360805e-07, 2.4111115163277199e-06, 2.1738942616235624e-13, 2.4917630287798808e-13             
    7,    3, 5.9942694184037096e-07, 2.3573286031869499e-06, 5.0676539357686968e-13, 5.1652357511047309e-13             
    7,    4,-8.4366863642712305e-07, 7.5653879851084303e-07, 1.7333423768591009e-12, 1.7469437563244840e-12             
    7,    5,-2.0686733490915200e-07, 1.0693217791761000e-06, 1.5937582018284622e-12, 1.6049993035623372e-12             
    7,    6,-1.0652046415394901e-06, 1.1004956222931601e-06, 3.5641956053173209e-12, 3.5129318506486650e-12             
    7,    7,-1.8204710940863300e-06,-1.6002661472225099e-06, 5.8602983696278180e-12, 5.8679841839928324e-12             
    8,    0, 2.3468270003090199e-06, 0.0000000000000000e+00, 1.4939548126996915e-13, 0.0000000000000000e+00             
    8,    1, 4.1707960905875798e-09, 1.0980383286784300e-06, 1.5042506825496855e-13, 1.9979650352600402e-13             
    8,    2, 3.0093179595172298e-06, 1.9305631824528601e-06, 1.8924810392376414e-13, 1.7696479911606480e-13             
    8,    3,-1.8890440726564700e-06, 9.5448948658294809e-07, 3.7531024485087681e-13, 3.9113450661499425e-13             
    8,    4, 3.4086875133788799e-06,-5.2825535837585101e-07, 7.7983898543845938e-13, 7.9783167339275980e-13             
    8,    5,-1.2480329117519899e-06, 2.9185721692157499e-06, 8.2833105121722814e-13, 8.2777963376162490e-13             
    8,    6,-1.6604326709225399e-06,-2.1146747752410498e-06, 1.7316937483549617e-12, 1.7100933391592863e-12             
    8,    7,-1.5096752552663100e-06, 3.2688650050684099e-06, 2.7175094500906937e-12, 2.7183239257638160e-12             
    8,    8,-2.4856688810624499e-06, 2.1164015610543001e-06, 3.9573792157025766e-12, 3.8055548486862979e-12             
    9,    0,-3.5309157270955601e-06, 0.0000000000000000e+00, 1.3872576957727698e-13, 0.0000000000000000e+00             
    9,    1, 1.8669613653858900e-06, 8.1040027263908502e-08, 1.5325269569852187e-13, 1.3695031908288362e-13             
    9,    2, 1.9278156261491601e-06,-1.3875702882605900e-06, 1.8905807423434936e-13, 1.5034320011056053e-13             
    9,    3,-1.9924046580871901e-06, 2.2017584718367602e-06, 3.5923097433122461e-13, 3.5398112191330983e-13             
    9,    4,-1.8844310508293500e-06,-1.4257743516202001e-06, 8.0402867471051173e-13, 8.1353706469959543e-13             
    9,    5,-1.5625402804914399e-06,-3.5246678876292599e-06, 6.4723210533758622e-13, 6.3229492605593992e-13             
    9,    6,-2.1271957269403299e-06,-3.0026175860563098e-06, 1.7020650271048830e-12, 1.6982900989755226e-12             
    9,    7,-3.9148316538507901e-06,-1.0686554619596500e-07, 1.7140033330151136e-12, 1.7030898212030674e-12             
    9,    8,-1.3120133398542900e-06,-2.2034560637886700e-06, 2.5908065813264251e-12, 2.5909440458772048e-12             
    9,    9,-9.3814532258702405e-07, 2.4881476120873002e-06, 4.5851806013029884e-12, 4.6123552024912959e-12             
   10,    0,-1.0692992813471100e-06, 0.0000000000000000e+00, 1.1768708875763781e-13, 0.0000000000000000e+00             
   10,    1, 8.4159438940502097e-07,-9.5407157423103598e-07, 1.2442456303295079e-13, 1.1050961624877315e-13             
   10,    2, 3.5724700414598500e-07,-2.6511745724590300e-07, 1.3407526244137952e-13, 1.2607043758890734e-13             
   10,    3, 4.8420495763541504e-07, 6.6882404480653200e-07, 2.6163421815682116e-13, 2.5764849553623121e-13             
   10,    4,-3.5729677845522400e-06, 1.5789360349407200e-06, 4.1770545761025045e-13, 4.2550775512096171e-13             
   10,    5, 6.9969317295735005e-07,-3.1457641255922302e-07, 4.0967383017382106e-13, 4.1670807093819503e-13             
   10,    6,-1.2728563411140999e-07,-2.0952967204623000e-06, 1.0589711742932496e-12, 1.0739227905000806e-12             
   10,    7,-3.9986474811247704e-06,-9.1073359481717495e-07, 1.1533827291057906e-12, 1.1473946321577662e-12             
   10,    8,-3.5594171894747600e-06, 2.8488752099194201e-06, 1.3881072027638900e-12, 1.3495028275099106e-12             
   10,    9,-4.7531464826185900e-06,-5.1541172590030598e-08, 2.5107384706054554e-12, 2.5012740342585750e-12             
   10,   10, 9.4792391587664003e-07,-1.7193982646144901e-06, 3.5380272950642643e-12, 3.6522999797141723e-12             
   11,    0,-8.8520923831781096e-07, 0.0000000000000000e+00, 1.0245518105567331e-13, 0.0000000000000000e+00             
   11,    1,-1.9466485207382500e-08, 6.1425133460483304e-07, 1.3643290248804886e-13, 9.8323139929025497e-14             
   11,    2, 6.9951590792831299e-07,-1.9680446215746899e-06, 1.2746093826392483e-13, 1.1721204561289092e-13             
   11,    3, 4.0842595945294797e-07, 7.3625035634508997e-07, 2.2722931297946394e-13, 2.5126615852680520e-13             
   11,    4,-1.0867630468649400e-06, 2.1908700356837401e-06, 4.4550154301802306e-13, 4.4130730464654630e-13             
   11,    5, 5.0326213297133998e-08, 2.5880366158584899e-06, 3.8881430593591805e-13, 3.7338878717717686e-13             
   11,    6, 5.2433774122889097e-07,-1.3669920822533301e-06, 9.9785089509088476e-13, 9.9387640364894828e-13             
   11,    7,-8.4541815088696705e-08,-2.8411045779523100e-06, 8.1351410465103784e-13, 8.1652160120919048e-13             
   11,    8,-2.0952794819282300e-06,-3.8294594911644098e-07, 1.4045580057761730e-12, 1.4031318948393219e-12             
   11,    9,-2.3348598240898200e-06, 2.5264921333098800e-07, 1.6348973919525209e-12, 1.6400575022215583e-12             
   11,   10,-4.6805888323041897e-06,-1.7361526765514999e-07, 2.2385784577678866e-12, 2.2705015998836702e-12             
   11,   11,-2.8888087303261999e-06,-1.7463975907065600e-06, 3.9194620427452996e-12, 3.8307907630966308e-12             
   12,    0,-2.0122599516207098e-06, 0.0000000000000000e+00, 1.2793985575078996e-13, 0.0000000000000000e+00             
   12,    1,-7.0688664067801005e-07, 1.6477812781310300e-06, 1.1917573527934261e-13, 1.4108863035046178e-13             
   12,    2,-1.0520911894913800e-07, 1.5078357606297600e-06, 1.3601521346323506e-13, 1.2871345245566580e-13             
   12,    3, 8.5569060225007898e-07,-4.0589513679447398e-06, 1.8318948022563534e-13, 1.9014168330550343e-13             
   12,    4, 8.1302042069632805e-07,-3.4462352321908099e-07, 2.7443384706718497e-13, 2.7003053189628248e-13             
   12,    5, 2.1481340829091801e-10, 8.9362491105545700e-07, 2.7236305318296798e-13, 2.6999293875390955e-13             
   12,    6, 1.0890697943207199e-06, 5.4524909062829195e-07, 6.9337227183664909e-13, 6.9833937016510748e-13             
   12,    7, 2.1399957046376400e-06,-9.6755369139453090e-07, 5.9982143463851668e-13, 5.9855184216333255e-13             
   12,    8, 3.9856181167335598e-07,-2.2065403707952302e-06, 1.0450371199658252e-12, 1.0401798523704757e-12             
   12,    9,-1.3451597883806601e-06, 1.0950075873121001e-06, 1.3327818939591816e-12, 1.3256179008803110e-12             
   12,   10,-3.0754862841913501e-06,-1.2739103607619600e-06, 1.1533982727414416e-12, 1.1895452596936559e-12             
   12,   11,-9.8183613849485409e-07,-3.2844282825135802e-07, 2.2344012381661613e-12, 2.3157371099363568e-12             
   12,   12, 3.0276598904424398e-07, 1.2469221486692100e-06, 3.3299533772088888e-12, 3.3149164290155024e-12             
   13,    0, 2.5648004946640699e-07, 0.0000000000000000e+00, 1.0161230870195052e-13, 0.0000000000000000e+00             
   13,    1, 1.3544740019325599e-06,-7.6670640509333898e-08, 1.2020560488157391e-13, 1.4405151101596184e-13             
   13,    2,-3.4252304475550800e-06, 3.8397432412839302e-07, 1.2565465300261254e-13, 1.1707389684091672e-13             
   13,    3,-4.3336097340946901e-07,-1.4563096572694000e-06, 1.7879722196785304e-13, 2.0454481016497496e-13             
   13,    4, 7.7726965067363903e-07,-5.8193660082935302e-07, 2.7947807089882109e-13, 2.8890685602494632e-13             
   13,    5,-1.1863451746840701e-06, 1.0213375267916701e-06, 2.6744945857013189e-13, 2.7560369407975650e-13             
   13,    6,-2.7668192755806799e-08, 1.3842386956988099e-06, 6.3119586353443723e-13, 6.3180445329897494e-13             
   13,    7,-1.6213435968897400e-07,-6.7266165679448902e-07, 4.8663289192323278e-13, 4.8554663961051252e-13             
   13,    8,-2.9229245439655900e-07,-1.2105332553131899e-06, 9.2193910187472074e-13, 9.1706379381594029e-13             
   13,    9,-1.6991760642752299e-07, 5.2749568949826497e-07, 9.2345604450934284e-13, 9.3327516137179701e-13             
   13,   10,-6.7430222940660703e-07, 4.5284907615079200e-07, 1.2560935268675769e-12, 1.2554591647613548e-12             
   13,   11,-1.3056871659038599e-06, 4.3904810028994700e-07, 1.5302630513664773e-12, 1.5013606702504660e-12             
   13,   12,-5.7441404425841903e-07,-1.5223312540357900e-06, 2.1573960180082977e-12, 2.1477918680199866e-12             
   13,   13, 2.4993752023939002e-06,-2.6688268902302499e-06, 3.4308302773705760e-12, 3.4632245661948559e-12             
   14,    0, 4.9225224502803004e-07, 0.0000000000000000e+00, 9.1685891008634001e-14, 0.0000000000000000e+00             
   14,    1, 5.6542798865416504e-07,-6.8210722221241897e-07, 1.0027813750123757e-13, 9.3919951398400072e-14             
   14,    2, 3.6442018790838399e-07, 3.5520873302360800e-07, 9.4589436849320686e-14, 9.8607255731387849e-14             
   14,    3, 5.5789651580619299e-07, 1.6800777023981601e-07, 1.6170885549324676e-13, 1.5210703771162488e-13             
   14,    4,-3.9052839843587802e-07,-2.5820577284616302e-06, 1.8254647457491681e-13, 1.8849826462174610e-13             
   14,    5,-7.8238902535615302e-07,-2.1601367091114401e-07, 2.1476383257866048e-13, 2.1195179359191573e-13             
   14,    6,-6.0960862234429401e-07, 1.8622792390450599e-06, 4.7876426419668265e-13, 4.7460161959831718e-13             
   14,    7,-5.1542739180213005e-07, 1.1615207730013600e-06, 3.6590809010104082e-13, 3.5820563398227404e-13             
   14,    8, 3.0614960251918901e-07, 4.4147512269301599e-07, 7.9972593691792611e-13, 7.8374558888396782e-13             
   14,    9, 8.0502020132775903e-08,-1.6380493670771701e-06, 7.8108457805017727e-13, 7.8005881863241528e-13             
   14,   10,-7.7819859859647003e-07, 5.9302093987432998e-07, 8.9241562599449935e-13, 9.1662062470897292e-13             
   14,   11,-1.9284929924395900e-06, 1.9372453478534400e-06, 1.3594205553516439e-12, 1.4124232406931456e-12             
   14,   12,-1.4485531084503000e-06,-5.3946445621413999e-07, 1.1431801329502611e-12, 1.1245843443043699e-12             
   14,   13,-3.2143219402284300e-07,-1.0177913464225199e-06, 2.0750943520038025e-12, 2.0628702082644732e-12             
   14,   14,-6.1350068998726697e-07, 1.0710874517186301e-06, 3.0271784580028783e-12, 3.1727152540950634e-12             
   15,    0,-2.2808688364467899e-07, 0.0000000000000000e+00, 8.6419556790109518e-14, 0.0000000000000000e+00             
   15,    1,-7.9753014528067704e-07, 3.5361520152343102e-07, 9.3169093527328576e-14, 8.2723595733652686e-14             
   15,    2,-5.4013089111191002e-08, 7.4465613222144697e-07, 8.3949525024023025e-14, 1.2759016301601536e-13             
   15,    3,-1.3782408445910199e-06,-6.3069875600431298e-07, 1.4388600724554087e-13, 1.3805770616193344e-13             
   15,    4,-9.5605894819832598e-07,-1.3233705228445701e-06, 2.0678908399974687e-13, 2.0601041083883509e-13             
   15,    5, 7.7316841156803893e-09,-8.9339522671281098e-07, 2.1413972340782969e-13, 2.1439761747872971e-13             
   15,    6,-6.4421510411269597e-08,-3.3067602667687099e-07, 4.3258007240638701e-13, 4.3907739668663662e-13             
   15,    7, 1.1252799830198800e-06, 1.4893991217251701e-06, 3.2513448094180122e-13, 3.2704002509777710e-13             
   15,    8, 1.3150994456873900e-06, 1.8865584556639500e-06, 6.4841821220049494e-13, 6.5160369877635096e-13             
   15,    9,-8.5195589539650404e-08,-1.0116219670586500e-06, 6.0263885895454364e-13, 6.0924670781350017e-13             
   15,   10,-6.0153999699789802e-08, 4.2270450022821599e-07, 8.3921771350448254e-13, 8.3789042419483360e-13             
   15,   11,-1.4262824121575500e-06,-1.5024362923816200e-06, 9.8546530792318237e-13, 9.8189491126112212e-13             
   15,   12,-1.7672231141452699e-06,-4.7177430814685402e-07, 1.2526264227749012e-12, 1.2521702914142684e-12             
   15,   13,-4.0492534530211502e-07, 3.0951527391703100e-07, 1.3811663037258718e-12, 1.3994986781789475e-12             
   15,   14, 8.2348333335602799e-07, 5.6143939284116904e-07, 2.0908993446913733e-12, 2.1034249858105797e-12             
   15,   15, 5.4844383414648597e-07, 7.7786949869538196e-07, 3.1845803140399388e-12, 3.1699997911127229e-12             
   16,    0, 5.5684781723422402e-07, 0.0000000000000000e+00, 9.3227574284431504e-14, 0.0000000000000000e+00             
   16,    1, 1.1558818957184400e-07, 8.2525448163704004e-07, 7.7594825507739072e-14, 1.2365084028082518e-13             
   16,    2, 1.4552342783492900e-06, 7.6542541741438497e-09, 1.0495374159473910e-13, 8.6507316586925696e-14             
   16,    3,-1.9426969433693399e-07, 5.2333655443077297e-07, 1.1460155369590752e-13, 1.5522026738153653e-13             
   16,    4, 6.8594881339957901e-07, 3.1244574665041103e-07, 1.4635801871261497e-13, 1.4030793516855043e-13             
   16,    5, 7.6342403261810102e-07,-6.4847963408957801e-07, 1.6783195877566397e-13, 1.8576141241554709e-13             
   16,    6, 7.2981294499738503e-07,-7.2807649526352395e-07, 3.4466913375597152e-13, 3.4464691417827685e-13             
   16,    7,-2.8070249706545598e-07,-5.8039941619624799e-07, 2.5739278920182088e-13, 2.5245445006240669e-13             
   16,    8, 2.3719847172036800e-08, 3.2009538560323701e-07, 6.1184652624332362e-13, 5.9830916746613332e-13             
   16,    9,-7.8067860695686104e-07,-8.2336513477734604e-07, 4.9644305260935780e-13, 4.9350147549767951e-13             
   16,   10, 2.2721497051003201e-07, 3.3551591498433501e-08, 7.4784640186103958e-13, 7.6327027427585870e-13             
   16,   11,-3.3146330265252898e-07, 7.7219291483631895e-07, 8.8138953381603086e-13, 9.1650164890436831e-13             
   16,   12,-1.2941785058768200e-06, 9.1585841925617001e-07, 7.9222226582083796e-13, 7.9146870505157414e-13             
   16,   13,-1.7990715187346799e-07,-1.6299062752451600e-07, 1.3801972322305416e-12, 1.3725261161865481e-12             
   16,   14,-6.7988311186544605e-07, 1.7761409762133599e-07, 1.1346067269253401e-12, 1.1943844618839097e-12             
   16,   15,-3.6476022662665400e-07,-1.0158143645496000e-06, 1.8864458275063475e-12, 1.9144942065227201e-12             
   16,   16,-9.0536610686579401e-07,-9.1877860906697205e-07, 2.8989842621140862e-12, 2.9566421729938599e-12             
   17,    0,-1.0330344866512500e-06, 0.0000000000000000e+00, 8.4552921416107228e-14, 0.0000000000000000e+00             
   17,    1, 5.0201672142876099e-07, 7.6260944214509697e-08, 1.0342522399178667e-13, 1.1443793174094952e-13             
   17,    2,-2.9072218052218498e-07,-8.7257963549097899e-07, 9.7631069777219287e-14, 8.8113093640575535e-14             
   17,    3,-2.6779513331889700e-08,-5.0226435807531598e-07, 1.2983541789971918e-13, 1.4809367285352554e-13             
   17,    4, 1.2851262478021800e-06, 2.0375449103729402e-06, 1.6307746059232284e-13, 1.5558292706295813e-13             
   17,    5, 1.9066286289513001e-07,-6.0426998892451598e-07, 1.7148872110609142e-13, 1.8535585270511853e-13             
   17,    6, 7.2125107240378902e-07,-1.2458569685396900e-06, 3.2690672560897209e-13, 3.1610919732794626e-13             
   17,    7,-1.2987834699602601e-06,-1.5562656752037800e-06, 2.5319135022131249e-13, 2.4767498051399166e-13             
   17,    8,-2.1146923709380399e-07,-4.7046413537379999e-07, 4.8089334130644687e-13, 4.8333341883046035e-13             
   17,    9, 3.2823157098589299e-07, 1.3716369319427599e-06, 4.1158132342421261e-13, 4.2118443734456508e-13             
   17,   10, 4.1627361131407799e-07, 6.1369580594534496e-07, 6.2094333213659856e-13, 6.1808020221283874e-13             
   17,   11, 1.1439601096875199e-06,-2.0201732098400400e-07, 7.0195679328748551e-13, 7.0188818552528220e-13             
   17,   12, 9.5947169254960696e-07, 1.7955219062033100e-07, 8.1903123164820567e-13, 8.1942545539467816e-13             
   17,   13,-3.9717402131794799e-08,-2.2228687553204501e-07, 9.8387483864018799e-13, 9.9174183508947556e-13             
   17,   14, 4.0313833068114602e-07, 3.0455895282856999e-07, 1.3005634464522167e-12, 1.3099908791991612e-12             
   17,   15,-6.4298033971220403e-08,-5.0458425297386602e-07, 1.2874656788737224e-12, 1.2798684169769371e-12             
   17,   16,-3.1693967447656298e-07,-2.5149378740096301e-07, 2.0227058878109618e-12, 2.0133971613998383e-12             
   17,   17,-3.8081981165530502e-07, 1.5047802729785901e-06, 2.9824070761916796e-12, 2.9727955255847212e-12             
   18,    0,-5.2032090678533099e-07, 0.0000000000000000e+00, 7.5274764370497515e-14, 0.0000000000000000e+00             
   18,    1, 3.6041578032119599e-07, 2.6841430713012301e-08, 8.4908868381053016e-14, 9.5506485807022525e-14             
   18,    2,-3.1662114161484702e-07,-7.2611761816849400e-07, 7.6262473468721395e-14, 1.0398874385356454e-13             
   18,    3, 9.9522670770699004e-07, 4.3266095280775600e-07, 1.0039132515259911e-13, 1.2808298232849534e-13             
   18,    4,-8.0305511019220098e-07, 1.0913214180179499e-06, 1.1889824645392521e-13, 1.1808340038772958e-13             
   18,    5,-5.1930036688650204e-07, 7.3191246575514500e-08, 1.5799334416529306e-13, 1.7769293954504468e-13             
   18,    6,-1.7013065485277099e-06, 7.3391052622023496e-07, 2.6612191313592203e-13, 2.6357191899689746e-13             
   18,    7,-2.1831763885733601e-07,-1.1337239345832500e-06, 2.0578029934110685e-13, 2.0636214533709183e-13             
   18,    8, 4.4459462525297701e-07, 2.8680427897976101e-07, 4.8025952996235832e-13, 4.6669659688019277e-13             
   18,    9, 5.5072930170668495e-07,-6.3740232209685799e-07, 3.4178001288024973e-13, 3.4026356541751499e-13             
   18,   10, 3.5819616998679099e-07,-5.5010193778540904e-07, 6.2498927671283521e-13, 6.2800765903943834e-13             
   18,   11, 4.2128099031246401e-07,-1.2979791874815301e-06, 6.0178285741414253e-13, 6.2644399435417555e-13             
   18,   12, 8.3086226126893504e-07, 2.3475614551327699e-07, 6.7463687850346689e-13, 6.7660629771370567e-13             
   18,   13,-1.2158437243028201e-06,-1.0016293554124900e-07, 9.6258947270383885e-13, 9.5364197003258503e-13             
   18,   14, 6.1092896946235894e-08,-1.1320503975615601e-06, 7.4956931616802894e-13, 7.7353272607337963e-13             
   18,   15, 2.4321627802418298e-07,-1.0844704637443900e-06, 1.3261257046207529e-12, 1.3492962316684386e-12             
   18,   16, 8.9881630406245305e-07,-2.1359695588532900e-07, 1.1863440120210397e-12, 1.2158514071731721e-12             
   18,   17, 1.2300336178568600e-06,-4.7126690482933801e-07, 1.7741061406326224e-12, 1.7973249603065257e-12             
   18,   18,-2.0969437988113499e-07,-2.8514413006776102e-07, 2.7965311899024220e-12, 2.8287046918694622e-12             
   19,    0, 2.1565518286635401e-07, 0.0000000000000000e+00, 7.5959993148220003e-14, 0.0000000000000000e+00             
   19,    1,-5.9124009222680303e-07, 1.3131884602530901e-07, 7.3249086437248514e-14, 7.5233214941022090e-14             
   19,    2, 1.7300124297031799e-07,-3.7178525872291501e-07, 9.4329491484256666e-14, 1.0062351948221943e-13             
   19,    3,-6.3197378179851005e-07, 9.7661035171026302e-07, 1.2583225219089031e-13, 1.0205842616649224e-13             
   19,    4,-9.9349345767366307e-07,-1.0539041502887300e-06, 1.7221459579299501e-13, 1.2688396386849952e-13             
   19,    5,-2.5844956827533601e-07, 1.4832581708165300e-06, 1.5697713965724429e-13, 1.6366562248201054e-13             
   19,    6, 1.5870808719633400e-07, 3.8007162217719098e-07, 2.6354319984503120e-13, 2.4581155083806495e-13             
   19,    7, 1.2234447451398000e-06, 4.9114796711137603e-07, 2.0029521058304576e-13, 1.9629266731756551e-13             
   19,    8, 6.5120166401466300e-07, 8.6667881072035801e-07, 3.6985179821105387e-13, 3.7307135520934108e-13             
   19,    9,-6.5371962011870696e-08,-4.2221431553744998e-07, 3.0879227121535228e-13, 3.1493511347042430e-13             
   19,   10,-7.8244177459129701e-07,-2.2600388834076099e-07, 4.8369453807501243e-13, 4.7910710973108794e-13             
   19,   11, 9.1955576751581099e-09,-1.7527241893198801e-07, 5.1859230628386890e-13, 5.1766421659317568e-13             
   19,   12,-1.1045184707695100e-07,-2.8718121800073801e-07, 6.0076908700015203e-13, 5.9881972655910218e-13             
   19,   13, 7.4501271053528502e-07, 2.2318379857439101e-06, 7.6190761291498786e-13, 7.6488017038419472e-13             
   19,   14,-1.2603871777082800e-07, 5.3990214015904202e-07, 8.5822719947665768e-13, 8.5953348148647184e-13             
   19,   15, 8.3910205810619005e-08, 8.2508197822868897e-08, 9.5803117334877481e-13, 9.5019684794506458e-13             
   19,   16,-5.5142610781185500e-08, 6.8949621725192397e-07, 1.3519990954384650e-12, 1.3466045410323895e-12             
   19,   17,-1.0690616880021701e-06,-1.8686514182885400e-06, 1.2115633219561713e-12, 1.2083343898020187e-12             
   19,   18, 1.1238298247504601e-06,-2.1666248158956602e-08, 1.9138543546687391e-12, 1.9056656573408877e-12             
   19,   19, 6.0201984004023204e-07, 3.6540764196074999e-07, 2.8092911694707987e-12, 2.8058783880867894e-12             
   20,    0, 3.3556393418166998e-07, 0.0000000000000000e+00, 7.6740860516868083e-14, 0.0000000000000000e+00             
   20,    1,-1.9705500886049300e-07,-3.8256953416357802e-07, 6.7732629518735524e-14, 1.0147068811640208e-13             
   20,    2, 8.1279557783771603e-07, 3.4113911585230098e-09, 8.0165591621453520e-14, 7.4932143136182334e-14             
   20,    3, 6.3521340003391698e-07,-2.6548864421421498e-07, 9.5520407682232485e-14, 1.1341357640171448e-13             
   20,    4, 4.6355516632032101e-07,-4.8885269630769798e-07, 1.0302982121637661e-13, 1.0607325213651007e-13             
   20,    5, 2.1898635497341599e-07,-3.0314715098746698e-07, 1.2498248923737124e-13, 1.2746925717387500e-13             
   20,    6,-1.9131047120890199e-07, 3.2994354745346698e-07, 2.1177592721193284e-13, 2.0730295683180266e-13             
   20,    7,-6.7594617167956601e-07,-7.3148463603077595e-07, 1.6233714551837746e-13, 1.6237385040368143e-13             
   20,    8, 2.3456886252995600e-07, 6.9278254599023303e-08, 3.7842993391400609e-13, 3.7356204480533806e-13             
   20,    9,-3.8465391009429201e-07, 1.0987630752450100e-07, 2.5624032764194390e-13, 2.5408474568906825e-13             
   20,   10, 3.2598379951856000e-07, 4.8896935389699398e-08, 5.2351415607346049e-13, 5.2195507258508176e-13             
   20,   11, 2.4530140034741300e-07, 1.1294365293916100e-06, 4.3170069404411498e-13, 4.4924390896589143e-13             
   20,   12, 1.3112361692851499e-07,-9.8323484191832097e-07, 5.8502217922199589e-13, 5.8470745374266005e-13             
   20,   13, 8.3047122180577199e-07, 6.1765751818281097e-07, 6.9808348159541271e-13, 6.9250811529249618e-13             
   20,   14,-1.4623854889227601e-07, 8.2837126494167395e-08, 6.1227609818821441e-13, 6.2915417482730493e-13             
   20,   15,-3.2470628942656101e-07, 9.1982195528301598e-08, 9.6911147690337807e-13, 9.8491724259257483e-13             
   20,   16, 9.2834454842194903e-07,-6.1159922213948296e-07, 7.8054393513109425e-13, 7.9065071496208378e-13             
   20,   17, 7.9326145024313204e-07,-1.1850621334166299e-06, 1.2904614454838107e-12, 1.3045544786433427e-12             
   20,   18, 8.4497705466745799e-07,-3.4204869764265297e-08, 1.2258690927619059e-12, 1.2296841771887383e-12             
   20,   19,-2.1724430199914200e-07, 3.0516932022167699e-07, 1.7122892749053536e-12, 1.7146332319219404e-12             
   20,   20,-1.3523396344793900e-07,-3.5878114300843799e-07, 2.7619350390263181e-12, 2.7219726209505137e-12             
   21,    0,-5.6015259688428598e-08, 0.0000000000000000e+00, 8.3976068816962617e-14, 0.0000000000000000e+00             
   21,    1, 3.7751768107516901e-08, 5.5305762897819195e-07, 7.8150446723063199e-14, 1.1043026843029783e-13             
   21,    2,-1.3638410691636899e-06,-3.9097973235392002e-07, 8.1587889538000478e-14, 8.5621839877365036e-14             
   21,    3, 3.4527128721245400e-07,-9.2832388438376998e-07, 8.6940753201925928e-14, 1.5322173916543246e-13             
   21,    4,-7.6380147218106297e-07, 7.4187862349910305e-07, 1.1584055608981146e-13, 1.1010023574229596e-13             
   21,    5, 3.3331649522089901e-07, 9.0153580032418995e-08, 1.2255834091215141e-13, 1.3587058665815772e-13             
   21,    6,-6.2288591224224201e-08,-4.0219146691822702e-07, 1.9435427197064280e-13, 1.8801640149677452e-13             
   21,    7,-3.7533026434864301e-07, 6.1923060689608801e-07, 1.6378431331050419e-13, 1.7291262014826112e-13             
   21,    8,-8.1130242788742804e-07,-3.2537325188674700e-08, 2.9676689838761711e-13, 2.9630656391698231e-13             
   21,    9, 6.0754325484463502e-08,-5.4162622082847897e-07, 2.3792665070052455e-13, 2.4262997234263132e-13             
   21,   10, 4.7927843309342003e-07,-5.7367728791052997e-08, 3.9032722679104598e-13, 3.8599478031549481e-13             
   21,   11,-3.1497249560487302e-07,-1.7308138848230399e-07, 3.9703509676541582e-13, 3.9754326689523646e-13             
   21,   12,-2.9376771149418202e-07, 4.0394967132374000e-07, 4.7140248061385803e-13, 4.7321995973046497e-13             
   21,   13,-2.7138057791055101e-07,-1.7687978851867301e-07, 6.0038874157206123e-13, 6.0014272538194910e-13             
   21,   14,-1.5907275160660199e-07, 3.4867545658942403e-07, 6.0943923870405149e-13, 6.1137545100047148e-13             
   21,   15,-3.7683079574517400e-07, 1.9265453206231801e-07, 7.8662556301119188e-13, 7.7873323475267611e-13             
   21,   16, 1.1352323099478099e-06,-2.9197994182681098e-07, 9.1747865222241809e-13, 9.1398518507084002e-13             
   21,   17, 8.6911310807090203e-07, 1.4667869849842901e-06, 9.0676684915958852e-13, 9.0385795058420345e-13             
   21,   18,-1.1156076941433000e-07,-6.0637676301404901e-07, 1.3589082291492560e-12, 1.3593627845530178e-12             
   21,   19, 1.8720968744854099e-06, 1.4892778622371801e-07, 1.1704323263121171e-12, 1.1642581822108522e-12             
   21,   20,-4.3210128684845598e-07, 2.5440900911036401e-06, 1.7878773019474099e-12, 1.7853800065972959e-12             
   21,   21,-3.3409329476312902e-07, 3.2410582600904902e-07, 2.6630324305270811e-12, 2.6595976712325473e-12             
   22,    0,-8.4139618486980895e-08, 0.0000000000000000e+00, 7.5129919288453048e-14, 0.0000000000000000e+00             
   22,    1,-3.0287380235929601e-07, 2.5147157858933299e-07, 6.6910764478018890e-14, 7.6684505165453425e-14             
   22,    2,-3.6293119895508300e-07,-9.0166676893861301e-08, 9.8454002154921855e-14, 7.1712251983652091e-14             
   22,    3, 5.9072506315329696e-07, 6.5822516396745998e-07, 8.0989317744807776e-14, 8.6350130949330077e-14             
   22,    4, 3.5594989485429699e-07, 7.1572082450172501e-08, 9.1841214260721709e-14, 1.0753065480239001e-13             
   22,    5, 4.7670078390774600e-07,-7.7164587200223501e-07, 1.0829885573080920e-13, 1.0864046931875816e-13             
   22,    6,-2.3595184657414600e-07, 1.8391467869578599e-07, 1.6436815094930477e-13, 1.7549161015715287e-13             
   22,    7, 3.6932278004809998e-07, 6.6403050858219003e-07, 1.4096166096449864e-13, 1.4084678791619078e-13             
   22,    8, 1.7501466676521800e-07,-4.0712790255587001e-07, 3.1143881841056212e-13, 3.1141980719753457e-13             
   22,    9, 7.3847013220655001e-07, 1.1884837778775100e-07, 2.0310031368168250e-13, 2.0003501228852820e-13             
   22,   10,-3.8567215092195301e-07, 6.0464902335058297e-07, 4.3360060641974039e-13, 4.3468459307158396e-13             
   22,   11,-3.6514778402240600e-07,-7.1024496265574499e-07, 3.2525586655979876e-13, 3.3770827992143994e-13             
   22,   12,-2.2460740236592799e-09, 4.0208585252943602e-08, 5.0769053874198881e-13, 5.1219540946428972e-13             
   22,   13,-3.3941291711440301e-07, 2.0157390513871001e-07, 5.3084572237934335e-13, 5.2110321569714062e-13             
   22,   14,-9.2731490087330404e-07, 1.1890245328426000e-06, 5.3072772348457947e-13, 5.4007528573546145e-13             
   22,   15,-2.1271854289857100e-07,-1.7689468426444100e-07, 7.3713491458314009e-13, 7.4920712802674328e-13             
   22,   16,-6.1872658764657497e-07, 4.7936080613728301e-07, 6.1418317047617137e-13, 6.1668083343399343e-13             
   22,   17,-7.0965466496074504e-07,-7.6590229587927100e-08, 9.7029240370234659e-13, 9.8067718556238355e-13             
   22,   18, 5.1801072459992802e-07,-2.6671417406713200e-07, 8.2768993836966040e-13, 8.3108604592874414e-13             
   22,   19,-4.9810877922255105e-07, 3.2541862413424598e-07, 1.2704751510637776e-12, 1.2704806829047535e-12             
   22,   20, 6.6661821933251699e-07,-5.1406632212268700e-07, 1.2601129208168437e-12, 1.2329417371741530e-12             
   22,   21,-1.6864244743700001e-07, 7.6231017292570605e-08, 1.6728460409245867e-12, 1.6716564316827406e-12             
   22,   22, 3.5616368485771499e-07, 6.5645138776216197e-07, 2.7159389623094428e-12, 2.6919793572855270e-12             
   23,    0,-3.8543619125108401e-07, 0.0000000000000000e+00, 9.9372674514424560e-14, 0.0000000000000000e+00             
   23,    1, 2.8358252043580601e-07,-8.3442279420501596e-07, 7.3026314269976121e-14, 7.5872164572723958e-14             
   23,    2, 4.5727443723719301e-07,-8.7210310720770799e-08, 8.1842940507507298e-14, 8.2012950565099419e-14             
   23,    3,-6.9578981002516001e-07, 3.1907763143363598e-07, 9.4541657812249349e-14, 9.9336305697753578e-14             
   23,    4, 4.1136654868411101e-07,-6.0013108939862005e-07, 1.1355397058950939e-13, 1.0296268567409221e-13             
   23,    5,-2.2635980544331601e-07, 7.3085819447249502e-07, 1.1734109975319419e-13, 1.2754627158960087e-13             
   23,    6, 4.0216804701752799e-07, 9.6256107999210598e-08, 1.5843736395658632e-13, 1.5950932979939045e-13             
   23,    7, 4.1549663228488798e-07,-7.7674512152059397e-07, 1.4556474153686007e-13, 1.5076857581743002e-13             
   23,    8, 3.4876052546848101e-07,-3.5052286464890702e-07, 2.4053259439112810e-13, 2.5271068528664460e-13             
   23,    9, 1.0142718314538701e-06, 7.2356625664386604e-08, 1.9871131854784158e-13, 2.0050774287370772e-13             
   23,   10,-6.9901916812605096e-07, 1.7248301626757800e-07, 3.2635917869304792e-13, 3.2506252872750139e-13             
   23,   11, 2.9625824069335801e-08, 1.5832109762058000e-07, 3.1229756351214479e-13, 3.1280193827567675e-13             
   23,   12, 3.1641847167560802e-07,-4.7332386315347701e-07, 3.9011621716073108e-13, 3.9259219571200229e-13             
   23,   13,-7.7946562677404003e-07, 2.2609449916845399e-07, 4.8416955202693701e-13, 4.8041534041547746e-13             
   23,   14, 7.5231374773413497e-07,-4.3212989233136101e-07, 4.7659844460994393e-13, 4.7546388616831232e-13             
   23,   15, 2.7364715048553702e-07, 6.5430680971871498e-08, 6.5209289217234408e-13, 6.4602616728194014e-13             
   23,   16,-5.7252676660658203e-07, 2.6363203003740899e-07, 6.5148621424155842e-13, 6.5026269510991384e-13             
   23,   17,-3.3067039194755498e-07,-3.8344707679714698e-07, 7.7188951316340075e-13, 7.6732135447474356e-13             
   23,   18,-3.3685338906490599e-08, 3.0459708440429399e-07, 9.6199785541761368e-13, 9.6001846553810868e-13             
   23,   19,-4.3549393825380300e-09,-6.0954991258959994e-08, 8.6293148520497021e-13, 8.6105138591598865e-13             
   23,   20,-1.9922151487676499e-08, 3.8103241736321699e-07, 1.3323091757005094e-12, 1.3321050353448062e-12             
   23,   21,-5.9118683659416995e-07, 3.0421129589767200e-07, 1.1422000759276755e-12, 1.1414414493732134e-12             
   23,   22,-9.8599959145984197e-07,-4.8887325559004300e-07, 1.6640397515729105e-12, 1.6748104563874934e-12             
   23,   23,-1.0613701237799101e-06, 2.4943788367036002e-07, 2.5563179834607020e-12, 2.5192827897515854e-12             
   24,    0, 3.9875134659108003e-09, 0.0000000000000000e+00, 8.1441969815059124e-14, 0.0000000000000000e+00             
   24,    1, 3.3903545674915901e-07,-2.7290553166373900e-07, 6.9856712097260293e-14, 8.0202945786322990e-14             
   24,    2, 4.2138782084807900e-07, 3.6304874742960100e-07, 1.0829931740721854e-13, 7.4114166783127685e-14             
   24,    3,-1.0469577015739200e-07,-9.5266629847752397e-07, 8.4254261326320559e-14, 1.0434918078946201e-13             
   24,    4, 5.2016305785652696e-07, 1.9665237580596801e-07, 1.0931249334847712e-13, 8.8150560612238314e-14             
   24,    5, 4.7080044086092200e-08,-1.0137828892466100e-07, 1.0113657526408056e-13, 1.0517338214682180e-13             
   24,    6,-3.8014784310386999e-07, 2.9734468132028300e-08, 1.5046076858621631e-13, 1.4682497511147202e-13             
   24,    7, 3.5110657333940402e-07, 1.4658609551291999e-07, 1.2794077984139591e-13, 1.2490850604803539e-13             
   24,    8, 5.3632714509237398e-07, 2.1265853575139100e-07, 2.5512979583642918e-13, 2.5222235095458824e-13             
   24,    9,-6.1081399662168099e-07,-7.0161189520682706e-08, 1.7167850004159708e-13, 1.6607167557498491e-13             
   24,   10,-4.2911876368381503e-07, 1.3484819485000199e-07, 3.6996189579196118e-13, 3.6886582339046570e-13             
   24,   11, 2.0687913573200100e-07,-3.8091708914423799e-07, 2.5761339971952200e-13, 2.6763451247587133e-13             
   24,   12, 1.2048870881647799e-06,-4.1641818897489302e-08, 4.4294935332437807e-13, 4.4442952653897961e-13             
   24,   13, 3.3259886357657200e-07,-3.8346422737526699e-07, 4.0724958152877018e-13, 4.1342002930844992e-13             
   24,   14, 8.1690576479970404e-07,-6.4802145996798703e-07, 4.7295103872243725e-13, 4.7852433915482393e-13             
   24,   15,-1.8373913719332600e-07, 3.8071839120834101e-07, 5.8023790088951598e-13, 5.8941917902495429e-13             
   24,   16, 2.6192223990373500e-07,-2.1379340726780401e-07, 5.1561113685180818e-13, 5.1857156100983753e-13             
   24,   17, 5.8499008693022296e-07, 2.5157200979800298e-07, 7.6193242241713142e-13, 7.6559843672050748e-13             
   24,   18,-9.9561890420935500e-07,-6.5335768844856599e-07, 6.4452704025759831e-13, 6.4351096412256890e-13             
   24,   19, 4.6417048692270700e-07,-6.3136158150665199e-07, 9.6899079126699116e-13, 9.7161638577460200e-13             
   24,   20,-3.4930054642944301e-07,-1.6876568919436000e-07, 8.7632278734488843e-13, 8.6889087325519220e-13             
   24,   21, 2.9854987848658699e-07, 1.5772389358624201e-07, 1.2580454130559337e-12, 1.2608036928359353e-12             
   24,   22, 1.2070467564717299e-07, 7.2388991997225399e-07, 1.2627928185003697e-12, 1.2590080673602891e-12             
   24,   23,-1.7721407992948101e-08,-3.5688471380353601e-07, 1.6382300002195272e-12, 1.6496604483775263e-12             
   24,   24, 9.7084507618342892e-07,-9.4455657828875201e-07, 2.6795583370456656e-12, 2.6958487233258964e-12             
   25,    0,-2.1576130052755901e-07, 0.0000000000000000e+00, 8.2454464017250327e-14, 0.0000000000000000e+00             
   25,    1,-4.8563687292126298e-08, 5.2918312824380705e-07, 6.4987964173834787e-14, 9.7139086961092431e-14             
   25,    2,-6.6136824502632201e-07, 5.3922730229754000e-08, 7.5681891059288482e-14, 8.3508096997657144e-14             
   25,    3, 6.7436273441943301e-07,-1.4573583687116401e-07, 7.3369282788801012e-14, 1.1194903732468130e-13             
   25,    4,-5.7905270199095998e-07,-7.0999536810675406e-08, 9.8220462247864175e-14, 1.0563898082853844e-13             
   25,    5, 2.0060909660886999e-07, 8.1016753617233104e-07, 1.0214986077670535e-13, 1.2111553157588459e-13             
   25,    6,-2.5387755686275798e-07, 3.3451174846860598e-07, 1.7370354619971932e-13, 1.4375182615828824e-13             
   25,    7, 6.9086317086685303e-07, 9.6654481039783200e-07, 1.5489299907927987e-13, 1.5744430819110640e-13             
   25,    8,-9.9873264359969509e-07, 9.9576981613371309e-07, 2.1339860627723328e-13, 2.0422162838478067e-13             
   25,    9,-3.5555161075366900e-07, 9.8355837437103599e-08, 2.0137361216231447e-13, 1.8334623741160994e-13             
   25,   10,-2.2367770561909202e-08, 7.1261130970326796e-07, 2.7138842570204927e-13, 2.7346970978458181e-13             
   25,   11,-2.5917990595968300e-08,-3.9926504403846898e-07, 2.6063634502374869e-13, 2.5258815717061278e-13             
   25,   12, 1.2793046079548200e-07, 4.4252536489517600e-09, 3.3330546499836957e-13, 3.3633927081290418e-13             
   25,   13, 3.1799307573527398e-07, 2.7378150637986401e-07, 3.9396509858230546e-13, 3.8980480592278404e-13             
   25,   14,-6.3983473853894400e-07, 6.8484940873311598e-07, 3.9496828444695820e-13, 3.9219370649632916e-13             
   25,   15, 1.4742876579982699e-07, 3.7083688681958200e-08, 5.4304649608746639e-13, 5.3930243936006498e-13             
   25,   16, 2.2049859361156401e-07,-5.9423270437984601e-07, 5.0113717102513877e-13, 4.9809794274622207e-13             
   25,   17, 3.1173749509825598e-08,-4.8679237314076905e-07, 6.6644265873350180e-13, 6.5908184306911616e-13             
   25,   18,-8.4567488911533198e-08, 1.3246455974847699e-07, 6.9999160601256104e-13, 6.9875127985931507e-13             
   25,   19,-8.1874897279875797e-07,-1.3337913222670601e-07, 7.4119724509699379e-13, 7.4295018211822651e-13             
   25,   20,-4.5652427057841099e-08,-4.0076435583080598e-07, 9.8173252697755735e-13, 9.8259706977194489e-13             
   25,   21, 6.8253038474541898e-07,-2.9077486843779499e-07, 8.3397914706383352e-13, 8.3782646278849212e-13             
   25,   22,-3.3871191000444199e-07,-7.8807454653421798e-07, 1.2858555793210154e-12, 1.2909791447981202e-12             
   25,   23, 9.2598748328432400e-07,-3.5882189425236899e-07, 1.1401215551860170e-12, 1.1141427225063850e-12             
   25,   24, 9.2250218764177405e-07,-3.0682558494095801e-08, 1.5697722233912229e-12, 1.5688683869772039e-12             
   25,   25,-1.3161106293378099e-07, 5.6014479280658596e-07, 2.4477632198874930e-12, 2.4232300168498496e-12             
   26,    0, 2.8385043299743400e-08, 0.0000000000000000e+00, 7.1967467589742445e-14, 0.0000000000000000e+00             
   26,    1, 1.6393549585473699e-07, 2.2223682008694101e-07, 6.9772126234720423e-14, 8.8702505281210574e-14             
   26,    2, 6.5852169637597999e-07,-1.9626621506278500e-07, 9.2303471845015592e-14, 7.3141054347264122e-14             
   26,    3, 1.9327521028064000e-07, 6.6447069931684396e-07, 7.1365160544319493e-14, 1.0643714018572306e-13             
   26,    4, 3.4658979098630101e-07, 2.4474225395054400e-07, 8.0037102208137514e-14, 8.7913721437400344e-14             
   26,    5, 6.0304368386926695e-08,-7.7655391876356899e-07, 9.5384178219845511e-14, 9.9250455810594332e-14             
   26,    6,-5.1991153398804403e-07,-1.3504785789366501e-07, 1.4929017491238296e-13, 1.2263592272930984e-13             
   26,    7, 1.1536795236981900e-08,-4.3932483679785200e-07, 1.2081075542206390e-13, 1.2406444397445707e-13             
   26,    8,-1.1407183200844801e-09, 1.5215187467583299e-07, 2.2044004030105475e-13, 2.1632957255097867e-13             
   26,    9, 5.8453476858333201e-08, 7.0090138533654999e-07, 1.4993094248429498e-13, 1.4954716078958127e-13             
   26,   10,-3.0974921145006903e-07,-1.0917370249232500e-08, 3.2052349928587356e-13, 3.1943535843911299e-13             
   26,   11, 1.6355118315059000e-07, 3.2329381141768998e-07, 2.1535154082724242e-13, 2.1842329495987521e-13             
   26,   12,-4.2464413897002202e-07,-7.9008857209806504e-07, 3.8893559010456767e-13, 3.8909578495007972e-13             
   26,   13, 1.3209755725613401e-07, 4.2665295704960601e-07, 3.2953752849996739e-13, 3.2648121683908615e-13             
   26,   14,-1.2049914068406500e-07, 8.8995337261030397e-08, 4.2453682292236596e-13, 4.2784350531216432e-13             
   26,   15, 4.4128038630995800e-08,-2.5429788252547498e-07, 4.6371473582637033e-13, 4.6900928194839441e-13             
   26,   16,-1.0288684383812800e-07, 4.0055935315539800e-07, 4.5252879323507502e-13, 4.5567301356770795e-13             
   26,   17,-3.5849998082579102e-07, 8.4028232194362295e-08, 6.1766116867378466e-13, 6.2018378804983303e-13             
   26,   18, 1.0512662696553100e-08, 2.9970774663049999e-07, 5.3001327603953162e-13, 5.3105209272057023e-13             
   26,   19,-1.9412753064019599e-07, 2.1140897003217699e-07, 7.7288274704271330e-13, 7.7077456757528041e-13             
   26,   20,-2.6011314278503800e-07, 6.8265717580916795e-07, 6.8685907943827841e-13, 6.8527118068587276e-13             
   26,   21,-5.3016797756720398e-07,-5.3774273909197802e-07, 9.6822099518487145e-13, 9.7013656851354043e-13             
   26,   22,-9.3205343571500699e-07, 8.5948359583221303e-07, 9.0798427570184284e-13, 9.0885277445204232e-13             
   26,   23, 1.0345599360013700e-07,-6.2732892476686401e-08, 1.2528597285957608e-12, 1.2626339902833771e-12             
   26,   24,-7.2513885631375696e-07,-1.1702463691751100e-08, 1.2686542482388647e-12, 1.2819041160512164e-12             
   26,   25, 7.4451771390870196e-08,-3.4008358106076600e-08, 1.6228275253909917e-12, 1.6108970566210832e-12             
   26,   26, 1.0970918658352300e-07, 4.7802080527772198e-07, 2.6681718494500511e-12, 2.6936626799969859e-12             
   27,    0,-6.3549167095816203e-07, 0.0000000000000000e+00, 7.7182082408678716e-14, 0.0000000000000000e+00             
   27,    1, 6.1632046346076500e-07, 2.2928581126539299e-08, 7.5338063405005656e-14, 1.0527034727894627e-13             
   27,    2,-2.0498703354113999e-07,-4.2921731179501402e-07, 6.9979001336581647e-14, 1.1051474418237382e-13             
   27,    3, 5.6011012149882799e-07, 8.7394995417482096e-08, 7.5565558682524252e-14, 8.9719745561320184e-14             
   27,    4,-4.0070871403120399e-07, 3.2136313758376702e-07, 8.5913765502711426e-14, 8.0929383513975134e-14             
   27,    5,-6.9045400337574795e-07, 1.3911850693230300e-08, 1.0696387304232933e-13, 9.3343387912089623e-14             
   27,    6, 6.4724401195854404e-09, 4.6319033787931402e-07, 1.2287445714336878e-13, 1.2115520221222971e-13             
   27,    7, 2.5733480829296399e-07,-3.5855600279856102e-07, 1.1916875371059078e-13, 1.1878530112987250e-13             
   27,    8, 4.1261503915406101e-08,-7.5886130858643205e-08, 1.7580577175274877e-13, 1.7638077429663578e-13             
   27,    9,-6.1757425427079401e-07, 1.0023238525575600e-07, 1.6025164770857946e-13, 1.5277049240335645e-13             
   27,   10, 6.5561149715181097e-08,-6.3613436418658301e-07, 2.3830983201836696e-13, 2.3624455220925125e-13             
   27,   11, 3.4534931945622197e-07,-4.3849429760213600e-07, 2.3074969247303698e-13, 2.1527457305597071e-13             
   27,   12,-4.4009672200408402e-07,-5.2051450476133897e-07, 2.9026881054244987e-13, 2.9174778202351952e-13             
   27,   13, 2.3568259942206700e-07,-1.4924546211348099e-07, 3.3332113325655294e-13, 3.2100318163607985e-13             
   27,   14, 4.5929871504918200e-07,-7.2820052189519996e-07, 3.4002077504268158e-13, 3.3832895686334633e-13             
   27,   15, 6.1835183457791106e-08, 4.1027274737706100e-07, 4.5746197239847212e-13, 4.5475091218825891e-13             
   27,   16, 1.5140971780520499e-07, 3.9106635637497199e-07, 4.1039541750327416e-13, 4.0430090235194698e-13             
   27,   17, 1.8811350792843300e-07, 6.8093296283577900e-07, 5.7364029578721189e-13, 5.6906396219578228e-13             
   27,   18, 2.0551647396513400e-07,-6.7879042606989405e-07, 5.3753369318052386e-13, 5.3634902476126658e-13             
   27,   19, 6.8386478781507102e-08,-1.9231076997677001e-07, 6.5406417218191877e-13, 6.5495646049597649e-13             
   27,   20, 3.9416940275124701e-07,-5.2187446185619597e-07, 7.3659104161670372e-13, 7.3956708630376807e-13             
   27,   21, 4.4194990324736001e-07,-4.5876215970874699e-07, 7.1918223874095424e-13, 7.1977924034354256e-13             
   27,   22, 7.9059311397786799e-07, 8.7562038111901295e-07, 9.8405295277727195e-13, 9.8276160478770812e-13             
   27,   23,-6.4892983574538705e-08,-6.4183662356729895e-07, 8.3264492652094330e-13, 8.1919387569711210e-13             
   27,   24, 7.6458702609573696e-07,-1.6422842450114499e-07, 1.2381130923953597e-12, 1.2360062434005034e-12             
   27,   25,-3.7371904033172499e-07, 5.7778945116412000e-07, 1.1237348713650589e-12, 1.1106956722827975e-12             
   27,   26,-4.4889520045593000e-07,-7.2059732035241203e-07, 1.4940035045056983e-12, 1.4872489344180613e-12             
   27,   27,-4.2293930374124299e-07,-2.7709775596254402e-07, 2.3481068860354198e-12, 2.3590309247713755e-12             
   28,    0, 8.3885946402958596e-07, 0.0000000000000000e+00, 1.0767586401566366e-13, 0.0000000000000000e+00             
   28,    1, 3.2876374284561403e-08, 7.9391545575291804e-07, 9.4282081616359859e-14, 1.1762369043763341e-13             
   28,    2,-3.3797311608484598e-08, 7.1047956572632101e-07, 8.7792257741273131e-14, 7.7058302778637992e-14             
   28,    3,-3.0936640446110700e-07,-8.3968635865826598e-08, 9.6253114732606427e-14, 1.0830134191165957e-13             
   28,    4,-9.1686681357583604e-07, 6.4370242276031604e-08, 7.8318583018399995e-14, 7.3892443017582192e-14             
   28,    5, 1.4804475050701999e-07, 4.8948649673137097e-08, 1.0009054392324977e-13, 9.3629341962309040e-14             
   28,    6, 4.6808916973173700e-07, 3.4451832359427700e-08, 1.1344619903310445e-13, 1.1087832339953425e-13             
   28,    7,-3.7644039885380901e-07, 2.6303607486481699e-07, 1.1463642430269922e-13, 1.1137544014627372e-13             
   28,    8,-1.4111893417734200e-07, 3.0332892653588598e-08, 1.8818255510589024e-13, 1.8959537148592691e-13             
   28,    9,-4.2971559106973702e-07,-9.1579199236590897e-08, 1.4755519739439650e-13, 1.3668961027668669e-13             
   28,   10,-3.4817103834205899e-07,-9.0219098984943603e-07, 2.7284214638237765e-13, 2.7508714891599764e-13             
   28,   11, 1.8693538217736299e-07,-4.1832368991133301e-08, 1.9510555720424987e-13, 1.8255742842211093e-13             
   28,   12, 1.1442322161161200e-07,-5.1581475554816897e-08, 3.4388876472067162e-13, 3.4805238378497988e-13             
   28,   13, 3.9175983569903601e-07,-3.4611566698305800e-07, 2.7045257455320170e-13, 2.6471635236391323e-13             
   28,   14, 3.6182744690128801e-07,-2.9470574716657300e-07, 3.7940452293043345e-13, 3.8206554554867931e-13             
   28,   15,-4.4140278959357398e-07, 3.4296019290367103e-07, 3.8774204635641020e-13, 3.8473932007105893e-13             
   28,   16,-2.3873945142669502e-07,-8.4495658167273400e-07, 4.0903552235089349e-13, 4.1211062212057637e-13             
   28,   17,-7.9747812745266505e-08,-1.8880559235944201e-07, 5.0919605502602325e-13, 5.1219804847868032e-13             
   28,   18,-8.5970066918788294e-08, 6.4614032664821399e-07, 4.5582619896862110e-13, 4.5578980949047824e-13             
   28,   19,-1.6294545338297399e-07,-3.7482076480543002e-08, 6.3877461210955020e-13, 6.3859709783027846e-13             
   28,   20, 2.7995713271457102e-07,-5.6838671474392205e-07, 5.6411551291009030e-13, 5.6398090700624120e-13             
   28,   21,-2.5759904536377302e-07, 7.2026190184450001e-08, 7.7694720181593179e-13, 7.7749507240560279e-13             
   28,   22,-6.2045780830401302e-07,-9.2520924798960705e-08, 7.2808187535890898e-13, 7.2869236641046105e-13             
   28,   23,-4.7576986707078398e-09, 2.4501196387606100e-07, 9.6900778603996893e-13, 9.7693550325090170e-13             
   28,   24, 4.0652025593698000e-07, 7.5245992187096401e-09, 9.3167292715748462e-13, 9.4250088077479138e-13             
   28,   25, 4.8133806659428400e-07,-5.1693033069776498e-07, 1.2598931852588656e-12, 1.2523908582914060e-12             
   28,   26, 1.3341196950049800e-07, 9.0869488351801597e-07, 1.2829523352864261e-12, 1.2974914405593485e-12             
   28,   27,-1.5961995785902900e-07, 6.7208011119248395e-07, 1.5883354390703166e-12, 1.5871987941107380e-12             
   28,   28, 1.3382788171082300e-07,-4.4277687399022497e-09, 2.6696839689208577e-12, 2.6801443157864956e-12             
   29,    0,-6.0238913834966497e-07, 0.0000000000000000e+00, 8.5869414711718572e-14, 0.0000000000000000e+00             
   29,    1,-1.5959486975633001e-07,-4.3835296326432601e-07, 9.0577251829291718e-14, 1.1384682483701626e-13             
   29,    2,-2.0327111099551999e-07,-7.0046587741147103e-07, 6.9926660941277434e-14, 7.8550647990675627e-14             
   29,    3,-1.9668731143297400e-07, 2.6593091718177898e-07, 8.7331449110176343e-14, 9.6187438271021266e-14             
   29,    4,-3.0263474900693701e-07, 1.4735702948711699e-07, 8.2554038866907122e-14, 8.1036894804292695e-14             
   29,    5, 2.1962081625856401e-07, 1.6902412446646201e-08, 9.0357612257028308e-14, 8.9285570881040065e-14             
   29,    6,-1.2771610197134099e-07,-1.8810874205359900e-07, 1.1549490031659709e-13, 1.0633824874941716e-13             
   29,    7,-1.0761792902154500e-07,-3.8528927912834498e-07, 1.1514995766089140e-13, 1.0792037350428987e-13             
   29,    8, 4.4411565755889601e-07,-2.2664282373787800e-07, 1.6767596709681825e-13, 1.5260874927640097e-13             
   29,    9, 6.0163844245090001e-08,-6.3603502561078797e-07, 1.3726668815158458e-13, 1.5720268419347229e-13             
   29,   10, 6.2100035371732105e-07, 3.4468702485602500e-07, 2.0653177272989227e-13, 2.0516606189830249e-13             
   29,   11,-7.8445598190521504e-08, 4.3545846923692900e-07, 1.8892520043179148e-13, 1.8613789649973735e-13             
   29,   12,-6.4374941781370303e-07,-4.9186149573008595e-07, 2.6169929554654984e-13, 2.5855768180265736e-13             
   29,   13, 3.6229500272702398e-07, 3.8428592690064198e-07, 2.7336938541244264e-13, 2.7456108981489566e-13             
   29,   14, 1.8837959160040301e-08, 8.0771032821093100e-07, 3.0057585509898681e-13, 2.9754868372567895e-13             
   29,   15,-1.9943154758465200e-07, 6.8859862196813106e-08, 3.8934007503126734e-13, 3.8366863672884208e-13             
   29,   16, 2.6762934308088002e-07,-8.7007687317434395e-08, 3.4635352110531424e-13, 3.4676568814096706e-13             
   29,   17,-4.0445319343938298e-07,-3.0725750687183499e-07, 4.9712678079976887e-13, 4.9232653192585452e-13             
   29,   18,-1.3149115615244600e-07,-5.1530748812623497e-09, 4.3326322179568548e-13, 4.3158609011703027e-13             
   29,   19, 1.0902638986077199e-08,-7.6099518003832306e-08, 5.7471941056007907e-13, 5.7925476498101597e-13             
   29,   20,-6.7463837811944396e-09, 3.8500040067648698e-07, 5.7368359995066754e-13, 5.7770399446657634e-13             
   29,   21, 6.2962790435285797e-08, 2.9334710690561099e-07, 6.3749150265170476e-13, 6.3772745804259671e-13             
   29,   22,-2.4408022273419800e-07,-4.7488723917719498e-07, 7.6349781628031362e-13, 7.6086402838150612e-13             
   29,   23, 1.5765147366061699e-07, 3.2990504445500502e-07, 7.0883244566691263e-13, 7.0241679507889465e-13             
   29,   24, 1.5573142863144601e-08, 3.7198626433394103e-08, 9.6982633343715644e-13, 9.7023841060278675e-13             
   29,   25,-1.3930533581645499e-07, 2.2492795904297699e-07, 8.2941735095772035e-13, 8.2030736276831435e-13             
   29,   26, 2.6431714031559900e-07,-3.9469141645627801e-07, 1.1911400875767686e-12, 1.1847508213266396e-12             
   29,   27, 2.0611408693395900e-07, 1.9118907968182500e-07, 1.1040090984337751e-12, 1.1140934555950437e-12             
   29,   28,-1.1515909267321800e-07, 2.4933268140475100e-07, 1.4327778157428885e-12, 1.4322100524102266e-12             
   29,   29, 1.8428173193268300e-07,-1.4603317758777001e-07, 2.2891959115279554e-12, 2.2892873782218708e-12             
   30,    0, 1.0132802092448500e-07, 0.0000000000000000e+00, 7.3240301826036046e-14, 0.0000000000000000e+00             
   30,    1,-2.9447645628603899e-07,-4.2895148875335402e-09, 6.8338920101783006e-14, 6.6097288767405617e-14             
   30,    2,-2.1644107646914901e-07,-2.3228592120124600e-07, 7.8715716802527667e-14, 8.6050768872280987e-14             
   30,    3,-3.6167061049331302e-07, 3.5142956339824998e-07, 7.7819496562864505e-14, 7.6374945134691506e-14             
   30,    4,-6.2267375762173806e-08,-2.2227383044029200e-07, 7.5914885345916201e-14, 7.8833257053910632e-14             
   30,    5, 1.8579246329080299e-07,-3.1264516338523700e-07, 8.4056412530842577e-14, 8.3635690953302574e-14             
   30,    6, 2.4009414423791299e-08, 3.4778597571552402e-07, 1.0929224779145922e-13, 9.9951017444922870e-14             
   30,    7,-3.4482259371106502e-07,-3.0798815993334601e-07, 1.0188644218651495e-13, 1.0347434963439089e-13             
   30,    8,-3.8536844957074001e-07,-3.3590555249380100e-07, 1.6598520843864828e-13, 1.6516974978127644e-13             
   30,    9,-2.6761379488018301e-07, 5.0514997896314199e-08, 1.2858917602381856e-13, 1.3332222614427084e-13             
   30,   10,-1.1477990219944399e-07,-1.0087060665748900e-07, 2.3815916245258432e-13, 2.3992525952547953e-13             
   30,   11, 7.0851631951921998e-09,-2.3482232802082000e-07, 1.5888191698159859e-13, 1.5960358072775158e-13             
   30,   12,-2.7380250535170403e-07, 2.3864284840772998e-07, 3.0309220546946067e-13, 3.0497864623941763e-13             
   30,   13, 1.1143173082236900e-07, 3.9144993897315701e-07, 2.3212768276161639e-13, 2.2555602179924845e-13             
   30,   14, 4.9972159349810401e-07,-2.0571449059799800e-07, 3.4778639093330755e-13, 3.4668921938177445e-13             
   30,   15,-3.4080792841889601e-07, 1.6595242831383899e-07, 3.2181903482789303e-13, 3.2663464891762660e-13             
   30,   16, 2.3558493023833301e-07,-2.6935610885392302e-07, 3.6926522786231338e-13, 3.6958884747865013e-13             
   30,   17, 3.2769285175563699e-07, 3.5032838069259601e-07, 4.3062995420166703e-13, 4.3019937928429774e-13             
   30,   18, 2.9618777460628298e-07, 3.2052739694077897e-08, 4.0708714293274101e-13, 4.0705350256959807e-13             
   30,   19,-1.6171101551123601e-07, 5.7292436078918101e-08, 5.4002820011635342e-13, 5.3960358276156603e-13             
   30,   20,-1.5446377369628000e-07,-2.5561978539828299e-08, 4.7810222010704263e-13, 4.8012149286459336e-13             
   30,   21,-2.5364476273365198e-07,-1.9517604557633800e-08, 6.4938700547766495e-13, 6.5092939042565774e-13             
   30,   22,-1.3969180192410900e-08, 3.9291021136746699e-07, 6.0446434696079991e-13, 6.0641699554677587e-13             
   30,   23,-4.3823804030746599e-07, 1.4390907005141700e-07, 7.8194691750411994e-13, 7.8645595347561154e-13             
   30,   24, 1.3461918789363200e-07, 4.5292879609764002e-08, 7.6057960695644531e-13, 7.6838841981990200e-13             
   30,   25, 1.5780316562573099e-07, 2.4611093917700902e-07, 9.8129464475323499e-13, 9.7886526856758380e-13             
   30,   26, 5.5107964914773998e-08,-3.7054755333751898e-07, 9.5384011026827233e-13, 9.6479553322630426e-13             
   30,   27,-1.2213122670230101e-07, 3.3907457801039602e-07, 1.2532454469047604e-12, 1.2487325810364022e-12             
   30,   28,-1.3790025927212000e-07,-6.1699024544759398e-07, 1.3008607894071619e-12, 1.3113887568468021e-12             
   30,   29, 1.6926695223976600e-07,-1.4046079303513201e-07, 1.5553794639087228e-12, 1.5570381322949461e-12             
   30,   30,-3.2420162085607699e-07, 9.5829401748276791e-07, 2.6765136411839417e-12, 2.6638040543816047e-12             
   31,    0, 5.4294100165535701e-07, 0.0000000000000000e+00, 8.7431980163934708e-14, 0.0000000000000000e+00             
   31,    1, 8.3105212041106992e-09,-4.1949074809703903e-07, 7.1360640289155611e-14, 9.3861554968554674e-14             
   31,    2, 2.4669425507946700e-08, 1.2609828946324900e-07, 1.0871883506874888e-13, 6.6834597845960819e-14             
   31,    3,-6.0443493091567103e-08,-5.4131647394203801e-07, 7.8756519306655312e-14, 8.5450084768477006e-14             
   31,    4, 4.3178197739412400e-07, 2.0353390655182500e-07, 9.9201308285297164e-14, 8.4135582086052200e-14             
   31,    5,-3.9945690708224400e-07,-1.7819002806842301e-07, 8.8903569210695698e-14, 1.0872922100790310e-13             
   31,    6, 2.0720581052938300e-07, 1.0424380194056300e-07, 1.0876894596340202e-13, 1.0024121861245301e-13             
   31,    7, 3.6032166846056099e-07,-2.1882354704219500e-07, 1.0326518694169407e-13, 1.2182411675943379e-13             
   31,    8, 4.9141820381610304e-07,-2.6523306907390300e-07, 1.3813853052575146e-13, 1.3571663511862598e-13             
   31,    9,-4.1185443414627599e-07,-1.2815741786912701e-07, 1.3175792538123323e-13, 1.5963556918027133e-13             
   31,   10, 7.9130823036981495e-07,-2.3815429006626701e-07, 1.8688855999509996e-13, 1.8238951208313744e-13             
   31,   11, 1.3244504804294900e-07, 5.0008444453910205e-07, 1.6741078327825056e-13, 1.6962423503916576e-13             
   31,   12,-1.4601329365441700e-07, 2.9773525130229700e-07, 2.3628536685043768e-13, 2.3304577830023763e-13             
   31,   13, 3.4536271728850898e-07, 3.6085261152370401e-07, 2.3656161923309320e-13, 2.3372141573184811e-13             
   31,   14, 5.0225747975530398e-08, 1.9051412215750801e-08, 2.7101748465038970e-13, 2.6930065595668930e-13             
   31,   15,-4.0420739990005100e-07,-1.3635321260053300e-08, 3.3104314865040447e-13, 3.2901418120771112e-13             
   31,   16,-7.2606918415405801e-09,-3.0000220709822400e-07, 3.0672363642664103e-13, 3.0789175737539439e-13             
   31,   17,-1.4975368745434200e-07,-1.6141966423725901e-08, 4.3287822984287461e-13, 4.2601009410015238e-13             
   31,   18, 2.8246009912905600e-07,-3.6539873243336798e-07, 3.6367565320978842e-13, 3.6177654697004194e-13             
   31,   19,-6.0224686723581797e-09,-5.1441796330569099e-08, 5.0807461162144413e-13, 5.1264135812655525e-13             
   31,   20,-3.6323759611574498e-08,-1.5726945404583701e-07, 4.6306434333601168e-13, 4.6755224961017998e-13             
   31,   21,-2.8022614718463599e-07,-9.6109034808477802e-08, 5.7177623079962253e-13, 5.7096557137311706e-13             
   31,   22, 2.9875544520407200e-07,-1.6215339393660301e-08, 6.0993919781365387e-13, 6.0907956230377333e-13             
   31,   23, 1.0865796519213299e-06, 6.2081919900850202e-07, 6.2766340618081301e-13, 6.2345891578456259e-13             
   31,   24, 1.5158534138445101e-07,-1.0325160451490300e-07, 7.7367116771566269e-13, 7.7450160776028993e-13             
   31,   25,-6.1106067749804504e-07,-1.3923246199135899e-07, 7.0615478431415649e-13, 6.9819859586406684e-13             
   31,   26,-3.2594571590034700e-07,-4.2342532849296499e-07, 9.5125634231888488e-13, 9.4813846942422708e-13             
   31,   27, 5.4713491887567103e-08, 2.4543762957642200e-07, 8.2726413895854229e-13, 8.3395986054771444e-13             
   31,   28, 5.2039518722311998e-08,-2.8870312820655899e-07, 1.1463251541070445e-12, 1.1447509394763034e-12             
   31,   29, 4.4037483632227601e-07, 2.5406077463745401e-07, 1.1028783964641609e-12, 1.1034000378558999e-12             
   31,   30, 1.1539936149829700e-08, 1.5608269108540800e-07, 1.3931490266847264e-12, 1.3915096938312697e-12             
   31,   31, 1.9651148764003599e-07,-1.9282557410762501e-07, 2.2373554965808650e-12, 2.2422136417476085e-12             
   32,    0,-3.2227581223917902e-07, 0.0000000000000000e+00, 7.5944378481296985e-14, 0.0000000000000000e+00             
   32,    1,-2.8412933325435601e-07, 2.1264350366813401e-07, 6.5976941854908621e-14, 1.2484392477206943e-13             
   32,    2,-6.3146370377706702e-07, 7.1271709323709398e-08, 7.8603098129279394e-14, 6.9359106551767262e-14             
   32,    3, 9.9557196065714397e-08,-2.5142666240652900e-07, 7.5602387367913487e-14, 9.7154727752263410e-14             
   32,    4, 1.7166177121579599e-08,-1.0924503063336600e-07, 1.0388196300462687e-13, 7.4072650560585192e-14             
   32,    5,-1.7485574719311599e-07,-5.1582873670265401e-07, 9.2765336350839361e-14, 9.6062947435630148e-14             
   32,    6, 2.0808542717191401e-07,-2.7574946579174100e-07, 1.2727920525824297e-13, 1.0193966958655159e-13             
   32,    7,-1.7957957910448001e-07,-5.3473761830845999e-07, 9.8077802672061770e-14, 1.0310730941253289e-13             
   32,    8, 3.6450781151933001e-08, 6.7189284621213307e-08, 1.4767192694867414e-13, 1.4880315007022675e-13             
   32,    9,-1.1499406442188900e-07, 4.2240843829412698e-07, 1.1707505686256985e-13, 1.1456836560600963e-13             
   32,   10, 1.4527002985463999e-07, 1.9881835759057601e-07, 2.1392928661104206e-13, 2.1436213934636611e-13             
   32,   11,-1.2243895803382701e-07,-1.3345299157504301e-07, 1.4505229465644006e-13, 1.5319403958405677e-13             
   32,   12, 3.2430690293826100e-07, 4.2324099007542098e-08, 2.7238581610431332e-13, 2.7388813430351405e-13             
   32,   13,-9.9466916892492702e-08,-1.9109055755683701e-07, 2.0052097488914421e-13, 1.9784190977126186e-13             
   32,   14, 1.8499268479497201e-07,-2.9948703829718002e-07, 3.1241246772621772e-13, 3.1565488671741824e-13             
   32,   15,-3.7108526202298899e-07, 2.8138488066603399e-07, 2.7544437480182813e-13, 2.7760177644359331e-13             
   32,   16,-9.7670014301010295e-08, 3.6036977562185299e-08, 3.3844774928168356e-13, 3.4329091617714368e-13             
   32,   17,-4.1095891901563201e-07,-1.5055308165525499e-07, 3.6989445899651671e-13, 3.6855088403793232e-13             
   32,   18, 3.9588857390424297e-07, 8.5674558007120995e-08, 3.6469811117530092e-13, 3.6668645457492569e-13             
   32,   19, 1.5591171847441199e-08, 2.6230800885146197e-07, 4.6348991388284083e-13, 4.6622176309590771e-13             
   32,   20, 3.6433575921159398e-07,-4.2951654778737501e-07, 4.2068687929036037e-13, 4.2097991727483788e-13             
   32,   21, 3.4902594933235499e-07, 1.6106317049917999e-07, 5.5884936786837261e-13, 5.5868271875933067e-13             
   32,   22,-4.5239371367912800e-07, 7.1765497998515099e-08, 5.1390540487293800e-13, 5.1611300518214631e-13             
   32,   23, 1.7472207442318999e-07,-1.5208054117077899e-07, 6.5706870271166355e-13, 6.6267846356788884e-13             
   32,   24,-1.1547015410970800e-07, 1.1083805261793300e-07, 6.4068064669660043e-13, 6.4519079069728021e-13             
   32,   25,-1.1277768281493300e-07, 2.4675452132479102e-07, 7.9474321276586611e-13, 7.9434259794707354e-13             
   32,   26, 5.6509198714763895e-07, 6.0162232078034605e-08, 7.8782501717531058e-13, 7.9555036504401405e-13             
   32,   27, 1.1807835390158300e-07, 4.0424110630177202e-07, 9.8877827942460280e-13, 9.8395045661982882e-13             
   32,   28, 4.2697822408352099e-07,-1.7328737070971300e-07, 9.7505815519826816e-13, 9.8170214541323239e-13             
   32,   29, 1.7611603194563300e-07, 4.9469656488411195e-07, 1.2383455841944279e-12, 1.2424110834094194e-12             
   32,   30,-3.1548129640079397e-07,-4.1228415876675300e-07, 1.3271279748604780e-12, 1.3199107069774165e-12             
   32,   31, 3.4305007980305602e-07,-2.6563817299400500e-07, 1.5209333917457438e-12, 1.5262850751054126e-12             
   32,   32, 1.6253465473738600e-07,-5.4239505345362503e-08, 2.6636756290954497e-12, 2.6617209600138669e-12             
   33,    0, 1.0806594047442600e-07, 0.0000000000000000e+00, 6.9851791691323643e-14, 0.0000000000000000e+00             
   33,    1, 1.8399533926796299e-07,-5.4601751390218799e-08, 7.9483347967187674e-14, 1.0487119651602384e-13             
   33,    2, 6.7162516485324399e-07,-3.3275132521727999e-07, 8.4197956130929086e-14, 7.3842721823140749e-14             
   33,    3, 1.0181722626879700e-07, 5.8237705861787996e-07, 7.7097589084133309e-14, 1.0279556326990575e-13             
   33,    4, 1.4522531247872200e-07, 1.5336920169592800e-07, 9.6334319750202546e-14, 8.5566666752792887e-14             
   33,    5, 2.6779753116339498e-07, 1.1349512818231500e-07, 8.4770946395554871e-14, 8.7540440459275698e-14             
   33,    6,-2.1957300212381500e-07,-1.2527337356754801e-07, 9.5124504634547418e-14, 1.1854403320898636e-13             
   33,    7, 6.0332892482571398e-07, 9.7188334621239100e-08, 1.0465976003934463e-13, 9.6638466400962730e-14             
   33,    8, 2.4331612257179001e-07, 3.5156262774587303e-07, 1.2769879703140412e-13, 1.4346228913951689e-13             
   33,    9, 3.6094725756516898e-07, 2.6887152977040398e-07, 1.2328390627116925e-13, 1.1731669073643629e-13             
   33,   10,-2.5872816125649798e-07, 1.3491837232947900e-07, 1.6620768127034959e-13, 1.6946664645402918e-13             
   33,   11, 1.0423919607821600e-07, 1.8510192187863801e-07, 1.5388880384159183e-13, 1.5123487951275223e-13             
   33,   12, 2.8366293063816699e-07,-1.0208553619270500e-08, 2.0628130230014020e-13, 2.0860834451923115e-13             
   33,   13,-3.8374460213788700e-07,-2.8814658654457702e-07, 2.0939278714381158e-13, 2.0660690567640290e-13             
   33,   14,-2.7065240059205398e-07, 1.4842212724716600e-07, 2.4680606131413005e-13, 2.5290080492995214e-13             
   33,   15,-1.8161536747287701e-07, 6.7819043330712700e-07, 2.8799945261825602e-13, 2.8619103211163927e-13             
   33,   16, 3.8410499856018702e-07, 3.0593623899883698e-07, 2.7867194105512692e-13, 2.7822694564804454e-13             
   33,   17, 2.7601259112521701e-07,-3.9155988640968501e-07, 3.7669480265977889e-13, 3.7492730544373878e-13             
   33,   18,-3.6397119143342697e-08,-3.2840263072209200e-07, 3.2011734235401385e-13, 3.2019613576547600e-13             
   33,   19, 2.8140571744412998e-07, 2.5694261634724601e-07, 4.5096239088463045e-13, 4.5344672538187025e-13             
   33,   20, 5.2045754678481202e-08,-1.3556681772617999e-07, 3.8824947623252227e-13, 3.9147570417867862e-13             
   33,   21,-6.1636613950618999e-07,-2.2262046228576798e-09, 5.1374310780834564e-13, 5.1066760975885019e-13             
   33,   22,-3.4614928686764400e-08,-2.6311651147402498e-07, 5.0081365841223281e-13, 4.9915403046680643e-13             
   33,   23, 1.1062250730758200e-07, 1.0699863442721700e-07, 5.6455126426218599e-13, 5.6305232803408752e-13             
   33,   24,-2.6221928011998000e-07, 2.2527272179917699e-07, 6.3364195107382213e-13, 6.3247191455074252e-13             
   33,   25, 3.2542265122133801e-07, 3.5208875754404499e-07, 6.2242379656573871e-13, 6.1697961580441766e-13             
   33,   26, 3.1332406626855702e-07, 3.5146419722076302e-07, 7.7636977690697102e-13, 7.7489904450683534e-13             
   33,   27, 6.2660240481774900e-08,-9.3521501057170302e-08, 7.0497166520198933e-13, 7.0745134366986612e-13             
   33,   28,-5.3676183544798496e-07,-3.9554052156430298e-07, 9.2831669623691219e-13, 9.2574794858716703e-13             
   33,   29,-1.4627627714952800e-07,-1.4356819979382701e-07, 8.3893118166186518e-13, 8.3980246254875865e-13             
   33,   30,-1.5089889855829700e-07, 3.3958428138809699e-07, 1.1133280996976008e-12, 1.1099710088462773e-12             
   33,   31,-2.6059394089443998e-07, 2.8788406165997098e-07, 1.0996827703676626e-12, 1.0984609533702154e-12             
   33,   32,-5.0489009085904702e-07, 3.8223872328549101e-07, 1.3640092563147315e-12, 1.3676292419820423e-12             
   33,   33, 1.7803194577615301e-08, 6.8562632119486800e-07, 2.1988142637606197e-12, 2.2033468270029897e-12             
   34,    0, 1.6619282374615699e-08, 0.0000000000000000e+00, 7.9406708113005005e-14, 0.0000000000000000e+00             
   34,    1, 2.8210569320975201e-07,-2.3966385802300699e-07, 6.3774453616529169e-14, 7.3706819294369260e-14             
   34,    2, 2.2046915594082101e-07,-2.4648799076151902e-08, 8.6597983393481467e-14, 7.0424333728926233e-14             
   34,    3,-3.5434513374696100e-07,-1.0930158133933700e-07, 7.0705867470952827e-14, 8.3031920767844132e-14             
   34,    4, 1.9384557963686600e-07,-1.9018305991173899e-07, 8.0347927969385356e-14, 7.5879589773528812e-14             
   34,    5, 2.0811043569962901e-07, 1.1960503968824400e-07, 7.9705528873583474e-14, 9.0658422485601110e-14             
   34,    6, 2.5915196368668899e-07, 1.6120676113216999e-07, 1.0631029550788738e-13, 9.7541369410755891e-14             
   34,    7, 2.0149411110915901e-07, 3.1599217183042602e-07, 1.0076226189673277e-13, 9.1633108835933301e-14             
   34,    8,-3.9496784947421201e-07, 2.0019655477213700e-07, 1.3718022856551544e-13, 1.4174642637237113e-13             
   34,    9, 2.2950866691244001e-07,-2.0468984861164600e-07, 1.1461873804597414e-13, 1.1497457377125900e-13             
   34,   10, 4.5128235861734902e-08,-5.7644029069130598e-07, 1.9813544067422338e-13, 1.9595064329233106e-13             
   34,   11, 1.5073853270861700e-07,-3.5913379588611999e-07, 1.3520382461746146e-13, 1.3856610244205346e-13             
   34,   12, 7.4421186776614997e-08, 4.1545309848921801e-07, 2.4630643516928948e-13, 2.4837709879803911e-13             
   34,   13,-4.2154716450704998e-08, 1.8796298625537001e-07, 1.8030802723466739e-13, 1.7313499925650955e-13             
   34,   14,-8.4404926743977906e-08,-1.2109669136929700e-07, 2.8670638479159977e-13, 2.8786891745604632e-13             
   34,   15,-8.2292011273539503e-08, 2.6604441143855701e-08, 2.4339318333893160e-13, 2.4331813642220144e-13             
   34,   16, 2.9086646068149998e-07,-3.7586723361421902e-07, 3.1248964371576107e-13, 3.1212342334926011e-13             
   34,   17, 8.2476250375642896e-08,-1.9155295369190401e-07, 3.2239081149347540e-13, 3.2053048966485281e-13             
   34,   18,-2.3039116849457300e-07, 1.4712235325720999e-07, 3.3570906927906375e-13, 3.3647710557356901e-13             
   34,   19,-3.6830421050535898e-07, 2.1078987720555801e-07, 4.0453947497131178e-13, 4.0615106963298264e-13             
   34,   20,-2.4408136834530599e-07,-1.4751908157100700e-07, 3.7342819968609508e-13, 3.7435628620884797e-13             
   34,   21, 5.2491318006004701e-07,-1.3111877429576699e-07, 4.8694314462303304e-13, 4.8737767905218451e-13             
   34,   22, 6.2759960725332605e-07, 4.3759840876757098e-08, 4.4729965662640800e-13, 4.4572735326158638e-13             
   34,   23,-4.0412811466425398e-07,-1.3729997761794401e-07, 5.6960161634379919e-13, 5.7493217320126496e-13             
   34,   24,-8.0468841734147605e-08,-1.6320998132960900e-07, 5.4960219870760578e-13, 5.5241386712291360e-13             
   34,   25, 8.3363661693884301e-08, 3.3118142768544301e-07, 6.7054569284057857e-13, 6.6933381199285954e-13             
   34,   26,-3.1670323678713899e-07, 3.5021362000140597e-08, 6.7029289092811940e-13, 6.7574631314314051e-13             
   34,   27,-1.3234393093344899e-08,-1.5412291285451599e-07, 8.0692732899714498e-13, 8.0381630657749313e-13             
   34,   28,-1.8039335999431800e-07, 3.4772536823799999e-07, 8.1118272421573255e-13, 8.1487839997879102e-13             
   34,   29, 1.9488520692778001e-07,-6.0951508361770304e-08, 9.8764377638066640e-13, 9.9132782989910434e-13             
   34,   30,-1.1887410697787500e-07,-2.4176859887524998e-09, 9.9758377961113997e-13, 9.9325306931919375e-13             
   34,   31, 3.0718723741780702e-07, 5.6658497593319898e-08, 1.2233543841138699e-12, 1.2269353953936307e-12             
   34,   32,-4.0403585608912298e-08, 6.8239169503936598e-08, 1.3420457219243485e-12, 1.3398970155130749e-12             
   34,   33,-2.0335371353198900e-07, 4.1762399257442898e-07, 1.4895218790424177e-12, 1.4930088316255649e-12             
   34,   34, 9.4527215354474496e-09,-4.3776179355421299e-07, 2.6516127290396607e-12, 2.6547119452839352e-12             
   35,    0, 1.2941500158808799e-07, 0.0000000000000000e+00, 9.5317984473817490e-14, 0.0000000000000000e+00             
   35,    1, 3.0865826143005801e-07, 4.7224233286528401e-07, 8.0497023383777104e-14, 7.2889750478134047e-14             
   35,    2,-3.3802392837901200e-07, 2.1357581203095899e-07, 1.1223046013631673e-13, 7.5437610548622120e-14             
   35,    3, 5.0520240869946097e-08, 4.7621837141711701e-07, 8.4687739981499590e-14, 8.2686761303526812e-14             
   35,    4, 2.9531986609866702e-07,-5.8356022398343101e-07, 9.6557492544585649e-14, 7.6344993960814795e-14             
   35,    5, 1.0198733968106000e-07, 2.0229523133145701e-07, 1.0446474374590790e-13, 8.9328049287465269e-14             
   35,    6,-1.3511156987467801e-07,-4.5582680950524298e-10, 9.1227444562276803e-14, 8.7790645058862278e-14             
   35,    7,-6.5020824266785003e-09,-4.5074193732346899e-08, 1.0790665783817667e-13, 9.6735673948738388e-14             
   35,    8, 6.9446437957904897e-08, 4.5254773842379998e-07, 1.1993509317071953e-13, 1.2033127036904745e-13             
   35,    9, 4.4191819076781200e-07, 4.3117295083855699e-08, 1.1449117896862832e-13, 1.2297090900325640e-13             
   35,   10,-4.0569754269894302e-07,-1.7757963263693701e-07, 1.5153105960681163e-13, 1.4888359490052795e-13             
   35,   11,-3.8193193147882502e-07, 1.5655271050240300e-07, 1.4154344462828008e-13, 1.4104205429847500e-13             
   35,   12, 1.7658079561357000e-07, 5.6312419335783401e-08, 1.8730532576074332e-13, 1.9885919456775935e-13             
   35,   13,-3.9453652213257502e-07,-1.5018876025231899e-07, 1.8460966277969715e-13, 1.8626578478917052e-13             
   35,   14, 2.8663770565104802e-07,-2.1972809243702099e-07, 2.2796348825554817e-13, 2.2521061483441560e-13             
   35,   15, 9.1999425567022895e-08,-2.9311542440753502e-07, 2.5310038263532716e-13, 2.5708355892147201e-13             
   35,   16, 2.2577477550524200e-07, 4.1049622441257200e-08, 2.5864133711581652e-13, 2.5742864587426552e-13             
   35,   17, 2.8505356601807700e-07,-2.5667797071244602e-07, 3.3253316440124329e-13, 3.2853176078748569e-13             
   35,   18,-2.7202545978507098e-07, 2.6742901305393501e-07, 2.8794299243551993e-13, 2.8610699024758159e-13             
   35,   19,-4.3995948294923600e-08, 1.3160912608354800e-07, 4.0249570819451209e-13, 4.0509186381845209e-13             
   35,   20,-8.5974288799103004e-08, 1.6146591432420001e-07, 3.3791672107104968e-13, 3.4213335216851430e-13             
   35,   21, 5.0871616084891597e-07, 1.0340462691411700e-07, 4.6274788556608830e-13, 4.5961396789414521e-13             
   35,   22,-1.8713112689163600e-07,-5.4281974114903899e-07, 4.2287350924280342e-13, 4.2105572194425232e-13             
   35,   23,-8.6596062875041207e-08,-3.8003887347330798e-07, 5.1113215168681998e-13, 5.0854986114018324e-13             
   35,   24,-7.4752709410053293e-09,-1.6549881636732901e-07, 5.2992296079255656e-13, 5.2895034309894765e-13             
   35,   25, 1.2206167715987200e-08, 7.2116708187805705e-10, 5.6273610501281221e-13, 5.5670520631299964e-13             
   35,   26,-2.1785373149564299e-07,-5.6729907338594101e-07, 6.4803916376025132e-13, 6.4865027422767910e-13             
   35,   27, 1.1274288891482700e-07,-6.8218643509309899e-08, 6.2040632313540684e-13, 6.2101684304995177e-13             
   35,   28, 1.7772283825276099e-07, 2.0097317221078301e-07, 7.7139709862550973e-13, 7.7107180087166550e-13             
   35,   29, 5.2952556615636701e-07,-8.6191050063406706e-08, 7.1452931555844467e-13, 7.1535130946591346e-13             
   35,   30, 1.1302216185452601e-07, 4.7497183508367098e-07, 9.0826551412271819e-13, 9.0498323970322434e-13             
   35,   31, 3.0979281864881101e-07, 3.1565978695975098e-07, 8.5031294412180620e-13, 8.4823010646178446e-13             
   35,   32,-4.0872541779481901e-07, 2.1516851144587101e-07, 1.0846334076444419e-12, 1.0864872885410543e-12             
   35,   33, 3.0732659554561503e-07,-1.8258061160347400e-07, 1.0966266522350354e-12, 1.0962075233384664e-12             
   35,   34, 3.4033419124380900e-07,-1.4785654344235701e-07, 1.3482206204912651e-12, 1.3485524177614836e-12             
   35,   35,-6.2046901209243897e-08, 2.3468152725283001e-07, 2.1701843232946101e-12, 2.1681947986317716e-12             
   36,    0, 1.6737039255063501e-07, 0.0000000000000000e+00, 1.0323795321524327e-13, 0.0000000000000000e+00             
   36,    1,-2.8749956062226099e-07, 4.8919044775262603e-07, 6.9006259412715225e-14, 8.4664851270788301e-14             
   36,    2, 2.3669001632357801e-07,-1.2501894723952099e-07, 9.1573504984219123e-14, 8.9363390739497959e-14             
   36,    3, 6.7750395021129100e-07,-3.7211968346284801e-07, 7.8691513082316969e-14, 7.4862139816809322e-14             
   36,    4,-7.5292945346755499e-08,-1.3081211926524599e-07, 8.8535116804007971e-14, 9.9771821332522713e-14             
   36,    5,-9.1912977745977896e-09, 7.9479941434686805e-08, 7.9669228921499451e-14, 8.8756378139180194e-14             
   36,    6,-3.0233335277950099e-07, 1.7485364715846200e-07, 9.7146360907604698e-14, 8.7242770148629052e-14             
   36,    7,-5.1413863450527500e-08, 1.4421439489222700e-07, 1.0163840355542663e-13, 9.4448608525783697e-14             
   36,    8,-1.0946139312905799e-09, 2.9141496645227001e-07, 1.2744846007909650e-13, 1.2615347559821338e-13             
   36,    9,-1.7829958541732599e-07,-2.6097668267578600e-07, 1.0935249138061000e-13, 1.0340482378146286e-13             
   36,   10, 2.9383231265030601e-08, 1.1178669465640100e-07, 1.7475899727501256e-13, 1.7416469796305954e-13             
   36,   11, 1.5203534826436699e-07, 5.3383198728743498e-08, 1.2498560630842174e-13, 1.2487269298107803e-13             
   36,   12,-2.1176814742716099e-07, 1.6176344522734800e-07, 2.2456804518952838e-13, 2.2714532846301582e-13             
   36,   13,-4.2759704767399102e-07,-7.6123640383063694e-08, 1.6413046930219119e-13, 1.5870908998326064e-13             
   36,   14, 7.6647731057074605e-08,-2.2629097567648100e-07, 2.6502914192842318e-13, 2.6493759636588968e-13             
   36,   15, 8.6651895003121399e-08,-1.2938891589755201e-07, 2.1458166982310701e-13, 2.1653943767830822e-13             
   36,   16,-1.6130557411788599e-07, 5.4575903279190695e-07, 2.9100177829718412e-13, 2.9281311842287165e-13             
   36,   17,-4.9666194682824699e-07,-8.8770731503962804e-08, 2.9114684069763959e-13, 2.8350137722986839e-13             
   36,   18,-3.7157895709768198e-08, 1.4947966087089500e-07, 3.1120167400965456e-13, 3.1222119571031898e-13             
   36,   19, 2.8612857136597799e-07, 3.6128675215160000e-07, 3.5718666531277533e-13, 3.6025948736036281e-13             
   36,   20,-3.1351774196344601e-07,-1.7424056299723100e-07, 3.3970742442420076e-13, 3.4592956247118587e-13             
   36,   21, 4.5294333262096202e-07,-8.8371449421106299e-08, 4.3079391206446731e-13, 4.3087308055850126e-13             
   36,   22,-8.9083279591506504e-08, 1.7719428687908999e-07, 3.9524535830231462e-13, 3.9390191277753526e-13             
   36,   23,-3.1826372398415101e-07, 3.5566303358267501e-07, 5.0213222516168955e-13, 5.0472523874915490e-13             
   36,   24, 4.0774211182911798e-08, 9.7684599130086796e-08, 4.7921999056729541e-13, 4.7930888227308385e-13             
   36,   25,-2.6469774310617500e-07, 3.4140051022226200e-07, 5.8315754564840132e-13, 5.8289723260360816e-13             
   36,   26, 8.4821830226089395e-08, 5.0097496470127798e-08, 5.8135252758477128e-13, 5.8423117389302938e-13             
   36,   27, 2.9312481883038899e-07, 5.4113097861122800e-07, 6.8320854162242587e-13, 6.7927039809234321e-13             
   36,   28, 6.8082636323837906e-08, 3.1161276332103098e-07, 6.9514526246887916e-13, 6.9741398661698453e-13             
   36,   29,-1.4028626811267199e-07, 1.4943614215380999e-07, 8.1302474831521103e-13, 8.1733887807141177e-13             
   36,   30,-1.5917351762379701e-07, 1.5847875163387501e-07, 8.3071437312732469e-13, 8.2753868770599491e-13             
   36,   31,-2.1192865738339500e-07,-3.5237389671612000e-07, 9.8739112724770149e-13, 9.8904130479175565e-13             
   36,   32,-4.6293551694697801e-08,-2.5470067360246900e-07, 1.0122425708692278e-12, 1.0113231605596045e-12             
   36,   33, 4.7478375645340598e-07,-3.6815968048212998e-07, 1.2030791148411405e-12, 1.2096414171872675e-12             
   36,   34,-7.7398739815280895e-08, 1.8698924744007899e-07, 1.3586228677594273e-12, 1.3572745072331360e-12             
   36,   35, 3.1626966797483002e-07, 4.5714519347795700e-07, 1.4598797408915521e-12, 1.4611093319977990e-12             
   36,   36, 2.1773464567965100e-08, 2.2239994035210501e-07, 2.6284048940416726e-12, 2.6543756522703957e-12             
   37,    0, 2.2406498126055800e-07, 0.0000000000000000e+00, 7.4332548791764790e-14, 0.0000000000000000e+00             
   37,    1, 2.4181731985957499e-08, 1.0540324526121500e-07, 8.3004821900789687e-14, 7.0010357161464481e-14             
   37,    2,-2.4912378416150601e-07,-3.7797775376012901e-07, 8.5528656395309274e-14, 7.2684303402537911e-14             
   37,    3,-2.5076314211007200e-07, 3.0889767994649200e-07, 8.1365622328849950e-14, 7.9394022047022444e-14             
   37,    4,-3.4813990491827299e-08, 5.1096822072562699e-08, 1.0739540774014895e-13, 7.3523440949436809e-14             
   37,    5, 2.7353769467878197e-07, 4.5853517353429598e-07, 8.0028600931891788e-14, 8.0425784919298456e-14             
   37,    6, 4.3556308924935602e-08,-1.6090129841390301e-07, 9.0457083954710923e-14, 1.1033719558308214e-13             
   37,    7, 4.4177201290355298e-07,-9.9694789850913995e-08, 1.0552456117801707e-13, 9.5811982854983120e-14             
   37,    8,-8.5075175421397805e-08,-2.5173469433043901e-07, 1.1325812387726126e-13, 1.1027654127570552e-13             
   37,    9,-2.0303198363983599e-07,-3.3470215650266301e-07, 1.1927975782577673e-13, 1.2904717251130689e-13             
   37,   10, 8.2162271632005397e-07,-8.9957935801963402e-08, 1.4611037703409987e-13, 1.3690170788541193e-13             
   37,   11, 4.0919581688022900e-08,-1.3265716005797900e-07, 1.4160858580407235e-13, 1.4557178636474172e-13             
   37,   12,-1.2442856213050200e-07,-1.8810875472867400e-07, 1.7207905144995100e-13, 1.7363199063957578e-13             
   37,   13, 3.6829247576805000e-08, 1.9841810053804199e-07, 1.8080388799124170e-13, 1.6684458275675699e-13             
   37,   14, 1.9213129658986300e-07,-4.0766316019125502e-07, 2.1034638559563463e-13, 2.1015381888371824e-13             
   37,   15, 9.0178974164241397e-08, 1.6330064040591601e-07, 2.2497877749622582e-13, 2.2871549992533346e-13             
   37,   16,-1.0909279615632400e-07, 3.3960942651965899e-07, 2.4019198439109008e-13, 2.3702891072099348e-13             
   37,   17, 9.3458704113170499e-08,-5.7147162666983899e-07, 3.0209994439663417e-13, 2.9327320091714630e-13             
   37,   18, 1.6900907004901101e-07, 4.1667258885235602e-07, 2.7133404778943032e-13, 2.6377748606516988e-13             
   37,   19,-1.9750216958969499e-07,-2.7455182756674402e-07, 3.5940271239432456e-13, 3.6165867793603521e-13             
   37,   20,-2.3181141718363001e-07,-1.1446368546979599e-08, 3.0124911964312827e-13, 3.0541691262999131e-13             
   37,   21,-2.0410301624602500e-07,-4.2583136130217798e-08, 4.2014660760891632e-13, 4.1571113368547892e-13             
   37,   22, 1.6160116135785401e-08,-5.2431444633701503e-07, 3.6641841827932339e-13, 3.6471354098892205e-13             
   37,   23, 2.9829016829813800e-07, 4.7115426958374197e-07, 4.6436235488816566e-13, 4.6145963701437594e-13             
   37,   24,-1.7145744569161201e-07, 1.1266094946141400e-08, 4.5270358818024047e-13, 4.5105805558467551e-13             
   37,   25,-1.2364152426829201e-07, 6.0412617875104704e-08, 5.0783370763979387e-13, 5.0428581100563185e-13             
   37,   26, 7.3759178689024195e-08,-1.6095283804535699e-07, 5.5238345257996279e-13, 5.5331727018453813e-13             
   37,   27,-2.2668916834550699e-07,-3.6251148692633903e-07, 5.5964997165970143e-13, 5.5894122025748783e-13             
   37,   28,-1.7889190003615901e-07,-4.7957038269303300e-07, 6.5787386263469939e-13, 6.5621963327763546e-13             
   37,   29,-1.1153867720336700e-07, 6.8152570300321398e-08, 6.2764851454942156e-13, 6.2583447193701999e-13             
   37,   30,-1.2234660147213300e-07,-1.5232916372876599e-07, 7.6524444162799740e-13, 7.6213905967156089e-13             
   37,   31,-4.0501942605603102e-08, 1.9542581110868999e-07, 7.2486087535859865e-13, 7.2338039695771778e-13             
   37,   32, 2.2107058683916601e-07, 4.1248009979949400e-07, 8.8787849552392163e-13, 8.8844170903508034e-13             
   37,   33, 1.2119258998196401e-07, 2.2767240434673901e-07, 8.5865781026405734e-13, 8.5864708536740349e-13             
   37,   34,-7.4943045598501294e-08, 2.9189755375469500e-07, 1.0655312695386872e-12, 1.0662427444313051e-12             
   37,   35, 3.8910500870743198e-07, 1.9442120530723200e-07, 1.0972610840328165e-12, 1.0929066715865271e-12             
   37,   36,-4.6453190867392099e-07,-1.8831248155045201e-07, 1.3364261119478838e-12, 1.3370844298198891e-12             
   37,   37, 1.9954551906121100e-07,-1.1401887565245000e-07, 2.1368380008002484e-12, 2.1478952952301004e-12             
   38,    0, 4.5774656364950903e-08, 0.0000000000000000e+00, 7.2218148617684816e-14, 0.0000000000000000e+00             
   38,    1, 3.6880198088010403e-08, 1.3512537276034001e-07, 6.8098340105511033e-14, 6.8695202700866039e-14             
   38,    2, 1.3272960787535999e-08, 1.9563903078049501e-08, 8.2088657709748559e-14, 6.9187282986356010e-14             
   38,    3,-9.2810392478402701e-08, 3.0998334999742698e-07, 7.3426923760735162e-14, 7.4246261395214527e-14             
   38,    4,-5.4372096572146003e-08, 2.3235075103522401e-07, 7.9087983706753243e-14, 7.3732898431207792e-14             
   38,    5, 1.9174941756223901e-07,-1.0006826864221299e-07, 8.9561524111041742e-14, 7.8392412373447007e-14             
   38,    6, 4.8611022892309497e-08, 2.4727787464441001e-07, 8.7115797563495075e-14, 8.7726224415192799e-14             
   38,    7,-4.4639025186824501e-07,-4.8568492619524801e-08, 9.5047329339817578e-14, 9.9958022699868194e-14             
   38,    8,-5.5426276183525204e-07,-4.5773744628522403e-08, 1.1928599359709730e-13, 1.1720163118997029e-13             
   38,    9, 1.6527958784591300e-07,-9.0834375372103706e-08, 1.0463116157476834e-13, 1.0734369987584313e-13             
   38,   10, 1.8160548762827900e-07, 4.0101100248948901e-08, 1.6210915150925945e-13, 1.6093326822382286e-13             
   38,   11,-1.3227329721219999e-07,-5.3450943045397398e-08, 1.2232332531211604e-13, 1.1786744727597189e-13             
   38,   12,-9.6121035279910004e-08, 2.1419392064634500e-07, 2.0937214013863367e-13, 2.0927918348192133e-13             
   38,   13,-8.2538607370477705e-08,-3.2830112253685302e-07, 1.5136390889909706e-13, 1.4583382036365636e-13             
   38,   14, 8.8322233327635894e-09, 1.4478424803760600e-08, 2.4527353250049018e-13, 2.4743919636442498e-13             
   38,   15,-2.9383114620479499e-08, 6.5114670950434695e-07, 1.9344078164767466e-13, 1.9537585990439799e-13             
   38,   16, 3.7255339642638098e-08,-6.6701104392751300e-08, 2.7246322413452505e-13, 2.7467699286881720e-13             
   38,   17,-4.9852418220798000e-08,-3.0283268041140898e-07, 2.5400889732465406e-13, 2.5421706848657602e-13             
   38,   18, 2.7438242927784398e-07,-6.8509293716415304e-08, 2.8933334229608725e-13, 2.9407200576064449e-13             
   38,   19, 4.6645557029819999e-07, 1.5142493636913100e-07, 3.2092738547529358e-13, 3.2068056430706998e-13             
   38,   20,-2.7729963549732902e-07, 1.5452334185899801e-07, 3.1518941312302619e-13, 3.1766368910426413e-13             
   38,   21, 8.2119814335787693e-08,-2.7116329207251902e-07, 3.8766861337228403e-13, 3.8668746289767707e-13             
   38,   22,-1.1704412804572901e-07, 2.6204407164120498e-07, 3.5522642425317243e-13, 3.5617516004489314e-13             
   38,   23, 2.0617292671668701e-08, 3.1625573650876800e-07, 4.4651844830661211e-13, 4.5050411235755333e-13             
   38,   24, 7.2591163637414501e-08,-3.6995303355687799e-07, 4.2200318623981380e-13, 4.2094886223300119e-13             
   38,   25,-5.3250013961162904e-09, 2.2951741777411699e-08, 5.1650700857202611e-13, 5.1595207296535352e-13             
   38,   26,-5.6536839747100500e-08,-3.5344272832732698e-08, 5.0560328534868262e-13, 5.0819424305888434e-13             
   38,   27, 1.0623325174839700e-07,-5.9701781364809004e-08, 5.9569382283786362e-13, 5.9315071904432258e-13             
   38,   28, 2.9860697713745602e-07, 1.9180421280762399e-07, 6.0485210653001608e-13, 6.0797031311392277e-13             
   38,   29, 4.5315619346275997e-08, 6.9114807126146203e-08, 6.9144882523706457e-13, 6.9627620722161761e-13             
   38,   30,-4.7234408625142400e-07,-8.6064840987442008e-09, 7.1413307707436477e-13, 7.1132460851671174e-13             
   38,   31,-6.6543802205240398e-08, 2.9060008201110201e-07, 8.2189285075869938e-13, 8.2419306944212581e-13             
   38,   32, 1.0601058581259400e-07, 7.7594036738213405e-08, 8.4294455280834002e-13, 8.4175362972355692e-13             
   38,   33,-1.8002188769841099e-07,-8.4938610905348405e-08, 9.7968173962448346e-13, 9.8697499884048245e-13             
   38,   34,-1.2919203609497299e-07,-3.0267111141159999e-07, 1.0281706428692076e-12, 1.0269524628426822e-12             
   38,   35,-5.0622336684168797e-08,-1.8908865980831101e-07, 1.1853125924304201e-12, 1.1857708128156128e-12             
   38,   36,-3.8266703225494199e-07, 2.2386051276018700e-07, 1.3686595157285957e-12, 1.3786600969174120e-12             
   38,   37,-1.6642556997098499e-08, 3.1540076270479598e-08, 1.4332232594001062e-12, 1.4318818596482462e-12             
   38,   38,-3.2032903424574898e-07,-3.0331693086168901e-08, 2.6461487212470008e-12, 2.6059499711039088e-12             
   39,    0,-3.3428371996349102e-07, 0.0000000000000000e+00, 7.5553562637221600e-14, 0.0000000000000000e+00             
   39,    1,-1.6865886076337100e-07,-1.5329892606331100e-07, 6.8771168511974512e-14, 9.5873093708203189e-14             
   39,    2,-1.5677513407934299e-07,-4.8376840927875399e-08, 7.6196613308797775e-14, 6.9161889054056611e-14             
   39,    3, 2.3718078188224999e-07,-3.0356744426902100e-08, 7.1892461906029067e-14, 7.1570320930877613e-14             
   39,    4, 2.2853522628628699e-08,-8.4354343001787295e-08, 7.9690502634381591e-14, 7.7262608399608890e-14             
   39,    5,-5.8925569506334297e-09,-2.2639869708489001e-07, 8.4744527785946449e-14, 8.1551110946370395e-14             
   39,    6, 1.7113700793620000e-07,-2.2488464450647400e-07, 8.7853239960789066e-14, 8.6894414321383166e-14             
   39,    7,-6.9372652050447406e-08, 1.1936010644361500e-07, 9.4223057667071270e-14, 9.9185271923127029e-14             
   39,    8, 1.8444151385314700e-07,-3.1474398874366703e-08, 1.0447926351332138e-13, 1.0799980288793701e-13             
   39,    9,-2.3655238341542698e-08,-1.3906034520885200e-07, 1.0309419810576066e-13, 1.0362922317073829e-13             
   39,   10,-2.4714054814583203e-07, 4.5061100225922502e-08, 1.3049609506226794e-13, 1.2852803079409543e-13             
   39,   11,-2.7074090859983602e-08, 2.0434676538744700e-07, 1.2834102651262031e-13, 1.2796405705054780e-13             
   39,   12,-1.1677835723005400e-07, 1.6278870606939101e-07, 1.6207591866089948e-13, 1.5952192473609761e-13             
   39,   13, 1.3384234706079600e-07, 1.6097024626032600e-07, 1.6115369759131101e-13, 1.5749588316953681e-13             
   39,   14, 2.9941371207257000e-07, 2.4469500361616199e-07, 1.9524977741957488e-13, 1.9367948246120534e-13             
   39,   15,-7.7997915131427396e-08,-4.2565957084001500e-07, 2.0407646036101577e-13, 2.1291942098994869e-13             
   39,   16, 2.3042544047326500e-07,-4.6008049542274601e-07, 2.3056193692788943e-13, 2.2230758174752001e-13             
   39,   17,-2.4397369513950600e-07,-1.9326131880436900e-07, 2.6681958149087958e-13, 2.6702040610379516e-13             
   39,   18, 8.9922369224234203e-08, 2.4940919401554400e-07, 2.4804913951590710e-13, 2.4520713096250363e-13             
   39,   19, 5.2038958953966298e-08,-2.3698918161831499e-07, 3.2388818855390854e-13, 3.2880764403675086e-13             
   39,   20,-4.8206975800405496e-07,-7.9353038895397895e-08, 2.7503013393083553e-13, 2.7901158001820432e-13             
   39,   21, 2.3700933303008901e-07, 3.3425966267992397e-08, 3.7929156085879479e-13, 3.7830980409153189e-13             
   39,   22, 1.5322977378254600e-08, 2.8248500423109798e-07, 3.2348148912245323e-13, 3.2678596157967428e-13             
   39,   23, 3.9741275407592300e-07, 5.4410281787734201e-10, 4.2345266867693740e-13, 4.2329974071602155e-13             
   39,   24,-3.1146141633965498e-07,-3.0024803793345099e-07, 3.9347943856370074e-13, 3.9272790660537549e-13             
   39,   25,-1.6425734396005799e-07, 2.1578071534809101e-07, 4.6531378549737961e-13, 4.6053662437436504e-13             
   39,   26, 8.2908380109594396e-08,-2.1895677210503400e-07, 4.7789973172922521e-13, 4.7826512973004225e-13             
   39,   27, 1.4418680687317300e-07,-8.4754721830968995e-08, 5.0614672083791559e-13, 5.0557070000486103e-13             
   39,   28,-2.4069782598379199e-08, 3.6357175359207198e-07, 5.6988047137304138e-13, 5.6895818711631087e-13             
   39,   29,-4.9901419510002199e-08,-6.5775378964030102e-09, 5.6150963906049591e-13, 5.6207089393110213e-13             
   39,   30, 1.0472346424388700e-07,-2.9350891934045598e-07, 6.6213204136158848e-13, 6.5932460106506288e-13             
   39,   31, 2.8672667021599098e-07, 1.9202188083635399e-07, 6.3498458876262346e-13, 6.3403916636880967e-13             
   39,   32, 3.9307465669369300e-07,-3.1428096682629598e-09, 7.5609254873153713e-13, 7.5490226376251151e-13             
   39,   33,-2.7434767553268399e-07,-4.2501656439657297e-09, 7.3341613619669941e-13, 7.3423930967680734e-13             
   39,   34, 9.4436483297132505e-08,-1.8132881621888101e-07, 8.7319276108781864e-13, 8.7352735936777722e-13             
   39,   35, 1.6832264032353999e-07, 5.3397994988829901e-07, 8.6755439852350168e-13, 8.6599433400444056e-13             
   39,   36,-3.7619261014236202e-07, 4.7756421894987704e-07, 1.0509292059788738e-12, 1.0505624245824801e-12             
   39,   37, 2.4609779843222002e-07,-2.7699080509350498e-07, 1.0898762940635377e-12, 1.1009759055321317e-12             
   39,   38,-2.7770581023316102e-07, 1.3852919610484400e-07, 1.3274225263530460e-12, 1.3287898045353753e-12             
   39,   39, 2.1650908223112300e-07,-1.0283910495852200e-07, 2.1138417776599281e-12, 2.1245731814706631e-12             
   40,    0, 3.0600562681493397e-08, 0.0000000000000000e+00, 8.2837330885906831e-14, 0.0000000000000000e+00             
   40,    1, 5.2985392868254704e-07, 1.0770255999042600e-07, 7.6467108983062460e-14, 7.1551386359532936e-14             
   40,    2,-8.6638285038203899e-08, 2.3150220637702600e-07, 8.2483036084217504e-14, 1.0828702415533686e-13             
   40,    3, 2.4739429810715901e-07, 2.1659198359064799e-07, 7.4920850908993878e-14, 8.1958636079505925e-14             
   40,    4,-2.7541053901685098e-07,-7.9918620550614102e-09, 7.7170074476724624e-14, 7.8334422476492098e-14             
   40,    5,-1.0452001387314200e-07,-1.9104065501126600e-07, 7.8579090824557673e-14, 8.9008671352396911e-14             
   40,    6,-1.2086850776686301e-07, 2.0661398038388900e-07, 8.7882916874932375e-14, 9.5882767424108957e-14             
   40,    7,-2.9916372632779000e-07,-5.4746973870082701e-08, 8.9261695137888614e-14, 8.9669035652508357e-14             
   40,    8, 1.1582341935048999e-07, 4.5995008675113602e-09, 1.1030423732102668e-13, 1.1169859010266624e-13             
   40,    9,-6.1037848528520804e-08,-1.6555113801754599e-07, 1.0221196432573027e-13, 9.7390416106606767e-14             
   40,   10, 1.6605434130120898e-08, 2.3675543464934201e-08, 1.4950188425968206e-13, 1.4632279024784333e-13             
   40,   11, 1.9375734825583600e-08,-1.9191548187466301e-07, 1.1315320991909126e-13, 1.1497257269756282e-13             
   40,   12, 1.1698893937482700e-07,-6.1386554033990693e-08, 1.8819909866455364e-13, 1.9086764545124317e-13             
   40,   13, 4.8728685080421597e-08, 1.1012671604842600e-07, 1.3801826674710227e-13, 1.3731872523883554e-13             
   40,   14,-1.1905988150463300e-08, 1.4422889871876599e-07, 2.2820680558036263e-13, 2.2712790759245750e-13             
   40,   15,-1.3742244422457601e-07,-4.2364974900444200e-07, 1.7766865261163845e-13, 1.8093273631063594e-13             
   40,   16,-1.4323183905984001e-07,-2.1302727062539300e-07, 2.5532975325699432e-13, 2.5698073627219266e-13             
   40,   17, 4.4860213883590801e-08, 1.8873703152541500e-07, 2.3140787513816865e-13, 2.3276281039992274e-13             
   40,   18,-1.6693666114496399e-07, 2.2916411306891400e-07, 2.7796258673224658e-13, 2.7600635633183769e-13             
   40,   19, 6.3143593878280501e-08, 2.4981862843398802e-07, 2.8762533960051030e-13, 2.9072066928330140e-13             
   40,   20,-3.4817650466581801e-08,-1.8888272286363901e-07, 2.9302334993561311e-13, 2.9578335752734599e-13             
   40,   21, 3.9097470653973001e-07,-4.0518989158385698e-08, 3.4960931787374221e-13, 3.4828034193940918e-13             
   40,   22,-1.2349569467947801e-07,-8.9056368458203795e-08, 3.2700237236349042e-13, 3.2815347916681021e-13             
   40,   23, 1.3945651331914201e-08,-6.6114836393100904e-08, 4.0476339982223102e-13, 4.0741963029419228e-13             
   40,   24, 1.6638817689639501e-07, 5.3131382401859400e-08, 3.7797378668783316e-13, 3.7788342604623445e-13             
   40,   25, 2.7875003721414598e-07, 6.9721112535515195e-08, 4.6274314780613931e-13, 4.6212237584035978e-13             
   40,   26,-2.8580464770715800e-07,-3.6696985725134602e-08, 4.4734881510025728e-13, 4.4975566140883660e-13             
   40,   27,-6.9097794214133100e-08,-7.5975190701592498e-08, 5.2941447060771106e-13, 5.2860667881738906e-13             
   40,   28,-1.9755705843699099e-07, 2.5488262690696499e-07, 5.3064015067020455e-13, 5.3310119353065840e-13             
   40,   29,-1.9334659811568301e-07,-4.5958183773436500e-08, 6.0521585953361557e-13, 6.0918730886691674e-13             
   40,   30,-6.6811875339633305e-08,-1.6880484369539401e-07, 6.2483557202511093e-13, 6.2400982702404501e-13             
   40,   31,-2.6809800216989599e-07,-1.1232924170334500e-07, 7.0452843610412366e-13, 7.0666689284686102e-13             
   40,   32,-3.6934294853105397e-07,-2.1676781455645900e-07, 7.2520355218737584e-13, 7.2651077068838734e-13             
   40,   33,-5.7094240172826800e-07,-2.6851050081886399e-07, 8.2443273695805202e-13, 8.3138623154820810e-13             
   40,   34, 2.1455647822101000e-07, 9.8980882328109594e-08, 8.5405236380156772e-13, 8.5436237308163100e-13             
   40,   35,-2.1396961093405501e-07, 1.6635346733755100e-07, 9.7497826474461675e-13, 9.7596344118666339e-13             
   40,   36,-9.7333305499541595e-08,-1.4117934578368201e-07, 1.0393577094376700e-12, 1.0462075112750762e-12             
   40,   37,-1.6176025350195099e-07, 8.7624161917668103e-08, 1.1629100816873590e-12, 1.1633018432096557e-12             
   40,   38, 8.3236813008176796e-08, 1.6083083274491600e-07, 1.4002763228924838e-12, 1.3755702585708395e-12             
   40,   39, 1.0603792290625100e-07, 2.5709608751915701e-07, 1.4098963791939081e-12, 1.4051807327565828e-12             
   40,   40,-7.7113230576754601e-09, 1.0351971725159899e-08, 2.6061963119306431e-12, 2.6123045976127446e-12             
   41,    0, 2.8208259434231898e-07, 0.0000000000000000e+00, 7.1431679961674492e-14, 0.0000000000000000e+00             
   41,    1,-8.0514633316487398e-08, 3.1145028527917798e-08, 7.3697679351638963e-14, 9.0371927221730219e-14             
   41,    2, 1.1183851693047900e-07,-1.9216460255921201e-07, 7.1649439843545143e-14, 8.6048684202902201e-14             
   41,    3,-2.9854250237978998e-07,-1.3800585741081099e-07, 8.6385256833447343e-14, 7.4243091641251916e-14             
   41,    4, 6.5915061380398805e-08,-1.9178159111407301e-07, 8.5420216808640756e-14, 7.3486571575515180e-14             
   41,    5, 3.6451437333778399e-07,-9.6716609727369906e-08, 7.8116517932919833e-14, 8.0817578428798532e-14             
   41,    6,-5.0847589995391203e-08, 6.8050541513172100e-08, 8.4332610455251151e-14, 1.0223154504173695e-13             
   41,    7, 1.3862748713078099e-07, 2.2551093125892601e-07, 8.7489168212919755e-14, 8.9748137631598174e-14             
   41,    8,-1.6894217970583599e-07,-1.5481370968308401e-07, 9.8666271141535057e-14, 9.9657603757315239e-14             
   41,    9,-9.2016100259534098e-08,-6.7307814696966102e-08, 1.0180235878764548e-13, 1.0255990431645986e-13             
   41,   10, 6.0293352712264806e-08, 2.4981668983465298e-07, 1.2783863558273752e-13, 1.2211842919748734e-13             
   41,   11, 2.5535106526640400e-07, 2.1837572422334099e-07, 1.1580834598397860e-13, 1.1959427005338167e-13             
   41,   12,-1.5466539419943199e-07,-3.2254520698745202e-07, 1.5159762153577481e-13, 1.5344565658047434e-13             
   41,   13, 1.4528683453743500e-08, 2.6228528726925301e-08, 1.4499845229392681e-13, 1.5084709330807643e-13             
   41,   14,-2.8016528017133198e-07, 2.1328236043536900e-07, 1.8095369206379645e-13, 1.8097545318033182e-13             
   41,   15,-1.7583833484026900e-07, 1.4973231978398299e-07, 1.9466255354536422e-13, 1.8758761483331987e-13             
   41,   16, 4.8781311683127702e-07, 1.8958604077976299e-07, 2.1275966006993809e-13, 2.0824919982614189e-13             
   41,   17,-1.1337556917580999e-07, 2.6193720117765599e-07, 2.4263555703642907e-13, 2.4269052874039037e-13             
   41,   18,-8.9655049163811193e-09, 2.5529206075887701e-09, 2.3256215650530296e-13, 2.3406626116462726e-13             
   41,   19,-1.0818237871163900e-07,-3.1637896687966001e-07, 2.9388679735901606e-13, 2.9634048131270190e-13             
   41,   20,-2.8132220588714902e-08,-6.5556371595812005e-08, 2.5659495144303344e-13, 2.5690245976759222e-13             
   41,   21,-8.8134317521321607e-08, 5.0146039380576701e-08, 3.4681538476020938e-13, 3.4493114882093803e-13             
   41,   22, 7.9748197830098397e-08,-1.9955786192958001e-07, 2.9385765565578254e-13, 2.9322442301131560e-13             
   41,   23, 5.1567133194659203e-08, 1.1254009606631100e-07, 3.8828278668099490e-13, 3.8737051995123285e-13             
   41,   24,-1.0784082891001700e-07,-3.1754468172792100e-09, 3.4942902589159235e-13, 3.4837970570328568e-13             
   41,   25,-1.9453005893716300e-07,-1.4140799989780401e-07, 4.2693486933181277e-13, 4.2407463817671839e-13             
   41,   26, 4.6234630802874100e-08,-4.2043629371676701e-08, 4.2082074121757347e-13, 4.2003313847451759e-13             
   41,   27, 3.9333688067079600e-07,-2.7622581130743699e-07, 4.6309217095072698e-13, 4.6434959024353817e-13             
   41,   28, 2.9289454105590701e-07, 1.3345140458384700e-07, 5.0223199538235744e-13, 5.0106592098867181e-13             
   41,   29, 1.3164097769695301e-07,-4.4705249596120798e-07, 5.0847968787786906e-13, 5.0921642257994618e-13             
   41,   30,-1.3531951020337599e-07,-5.5077749035339202e-08, 5.8227150488723232e-13, 5.8045409764246352e-13             
   41,   31, 1.1347501962361101e-07,-6.1428909520064096e-08, 5.6703823250480811e-13, 5.6666854136238185e-13             
   41,   32, 2.5297042444878501e-08,-1.3519802131965799e-07, 6.6170629740424201e-13, 6.6123638884328240e-13             
   41,   33,-3.2336931304914803e-08,-2.5595343796829201e-08, 6.4163634379013027e-13, 6.4338424658925651e-13             
   41,   34, 2.4683668554949600e-07, 1.9189254073107801e-07, 7.4809931572403168e-13, 7.4819839005731920e-13             
   41,   35,-6.1809252555940594e-08, 8.4131355907029103e-08, 7.4256765006434661e-13, 7.4171855448816666e-13             
   41,   36, 1.6212135467141201e-07, 7.8715581870893608e-09, 8.6124515483543434e-13, 8.6115918614170519e-13             
   41,   37, 9.6911669273069200e-08,-8.5973607221221504e-08, 8.6978194367530451e-13, 8.7858149121236329e-13             
   41,   38,-8.1218400762523598e-08,-1.2103132502383999e-07, 1.0366745236273647e-12, 1.0400213422607500e-12             
   41,   39, 2.2408258854352500e-07,-7.2710999874487196e-08, 1.0909057212417867e-12, 1.1029430540731022e-12             
   41,   40,-9.5876040449211407e-09,-1.8859935440726201e-07, 1.3212875486914018e-12, 1.3203142752368050e-12             
   41,   41, 2.8140058923299199e-08, 3.1646483947910999e-07, 2.1025333282256347e-12, 2.0943227699685054e-12             
   42,    0, 1.5583474267901399e-07, 0.0000000000000000e+00, 7.7343683377108709e-14, 0.0000000000000000e+00             
   42,    1,-2.1025900718345101e-07,-1.3205978994583101e-07, 8.5131883984353330e-14, 7.4182516649460582e-14             
   42,    2,-2.7838695593096598e-07,-3.1179319066339201e-07, 8.4938594191236067e-14, 7.3523266279913778e-14             
   42,    3, 1.9858787905534401e-07,-2.1653376112173000e-07, 7.6446444801881087e-14, 8.6233089923921460e-14             
   42,    4, 3.8035891537551198e-09, 1.8660412056669300e-07, 7.8977549661222745e-14, 8.0687033728243753e-14             
   42,    5,-2.9012553823204799e-07, 5.0741846967784299e-08, 8.6295126349683109e-14, 7.9839088296641315e-14             
   42,    6,-1.3709139014264599e-07, 1.1517971541024000e-07, 8.4543069772767406e-14, 8.9915511394905149e-14             
   42,    7, 1.3026069134516600e-08, 6.1169023720978603e-08, 8.5147281336456559e-14, 8.9585089821634889e-14             
   42,    8,-3.1296087929750501e-08,-5.0102280105567699e-08, 1.0323402339020884e-13, 1.0329094811305744e-13             
   42,    9, 6.4697790122333005e-08,-2.7610049389539000e-08, 9.7591295045827900e-14, 1.0466299601795814e-13             
   42,   10, 3.9083114166855201e-07, 3.5300169952725503e-08, 1.4060398720638355e-13, 1.3791551011110854e-13             
   42,   11,-7.5854523581285006e-08,-3.9977757044406702e-08, 1.0999425564005033e-13, 1.2302077675240268e-13             
   42,   12, 1.0387702871002301e-07,-4.8084321598133502e-08, 1.7672690621759120e-13, 1.7786922991218845e-13             
   42,   13,-9.8469975209129096e-08,-2.1338994812269299e-07, 1.3232919598906293e-13, 1.3156783743383954e-13             
   42,   14,-7.9446085851518502e-08, 1.4606068781808899e-07, 2.1427466074453573e-13, 2.1049134107035329e-13             
   42,   15, 9.4510188187204404e-08,-2.0437477915596999e-07, 1.6641604923142365e-13, 1.6620453820960258e-13             
   42,   16,-5.7104448975063198e-08,-3.2107044717820301e-07, 2.4067368464964449e-13, 2.3953569847144111e-13             
   42,   17, 1.7295402914378800e-07,-1.8418433500267300e-07, 2.1727567317254864e-13, 2.1120269820883686e-13             
   42,   18, 6.8526742433514803e-08,-1.4213324687697600e-07, 2.5871133464884033e-13, 2.6181553970560040e-13             
   42,   19, 1.1118577883707700e-07, 5.3996735725776702e-08, 2.6405239972291428e-13, 2.6588591792029984e-13             
   42,   20,-3.5290880626407000e-08, 2.1441466065324601e-07, 2.7828397195540815e-13, 2.7806089383664357e-13             
   42,   21, 8.4265287177968097e-08, 1.1033758099884900e-07, 3.1777082011512436e-13, 3.1893233717173963e-13             
   42,   22,-3.0436023264804802e-07,-9.4720011670317606e-08, 3.0461828631436694e-13, 3.0147045970636625e-13             
   42,   23, 9.4937386698141002e-08, 3.0121517656964100e-07, 3.6899419030901693e-13, 3.7105700756556011e-13             
   42,   24, 1.9869782379938702e-08,-1.8653021197343201e-07, 3.4719681423131366e-13, 3.4535159772299947e-13             
   42,   25, 1.5152301049519900e-07, 1.1720297184589100e-07, 4.2145180857209441e-13, 4.2053919476313705e-13             
   42,   26, 1.0272697941094799e-07,-2.0721165848458200e-08, 4.0154606850326778e-13, 4.0258241808922564e-13             
   42,   27, 1.2852189236372500e-08, 5.3173057267515402e-08, 4.7585186690979093e-13, 4.7400678705345634e-13             
   42,   28,-4.6645548285967800e-08,-1.0248057790687499e-07, 4.7256119129405092e-13, 4.7370688736565881e-13             
   42,   29,-1.4653282128158800e-07,-3.8853661327216498e-07, 5.3948759704179885e-13, 5.4345654049209929e-13             
   42,   30, 4.0528325194651004e-09, 6.9835894073549304e-08, 5.5166255818173942e-13, 5.5155080689380558e-13             
   42,   31,-1.6297032555217501e-07, 4.8076946980995198e-07, 6.1828786709370801e-13, 6.2129632430121544e-13             
   42,   32,-2.6315566730665000e-07,-2.7912814035576799e-07, 6.3752986993396116e-13, 6.3622685726389292e-13             
   42,   33, 4.8010326169241599e-09,-1.1465569271181700e-07, 7.1204946212578092e-13, 7.1857283341382083e-13             
   42,   34, 1.6376124145615999e-07, 8.2350312486784898e-08, 7.3508604292266024e-13, 7.3408488251754910e-13             
   42,   35, 2.3861519599379098e-07,-2.2395763682937099e-07, 8.3106990011723190e-13, 8.2991785447052108e-13             
   42,   36, 4.1519190001578900e-08,-8.9731252339430996e-08, 8.6330603315119933e-13, 8.6590465735090574e-13             
   42,   37,-1.7471396472773599e-07, 3.7987895594238499e-07, 9.6473945500080125e-13, 9.6529738242716974e-13             
   42,   38,-5.0223471059253502e-08, 1.4609439650288999e-07, 1.0649924660342626e-12, 1.0498099423023521e-12             
   42,   39, 6.5465224183196302e-08,-4.0625032443469200e-07, 1.1438011190477744e-12, 1.1382314622419258e-12             
   42,   40, 7.7785593404356097e-08, 2.5343643014350802e-07, 1.3990456532207354e-12, 1.4026107783967718e-12             
   42,   41, 9.0023406402830105e-08,-1.1469236391474500e-07, 1.3856704539038948e-12, 1.3862244450484396e-12             
   42,   42, 1.7044776973288401e-07,-1.7815563196257299e-07, 2.5896582428326564e-12, 2.5936889144565752e-12             
   43,    0,-1.2096691949701799e-07, 0.0000000000000000e+00, 8.2227048298689593e-14, 0.0000000000000000e+00             
   43,    1, 9.9370908140254105e-08,-2.3939076277452803e-07, 8.3736849954737475e-14, 7.4013365877210258e-14             
   43,    2, 1.8722127225693301e-07,-3.2148425739573297e-07, 7.5699160153885465e-14, 7.5556681228301085e-14             
   43,    3,-7.6643108058175098e-08, 1.4330405717132501e-07, 8.4459263769755907e-14, 8.5076581921521529e-14             
   43,    4, 1.3554629890356500e-07,-3.9424529530948100e-08, 8.2493812324998165e-14, 7.7711653443852819e-14             
   43,    5, 1.4045386386323701e-07, 1.2112797526990100e-07, 8.0350793725449270e-14, 9.1358828559213926e-14             
   43,    6, 2.2594808361699300e-07, 1.1539226828236100e-07, 8.3779850530498356e-14, 8.4011492389333877e-14             
   43,    7,-1.0136064063729100e-07,-2.2597356214765201e-07, 8.9021396624321973e-14, 9.0965011392829606e-14             
   43,    8,-2.0235738604476499e-07,-1.6724227709731700e-07, 1.0023908371177124e-13, 1.0216115837721410e-13             
   43,    9, 1.6859871067390600e-07, 1.0131626833689100e-08, 9.8505958186444886e-14, 1.0784158730954902e-13             
   43,   10,-2.1181526743400400e-07, 3.0300447102075000e-07, 1.2298589425748418e-13, 1.1770742102545589e-13             
   43,   11,-3.3203054780430798e-07,-2.7873728831179599e-08, 1.1680168507549044e-13, 1.2011111026283512e-13             
   43,   12,-9.9056032550927296e-08,-3.7502284563484001e-08, 1.4377015778667519e-13, 1.4477702482759915e-13             
   43,   13, 5.3592761144196297e-08,-1.5080792631467899e-07, 1.3664460548270824e-13, 1.3618063572275090e-13             
   43,   14, 8.4946546212178200e-08,-1.3694089802818900e-08, 1.7523689265194797e-13, 1.7340324153053598e-13             
   43,   15, 2.2575436828741999e-07,-2.6215736247413000e-07, 1.7194680270337850e-13, 1.7208611867578635e-13             
   43,   16,-2.1423407742619299e-07,-3.1402863251716202e-08, 1.9822928527762209e-13, 1.9848092336498662e-13             
   43,   17,-5.5423899930730899e-07, 3.2454855051844199e-07, 2.2341851506403795e-13, 2.2532111241197663e-13             
   43,   18,-2.8586825038109501e-07,-2.1121828358136300e-07, 2.2588970671274302e-13, 2.1924125556514459e-13             
   43,   19, 3.8702277184989801e-07, 1.1632073902079200e-07, 2.6900367339627533e-13, 2.7202061975756010e-13             
   43,   20, 6.9883382812929998e-08,-3.1577387724560499e-08, 2.4266920842831735e-13, 2.4273964335383474e-13             
   43,   21,-2.3032079054623201e-07,-3.4721263404172598e-07, 3.1844564622818624e-13, 3.1564118288755587e-13             
   43,   22,-2.6874007580631000e-07,-1.1615309957571500e-07, 2.7069791496088424e-13, 2.7155291323604075e-13             
   43,   23, 3.7368383895273201e-07, 2.8249166264623302e-07, 3.5867600495843735e-13, 3.5972835215031394e-13             
   43,   24,-1.1175378358720600e-07,-1.2289433160497099e-07, 3.1646817538932451e-13, 3.1947884872790993e-13             
   43,   25, 2.0668672990466700e-07,-1.7043544861237799e-07, 3.9466601546367418e-13, 3.9224968795684158e-13             
   43,   26,-7.4569256809706296e-08, 2.8592813605343098e-07, 3.7431426096408427e-13, 3.7559785416390983e-13             
   43,   27, 7.9665974499410803e-08,-2.8253779601573898e-08, 4.2853352445674328e-13, 4.2807108093156730e-13             
   43,   28,-1.7723735936525100e-07, 8.4020688307154702e-08, 4.4322865981623957e-13, 4.4372218519144579e-13             
   43,   29,-1.7570523402923799e-07, 3.7671950695136903e-08, 4.6600605944686040e-13, 4.6728828342194247e-13             
   43,   30,-2.6872988416586398e-07, 1.3918908589681901e-07, 5.1719687123692161e-13, 5.1556539784748547e-13             
   43,   31, 1.5894309696455101e-07,-1.3327050432739399e-07, 5.1403736725215099e-13, 5.1421770665121157e-13             
   43,   32, 1.7999881547301201e-08, 1.1968483963261000e-07, 5.8825119496031491e-13, 5.8812436875809825e-13             
   43,   33, 1.0652187325476900e-07, 1.8870830997895400e-07, 5.7255906449897262e-13, 5.7322406457725386e-13             
   43,   34, 1.9514782076514501e-07, 1.6679390106306601e-07, 6.6100416437999199e-13, 6.6190798717431834e-13             
   43,   35,-9.7878410636150506e-08,-3.4960874534590900e-07, 6.5065758146420817e-13, 6.4923094343244887e-13             
   43,   36,-9.5973241076300803e-08, 1.8673698804258100e-07, 7.4346752742807060e-13, 7.4150310542517218e-13             
   43,   37, 1.9438792606516900e-07, 9.5258925491664905e-08, 7.4680292778520132e-13, 7.5138225318883201e-13             
   43,   38, 1.0431435741732500e-07,-1.4543160933449099e-07, 8.5053526712072917e-13, 8.5292589671460778e-13             
   43,   39, 2.6700838026614099e-07, 1.1980552868247899e-08, 8.7709566704156557e-13, 8.8437693128313939e-13             
   43,   40,-1.6125968852875699e-07, 1.3801877990924199e-07, 1.0274744558860284e-12, 1.0277858982098768e-12             
   43,   41,-2.4220900546977902e-07, 1.3502465279210100e-07, 1.1014403641309843e-12, 1.0985809292487370e-12             
   43,   42, 7.1691397321566795e-08, 2.0242694329161999e-07, 1.3140636077154143e-12, 1.3132915501752074e-12             
   43,   43, 2.1386456354146801e-09,-7.1180189232354402e-08, 2.0797785089388176e-12, 2.0799295238219762e-12             
   44,    0, 2.9545766699867901e-09, 0.0000000000000000e+00, 7.7150967713825151e-14, 0.0000000000000000e+00             
   44,    1, 1.2151607476357801e-07,-1.1750458729748000e-07, 7.6683329565779531e-14, 7.5521417772968760e-14             
   44,    2,-2.5691433455729501e-08, 2.1853048749221400e-07, 7.7073691844542802e-14, 1.0132928974330595e-13             
   44,    3, 4.5167450033997000e-07,-5.0971081678680202e-08, 7.7971479481814771e-14, 8.7301725460468425e-14             
   44,    4,-3.0919672776067998e-07,-1.7021935219851599e-07, 8.1565424962684377e-14, 9.8091181638532123e-14             
   44,    5, 8.6640910161290603e-08,-1.3621150910704601e-07, 8.8055049419098923e-14, 1.0025967317044641e-13             
   44,    6,-2.0135767368842899e-07,-1.9673653372565201e-07, 8.9750256507591692e-14, 8.3864718222751150e-14             
   44,    7, 4.3733924374785697e-08,-1.4460569632325700e-07, 9.1217792227775276e-14, 9.2757887293414437e-14             
   44,    8, 5.3967637148696400e-08, 1.4228580175797400e-07, 1.0349686685041644e-13, 1.0453395589871747e-13             
   44,    9,-7.9323467485284394e-08, 2.6864575298933200e-07, 1.0181879672235920e-13, 1.0056273933651850e-13             
   44,   10,-2.1051698605372699e-07,-3.1692824209710099e-07, 1.3442322322675255e-13, 1.3275304865052080e-13             
   44,   11, 2.8568749348209698e-07,-4.1271566476104198e-08, 1.1210078197189432e-13, 1.1106109907928633e-13             
   44,   12,-1.7879570421569198e-08, 1.2697075815727401e-07, 1.6633115642333689e-13, 1.6915030426948522e-13             
   44,   13, 6.2392393637829497e-08, 1.4075743471135199e-07, 1.2808349108780767e-13, 1.3110133106525186e-13             
   44,   14,-1.8209496370071101e-07, 1.3974935392225000e-07, 2.0075410478205961e-13, 1.9824335859171809e-13             
   44,   15, 6.4457645098494397e-08, 1.3436446780400701e-07, 1.6766274993796967e-13, 1.5906548091649600e-13             
   44,   16,-1.6650798311177200e-07, 5.0628928412841698e-07, 2.2482913681578314e-13, 2.2485239402957484e-13             
   44,   17,-1.5959138245861099e-08,-2.1598009689393001e-08, 2.0267392178572470e-13, 1.9790860416740223e-13             
   44,   18, 1.8499320993984900e-07,-4.8431158187494200e-08, 2.4405773404463119e-13, 2.4764782460333738e-13             
   44,   19,-3.2692135374649400e-07, 7.2414326830362300e-08, 2.4696921883436915e-13, 2.4404801031458571e-13             
   44,   20,-2.3911074033183999e-07,-2.0413747077111101e-07, 2.6308580794670758e-13, 2.6464301198106634e-13             
   44,   21, 7.2668147423245294e-08,-3.2759933956864598e-08, 2.9194771557251374e-13, 2.9356202981693087e-13             
   44,   22, 1.0441881618983900e-08, 1.5678795615295000e-07, 2.8476064399799561e-13, 2.8432185549061069e-13             
   44,   23, 1.0506005961687801e-07, 4.3684533157852197e-08, 3.3852591664365504e-13, 3.4082689012360985e-13             
   44,   24, 1.0071198033424900e-07,-1.6907421173199599e-07, 3.1744906093024105e-13, 3.1716905248558657e-13             
   44,   25,-1.7555951856464401e-07, 5.9200408524146699e-08, 3.8635582216554597e-13, 3.8428122853200038e-13             
   44,   26,-2.2200672237919400e-07,-1.1019582877104900e-07, 3.6617876773720767e-13, 3.6785869933833499e-13             
   44,   27,-1.1337532530025700e-07, 1.1845639310854700e-07, 4.3439845689768405e-13, 4.3256959170416390e-13             
   44,   28, 1.3985945516571399e-07,-5.0960569942905603e-08, 4.2363198491204193e-13, 4.2645628216018111e-13             
   44,   29, 4.9694572806566198e-08,-4.2648586212424498e-09, 4.8595309531378781e-13, 4.9072093373502301e-13             
   44,   30, 2.9148519004479501e-07,-2.6748398338797201e-07, 4.9332104894908123e-13, 4.9244089083168517e-13             
   44,   31, 9.7107823347573304e-08,-4.8928696917228702e-08, 5.5308493124281308e-13, 5.5502196627037225e-13             
   44,   32,-3.3168140752448002e-08, 2.4899709579967000e-07, 5.6672173943886816e-13, 5.6565481511471980e-13             
   44,   33,-3.6649298525180598e-07,-2.5674157023344798e-07, 6.2881649565917035e-13, 6.3437403242688218e-13             
   44,   34,-3.8472937207021403e-08,-1.7224175728121301e-07, 6.4622464468148181e-13, 6.4598458297674322e-13             
   44,   35,-8.2596748096253907e-08,-5.4135256976715402e-08, 7.2389848807751859e-13, 7.2475367518750173e-13             
   44,   36, 3.1121499995021699e-07, 1.9329219772086699e-08, 7.4084331582834153e-13, 7.4387078852703095e-13             
   44,   37, 2.3577942902084599e-07,-1.6617308294399601e-07, 8.3020288694742769e-13, 8.3054090391483140e-13             
   44,   38,-1.9395470851831901e-07,-1.4643487726306500e-08, 8.8090343515832134e-13, 8.6829777140586275e-13             
   44,   39,-9.5325615089139705e-08, 4.8831974134456397e-08, 9.5652663053254425e-13, 9.5024863000603459e-13             
   44,   40,-9.0812456148226298e-08, 1.3184639925568200e-07, 1.0701128500327857e-12, 1.0729512053137504e-12             
   44,   41, 2.9122944635882502e-07,-1.3059387831892799e-07, 1.1209361025656211e-12, 1.1185607911532948e-12             
   44,   42,-1.1280196259865599e-07,-1.8211932956743999e-07, 1.4103665199384489e-12, 1.4155174722590673e-12             
   44,   43,-1.7469704193041199e-07,-3.2663361936254498e-07, 1.3669792791730481e-12, 1.3675786009105864e-12             
   44,   44, 2.9121756649837301e-08,-2.4163958109395100e-08, 2.5699030133600872e-12, 2.5759630144508889e-12             
   45,    0, 1.1159863176213300e-07, 0.0000000000000000e+00, 8.6007709612844713e-14, 0.0000000000000000e+00             
   45,    1,-9.9773869313322495e-08, 2.5232909774681698e-07, 7.5361132425750242e-14, 8.6612682027318562e-14             
   45,    2, 1.7846801569530000e-07, 1.4702156085617701e-07, 8.9168961949632012e-14, 8.2795213523366342e-14             
   45,    3,-1.5252693460152000e-07, 1.1822541062974800e-07, 7.9592447639189707e-14, 8.3792472624347458e-14             
   45,    4, 6.3397398399713904e-08,-4.5958313826510600e-08, 1.0391409439459199e-13, 8.3751160596246671e-14             
   45,    5,-4.6083526636043802e-08, 4.5401255059442899e-07, 8.2334204832176691e-14, 8.8505959721627649e-14             
   45,    6,-2.3047556982774000e-07, 3.8734522409494699e-08, 1.0649198482509763e-13, 8.3267234663387959e-14             
   45,    7, 1.3060923234970800e-07, 9.9533530469183804e-08, 9.0439533228008979e-14, 9.6963234533899252e-14             
   45,    8,-1.2486189021315801e-07, 1.5092338890100799e-07, 9.6055783678727067e-14, 1.0562594253294182e-13             
   45,    9, 2.8195794980449600e-07,-2.2260163485018401e-09, 1.0594935880826567e-13, 1.0412229168856557e-13             
   45,   10,-1.1785098964006399e-07, 1.5638552656244701e-07, 1.1383704910108811e-13, 1.2201816272298227e-13             
   45,   11, 1.6662013427557701e-07, 4.6232722670784302e-08, 1.1100732885904553e-13, 1.1479302280273974e-13             
   45,   12,-1.4902501721933000e-07,-8.9280879507921006e-08, 1.4015794231097458e-13, 1.3829509354527474e-13             
   45,   13,-9.6004914088411205e-08,-3.0732570729782597e-07, 1.3231874116391639e-13, 1.3221466979845596e-13             
   45,   14, 1.2969316828995600e-07, 1.6210062931587800e-07, 1.6719099813784707e-13, 1.6098131874669723e-13             
   45,   15,-2.4695989520473101e-08,-6.3642339903377202e-08, 1.6215998427457152e-13, 1.6310509736682708e-13             
   45,   16,-1.6311699471025901e-07,-1.4541097690282899e-07, 1.8711073194165354e-13, 1.8620099912521869e-13             
   45,   17, 2.0708325250047302e-09,-8.8599575996660003e-09, 2.0779391836724909e-13, 2.0581736723102911e-13             
   45,   18,-2.5501239730735900e-07,-2.8293774200720299e-07, 2.0864056820329060e-13, 2.0983334652640713e-13             
   45,   19, 2.7438107343607202e-07, 1.4518835439022700e-07, 2.4820559919684170e-13, 2.4874975741043806e-13             
   45,   20, 1.3769306599252699e-07, 2.3150945849262701e-07, 2.2864724920312499e-13, 2.3437532019355556e-13             
   45,   21, 1.4753638670640899e-07,-2.0999822673656102e-08, 2.9130544486153475e-13, 2.9194218843052737e-13             
   45,   22, 1.5523237015289301e-07,-6.1756288274258098e-08, 2.5258753581638098e-13, 2.5653848942105086e-13             
   45,   23, 1.9934675520461299e-07,-3.1839869172729798e-08, 3.3208034861499030e-13, 3.3177922801430626e-13             
   45,   24, 8.0420574872965198e-08,-1.7579015260249701e-08, 2.9028119146079814e-13, 2.8934830738798773e-13             
   45,   25,-4.1014705122725799e-07,-6.9044729343788204e-08, 3.6838953517780215e-13, 3.6453627608175670e-13             
   45,   26,-1.1617748718673299e-07,-4.4041923245541600e-08, 3.4007753639902896e-13, 3.4115799657117903e-13             
   45,   27, 8.8238049820119804e-08, 2.3583081676752401e-08, 3.9753086767101435e-13, 3.9804434426683730e-13             
   45,   28,-3.2081095086543998e-08,-4.9904408585755000e-09, 3.9827118088881445e-13, 3.9819055595223382e-13             
   45,   29, 9.6506976687029797e-08,-7.4043050157495605e-08, 4.3041489901379228e-13, 4.3118195601245902e-13             
   45,   30, 2.1795516443727401e-08,-1.2319993823696700e-08, 4.6294608556962028e-13, 4.6231449192635932e-13             
   45,   31,-1.2798378747210801e-07,-7.4172689531427901e-09, 4.7100704358550651e-13, 4.7074358941990571e-13             
   45,   32,-4.2802240359246498e-08,-6.3708765080883705e-08, 5.2805556952896164e-13, 5.2801117629043211e-13             
   45,   33, 1.0773809518514100e-07, 8.9574361077809100e-08, 5.1904018286292069e-13, 5.2066041810985062e-13             
   45,   34, 8.1080288016207494e-08, 1.8508503535529600e-07, 5.9270232623120060e-13, 5.9334456060572023e-13             
   45,   35, 2.3087249923545000e-07, 8.1335820239688305e-08, 5.7858095597265285e-13, 5.7857689233974427e-13             
   45,   36,-2.1796660122451301e-07, 2.0820822524925599e-07, 6.6194530481472525e-13, 6.6129370649442311e-13             
   45,   37, 6.3636452622453702e-08,-1.2068739258759801e-08, 6.5437290766675342e-13, 6.5817935851187173e-13             
   45,   38,-1.4579969681770700e-07, 8.0583985947393594e-08, 7.3714092303791967e-13, 7.3940746605246984e-13             
   45,   39,-3.0503270751597102e-07,-7.4294994546473294e-08, 7.5346250521236739e-13, 7.5694099581267025e-13             
   45,   40, 1.2409841386003799e-07, 1.4877038046770301e-07, 8.4329123115041969e-13, 8.4500173410702865e-13             
   45,   41,-8.2392128304020098e-08,-1.8475005717583800e-08, 8.8781791591789692e-13, 8.8692271607045541e-13             
   45,   42,-2.1426723481183600e-07, 1.3782836093689199e-07, 1.0179682729194176e-12, 1.0179396607438536e-12             
   45,   43, 1.8215113331434600e-07,-1.9633045218142600e-07, 1.1036172155655492e-12, 1.1057677752204291e-12             
   45,   44, 3.9800495799879599e-09, 1.2450831311900701e-07, 1.3057009394011166e-12, 1.3064654590203702e-12             
   45,   45,-3.0870405735421002e-08, 5.8150226688731099e-08, 2.0589194129228395e-12, 2.0676172518432561e-12             
   46,    0,-3.3447651667802402e-07, 0.0000000000000000e+00, 7.7694977349505684e-14, 0.0000000000000000e+00             
   46,    1,-9.1952415506435002e-08,-8.8453159154928294e-08, 7.8444834317836355e-14, 1.0233192481577521e-13             
   46,    2,-6.6654318693768395e-08, 2.5800250910127200e-08, 9.0125982889786552e-14, 7.8352059673452187e-14             
   46,    3,-1.2829749926404001e-07,-3.0433405545034298e-07, 8.1483280442545679e-14, 8.2584480428837424e-14             
   46,    4, 8.7343397975653498e-08, 2.1292210665909600e-07, 9.7999647810662237e-14, 8.6379264612190571e-14             
   46,    5,-1.2880842019955100e-07,-1.7546512047658200e-07, 8.0800096060956092e-14, 8.9386179445773987e-14             
   46,    6, 6.4038150281268694e-08,-9.6584504256482399e-08, 1.0414443144160291e-13, 8.3544442561050837e-14             
   46,    7, 1.4416644058768999e-07,-3.3483663197117500e-07, 8.6324666095102128e-14, 9.1498268570360998e-14             
   46,    8, 1.6046336077055199e-07, 5.3022495802307701e-08, 1.3197875871175024e-13, 9.8077906025660984e-14             
   46,    9,-8.2382094792222702e-08,-4.1962047994668800e-07, 9.9525054550461410e-14, 1.0065286935722991e-13             
   46,   10, 2.6251320957420500e-09, 4.6280559345239702e-08, 1.2763652402861909e-13, 1.3596502168489132e-13             
   46,   11,-2.5646082184060002e-07, 2.0394235641484300e-07, 1.0799941998170545e-13, 1.0918196436435430e-13             
   46,   12,-1.2433818569709101e-07,-1.7563359226455300e-07, 1.5837531905627786e-13, 1.5738382681897463e-13             
   46,   13, 1.6608306680529399e-07,-1.8408284033879299e-08, 1.2957602778076036e-13, 1.2131007966553843e-13             
   46,   14, 1.1048906109203500e-07,-1.7335591964387300e-07, 1.8822096134765214e-13, 1.8808946651003908e-13             
   46,   15,-1.0646724330772600e-07,-1.7322695821863501e-07, 1.4590392678847221e-13, 1.5193677213329965e-13             
   46,   16, 1.8705487638196901e-07, 1.3903148543804000e-07, 2.1296260591645643e-13, 2.1298859366483090e-13             
   46,   17, 1.2490603751228801e-07, 6.2785613409701899e-08, 1.8824882904616546e-13, 1.8301472831332717e-13             
   46,   18,-2.0292032952559900e-07, 2.1792487606664801e-07, 2.3720526738291597e-13, 2.3388226591328976e-13             
   46,   19, 4.1723914645709497e-08, 3.3154896599310598e-07, 2.2922285438286008e-13, 2.2743577090396390e-13             
   46,   20, 5.7692712760404201e-08, 5.9246519980117000e-08, 2.5451784947131893e-13, 2.5110510408777354e-13             
   46,   21, 1.0730460539266699e-07, 1.4515463602199401e-07, 2.7224053017916932e-13, 2.7136673757983375e-13             
   46,   22,-1.8176986820071101e-09,-2.4800780527221298e-07, 2.7294383525223992e-13, 2.7011019270130382e-13             
   46,   23, 1.5981034173596299e-07, 2.7092531449251498e-07, 3.1378577346679342e-13, 3.1818732985310475e-13             
   46,   24,-4.1725017355544699e-07, 5.2293784054424703e-09, 2.9690057705980767e-13, 2.9622939316250319e-13             
   46,   25,-2.9464051925665201e-08,-5.8358085256358601e-08, 3.5701967279216032e-13, 3.5615181990513550e-13             
   46,   26, 9.1246597872440194e-08,-1.3502111638143299e-07, 3.3554100129335220e-13, 3.3724616903140439e-13             
   46,   27,-1.4604269920972200e-07,-3.5530035969184002e-09, 3.9893134586989999e-13, 3.9784964871052495e-13             
   46,   28, 6.8185136031951607e-08,-1.5744821628159199e-08, 3.8702783814141306e-13, 3.8922071718215245e-13             
   46,   29, 8.3078164493512905e-08, 1.0754754197864700e-07, 4.4360878303999468e-13, 4.4679906323862492e-13             
   46,   30, 1.1023498053676600e-07,-1.2907317856989000e-07, 4.4548079647464301e-13, 4.4515051126833591e-13             
   46,   31, 3.8766432763345897e-08, 2.7294252799370700e-09, 4.9909369872088924e-13, 5.0161594518795587e-13             
   46,   32, 3.5771660435354501e-07, 4.3741654240013897e-08, 5.0877463260211346e-13, 5.0803312438271424e-13             
   46,   33,-2.1152029509696599e-07,-6.9079354942994097e-08, 5.6440114762086918e-13, 5.6991182056869823e-13             
   46,   34, 1.1516102037675100e-07, 2.5457586984049300e-07, 5.7692532974698453e-13, 5.7708742969149090e-13             
   46,   35,-2.1928505878839301e-07,-7.6390224105279700e-08, 6.4307130223638351e-13, 6.4306018319218473e-13             
   46,   36,-6.3574718782996497e-08, 1.9023916412922999e-07, 6.5180813830990328e-13, 6.5414680193834223e-13             
   46,   37,-3.1811295674386898e-08,-5.7622445830756598e-08, 7.3162710169909221e-13, 7.3170384393034597e-13             
   46,   38,-2.3882747311150698e-07, 1.7135608942480899e-07, 7.5427472048988766e-13, 7.4526209476243726e-13             
   46,   39,-7.9659611104549103e-09,-2.2019800650666400e-07, 8.3225452569098137e-13, 8.2547803638175411e-13             
   46,   40, 2.6178174774129401e-08, 3.3814703709480198e-07, 8.8438445412926780e-13, 8.8582037772054036e-13             
   46,   41,-2.0557390960046099e-07,-1.3055440441598601e-07, 9.4243819372651253e-13, 9.4012397265360961e-13             
   46,   42, 8.9078357668725203e-08,-6.9196908222235097e-10, 1.0852853561124334e-12, 1.0867031314208457e-12             
   46,   43,-4.2179334670351500e-08,-1.7776597988955301e-08, 1.1010217902571956e-12, 1.0993633957111063e-12             
   46,   44, 2.1138862651169701e-07,-5.3414965986959201e-08, 1.4213330825718194e-12, 1.4259137424255821e-12             
   46,   45, 2.1100621341368500e-07,-2.8329318498603000e-07, 1.3493096242605565e-12, 1.3530913265931921e-12             
   46,   46, 3.8180074821647402e-08,-1.3172945398313799e-07, 2.5539190534979973e-12, 2.5527416213468320e-12             
   47,    0, 1.5766287098879000e-07, 0.0000000000000000e+00, 7.5846992712451698e-14, 0.0000000000000000e+00             
   47,    1, 3.0061298500803601e-08, 5.2970058051261000e-08, 7.3409602106511250e-14, 8.9029328840390885e-14             
   47,    2, 1.2735248483456600e-07,-1.5712863933230401e-08, 8.2122735231721202e-14, 7.8067076084263280e-14             
   47,    3, 1.7487893499728099e-07, 1.7942664401175800e-07, 7.6068152606103280e-14, 7.8976044951589178e-14             
   47,    4,-4.9382334376504801e-08,-5.9542228256109403e-08, 8.2282108711356069e-14, 7.7855371052602472e-14             
   47,    5,-1.1121781356839300e-07,-6.1344825286356996e-08, 8.0915635281789465e-14, 8.5103807137435840e-14             
   47,    6,-7.1094311655797595e-08,-8.8155311725594801e-08, 8.6796547325605989e-14, 9.1398868342655172e-14             
   47,    7,-1.8916261120066301e-07,-4.4639948359957799e-08, 8.9948762328301549e-14, 8.9689056350484716e-14             
   47,    8,-1.2740644303774701e-07,-2.0496872072339000e-08, 9.6544301162056844e-14, 1.0529934026890777e-13             
   47,    9,-7.2666733497383195e-08, 2.0660499373427300e-07, 1.0579146326126220e-13, 9.8352273696864180e-14             
   47,   10, 2.5948568524907000e-08, 4.0912912303257398e-07, 1.1260672223930460e-13, 1.1117081563477492e-13             
   47,   11, 3.8523755992842899e-08,-8.1119774092004694e-08, 1.2028749755611602e-13, 1.1277576392610499e-13             
   47,   12, 1.9826418695300600e-07, 7.4065691799254095e-08, 1.3039591144256353e-13, 1.3092684604965540e-13             
   47,   13,-6.7084504747213405e-08, 7.6240795447136700e-08, 1.2844049947607877e-13, 1.2692411614336424e-13             
   47,   14,-3.5600826781202400e-08,-1.1758539073030800e-07, 1.6234058183883797e-13, 1.5333582339489661e-13             
   47,   15, 4.0195367933670499e-08, 3.5055849220579901e-07, 1.5439319024601987e-13, 1.5753952302418170e-13             
   47,   16, 1.3215208623005200e-07, 2.9727051639874302e-07, 1.7882506518137872e-13, 1.7992804950073130e-13             
   47,   17,-1.8217530049613600e-07,-2.4481386140735298e-07, 1.9395043585755458e-13, 1.9062076330901004e-13             
   47,   18, 7.8536522047119606e-08, 8.5718866716267794e-08, 2.0129556909112749e-13, 1.9902931794529591e-13             
   47,   19, 1.9602363894903400e-07, 2.7081778451304802e-08, 2.2909720424650131e-13, 2.3120848155115596e-13             
   47,   20,-1.4084590614804801e-07,-9.7652928660339598e-09, 2.1694698060016562e-13, 2.1865923477062246e-13             
   47,   21,-6.6540820151009398e-09,-9.0292457700399304e-08, 2.7160509409566631e-13, 2.6993611862693663e-13             
   47,   22, 3.5371516459325002e-08, 1.2457912544263100e-08, 2.4119656774007756e-13, 2.4084662581620830e-13             
   47,   23,-1.6199935948124301e-07, 2.4009581284856802e-07, 3.0761605456869356e-13, 3.0674881600220592e-13             
   47,   24, 4.1646957261015497e-08,-2.8893240184881901e-08, 2.7089334926001534e-13, 2.6854905350327404e-13             
   47,   25, 4.7320177490733696e-09,-2.6599522469726101e-08, 3.4269250155445135e-13, 3.4083830460149166e-13             
   47,   26, 5.6876829196107002e-08,-1.9112114564210899e-08, 3.1120742745816366e-13, 3.1079793224092402e-13             
   47,   27,-6.3435936620204306e-08,-2.1934592973759300e-08, 3.7181418015639195e-13, 3.7174808066667551e-13             
   47,   28, 1.6687863406576999e-08,-1.8395692443822801e-07, 3.6278471453372945e-13, 3.6324095774180496e-13             
   47,   29,-1.0510487219444700e-07,-1.0313573710744699e-08, 4.0299708656222410e-13, 4.0261207367879417e-13             
   47,   30,-5.8154475872203698e-08,-5.1694256661548801e-08, 4.1849458669513099e-13, 4.1784185163272086e-13             
   47,   31, 6.3862710816599200e-08,-2.2186607019135199e-07, 4.3651822740338642e-13, 4.3569654516723607e-13             
   47,   32, 5.2556823104399397e-08,-1.2531379098814200e-07, 4.7824497603083328e-13, 4.7803133380285567e-13             
   47,   33,-4.5956621235127701e-07,-1.4224389303821399e-07, 4.7713899558742618e-13, 4.7794742537928364e-13             
   47,   34, 1.0622801125516700e-08,-2.4757017590755301e-07, 5.3528256200539414e-13, 5.3825390629051932e-13             
   47,   35,-5.2502787166113397e-08, 2.3996738893430800e-09, 5.2572218356264316e-13, 5.2607077688558380e-13             
   47,   36, 1.0840457932800500e-07,-1.9857922315141500e-08, 5.9664143812270372e-13, 5.9694502953859104e-13             
   47,   37,-2.1887260605288101e-07,-1.6870109489731599e-07, 5.8233912536976409e-13, 5.8468229528867327e-13             
   47,   38, 7.2858961082968804e-08,-1.4205280195820200e-07, 6.6114059822853283e-13, 6.6335664536633464e-13             
   47,   39, 2.4188900044649598e-07,-4.5100068494188901e-08, 6.5978574086027656e-13, 6.6173091553792730e-13             
   47,   40,-1.5992323798470000e-07, 1.9156319410849300e-07, 7.3550777048794715e-13, 7.3544693437815293e-13             
   47,   41,-1.5385491981624300e-07,-2.1231794152051599e-07, 7.6075783009899387e-13, 7.5982052881636415e-13             
   47,   42, 1.7063273527307199e-08, 8.5158655520873601e-08, 8.3770467921176177e-13, 8.3776945672693269e-13             
   47,   43,-5.3118744496505103e-08, 7.7295458421715601e-08, 8.9310834114659167e-13, 8.9525573412806612e-13             
   47,   44, 1.7988660175416900e-07,-2.5921582229298901e-07, 1.0087992362365875e-12, 1.0088301049466276e-12             
   47,   45, 7.9221270889387895e-08, 1.8156225188992601e-07, 1.1092394611844905e-12, 1.1125706352670848e-12             
   47,   46, 1.1652670463441501e-07, 8.5732049736794199e-08, 1.2999494065796670e-12, 1.2970201735052305e-12             
   47,   47, 7.0916183975089198e-09, 1.5850006076110299e-07, 2.0489689715625546e-12, 2.0482706020226525e-12             
   48,    0, 1.8384157800221100e-08, 0.0000000000000000e+00, 7.7548690940338485e-14, 0.0000000000000000e+00             
   48,    1, 1.6473518454082501e-07,-8.1961237770527900e-08, 7.4472230392313768e-14, 7.3970851503104011e-14             
   48,    2,-5.2394905968143597e-08,-2.8974819341489298e-08, 8.0434413926171207e-14, 7.4523463815576767e-14             
   48,    3,-1.3009011274441899e-07, 1.0237814918284200e-08, 7.5795600162940242e-14, 7.5236531761067584e-14             
   48,    4, 1.0384606446242400e-07,-2.3844892503574400e-08, 7.9545109786101611e-14, 7.9683732956017544e-14             
   48,    5, 1.7203932002934699e-09,-1.4122718363919899e-07, 7.7625091793908933e-14, 8.3738806628210207e-14             
   48,    6, 9.6746264829059798e-08, 5.5298443056098203e-09, 8.2714651796543461e-14, 8.6786397470010888e-14             
   48,    7, 2.0135559432273499e-07,-1.6288939091297100e-08, 8.7114545411876815e-14, 8.8357719051714593e-14             
   48,    8, 6.6972334502286203e-08, 1.3592303424217500e-08, 9.8127802649945957e-14, 9.8460751164774011e-14             
   48,    9,-3.2687758365234000e-08,-1.4974597923648699e-07, 9.4526653019968094e-14, 9.6903808660033373e-14             
   48,   10, 1.5753653712617300e-07,-1.7176524405424300e-09, 1.2506751655793846e-13, 1.1962586826981194e-13             
   48,   11, 8.0124829699897395e-08,-1.9357749662483401e-07, 1.0771667814306073e-13, 1.0450499242639075e-13             
   48,   12,-2.2460239673554400e-07, 1.8628073312468199e-07, 1.4876239345014176e-13, 1.5126854497787001e-13             
   48,   13, 1.2573590232475600e-07, 1.6934275783140601e-07, 1.2014474624249400e-13, 1.2347961838489528e-13             
   48,   14,-4.6496833200022197e-08,-4.8931241684704698e-08, 1.8150330024887892e-13, 1.7771673739313639e-13             
   48,   15, 6.9481309533268896e-08, 1.6172851930123399e-07, 1.4034455320423000e-13, 1.4509504502614917e-13             
   48,   16,-2.2735819607460900e-07, 1.8046950733848901e-08, 2.0729632396739719e-13, 2.0322981987615241e-13             
   48,   17, 3.4195466365409900e-08, 1.8029896170915799e-07, 1.7443454402798973e-13, 1.7286994191046613e-13             
   48,   18, 2.1002907176357500e-07, 1.4814247973448299e-07, 2.2237737024847802e-13, 2.2307207139443958e-13             
   48,   19,-1.7320092360830600e-07,-1.2806995764615899e-07, 2.1204773938444562e-13, 2.1331322357710386e-13             
   48,   20,-9.3774661621943900e-08,-1.4082261005465801e-07, 2.3949421552515503e-13, 2.4033596654200348e-13             
   48,   21,-3.0530001329083999e-08,-4.2336710801534001e-08, 2.5508571536388146e-13, 2.5431009452143514e-13             
   48,   22,-1.4821205745702600e-07,-1.2572510499513700e-07, 2.5680695406698328e-13, 2.5686973909225593e-13             
   48,   23, 8.9544048546128198e-08, 7.7064896504770904e-08, 2.9362919903716083e-13, 2.9294313783435758e-13             
   48,   24, 1.6107398195851700e-07,-2.2338442396666299e-07, 2.7983654743752959e-13, 2.8121329086522761e-13             
   48,   25, 2.7208090996211000e-07, 1.3741274930638201e-07, 3.3237639274837781e-13, 3.3067405662492589e-13             
   48,   26,-3.1808109784421801e-08,-9.3900256927892594e-08, 3.1153499018494142e-13, 3.1330088065440642e-13             
   48,   27,-2.3049039458968699e-08,-1.2058495669397901e-07, 3.6943752693820926e-13, 3.6923331879589300e-13             
   48,   28, 2.4699366091847002e-07, 1.0668915115019700e-07, 3.5602066466230981e-13, 3.5795654002095362e-13             
   48,   29, 2.5906015709919001e-08,-7.6852652357413998e-08, 4.0865065638015559e-13, 4.1450710388202961e-13             
   48,   30, 1.9338699404886000e-07, 5.4180753825435001e-08, 4.0827119858926994e-13, 4.0774610159977460e-13             
   48,   31, 8.2329714270299296e-08, 7.8657164499277906e-08, 4.5592273653181993e-13, 4.5760783770353901e-13             
   48,   32,-1.5945928228010799e-07, 8.5206958578585095e-08, 4.6338692106934713e-13, 4.6171577230959199e-13             
   48,   33,-9.4591475693359405e-08,-3.7343361473736400e-07, 5.1169406627667619e-13, 5.1443487144067620e-13             
   48,   34, 7.9323638498198601e-08, 1.9744069465749400e-07, 5.2114226389501267e-13, 5.2081176087579016e-13             
   48,   35, 9.6964048766636904e-08, 1.9418855696364900e-07, 5.7812215014259484e-13, 5.7934076639221595e-13             
   48,   36, 1.5777839227342299e-07,-1.5514977850593400e-08, 5.8587345376585867e-13, 5.8657483658314709e-13             
   48,   37, 1.7069903316056100e-07, 2.3479987093593900e-07, 6.5362328184191010e-13, 6.5335204602815194e-13             
   48,   38, 3.4520093581490599e-07,-1.6866970607985499e-07, 6.6380131927840979e-13, 6.5530653099624920e-13             
   48,   39,-2.2445635588739600e-07, 1.3708780297139799e-07, 7.3967423741022681e-13, 7.3440251741798751e-13             
   48,   40,-1.1983616793949799e-07, 9.6872506720196495e-09, 7.5663420101348293e-13, 7.5718141054043722e-13             
   48,   41, 1.4925607692179499e-07,-3.0473829849314299e-08, 8.2715974647965860e-13, 8.2483676078566626e-13             
   48,   42, 8.0232490237260206e-08, 4.1400158749672000e-08, 8.9520683000506497e-13, 8.9578970685999501e-13             
   48,   43,-5.8416297327133101e-08,-4.7126985187950200e-08, 9.2969800384985308e-13, 9.2883405180927938e-13             
   48,   44,-1.3875221088206900e-07,-6.2796076775132701e-08, 1.0983173857459581e-12, 1.1019695053653858e-12             
   48,   45,-9.8644012454710600e-09, 1.6929530765652101e-07, 1.0808100859010677e-12, 1.0832683251175713e-12             
   48,   46,-1.3607343068059500e-07,-2.3886345792310900e-07, 1.4333695947829886e-12, 1.4320288591246861e-12             
   48,   47,-4.9044854748976701e-08,-1.3876918881108401e-08, 1.3374855984407620e-12, 1.3385375402926002e-12             
   48,   48, 1.1682202067796099e-07,-8.1525558628516006e-08, 2.5328037493902572e-12, 2.5365732856483035e-12             
   49,    0, 3.2059000176383402e-09, 0.0000000000000000e+00, 8.3579410114382598e-14, 0.0000000000000000e+00             
   49,    1,-8.9373754270932499e-08, 1.8399523206634200e-07, 7.6097824995601330e-14, 7.6702841027915872e-14             
   49,    2,-1.1294148107521100e-07,-1.1332187245598200e-07, 9.0538605346555649e-14, 7.5856164783163589e-14             
   49,    3, 7.9904872330995394e-08, 1.9086847186509299e-07, 7.5801612997751654e-14, 8.6804689325713083e-14             
   49,    4,-1.7570106875196599e-07, 2.2200124997000101e-08, 8.1315659255937395e-14, 7.8956644639109039e-14             
   49,    5,-8.5034637222639304e-10,-1.5923899004282299e-08, 7.9536543516274139e-14, 8.8687461063634703e-14             
   49,    6,-7.0651289914207906e-08, 9.4098344702074604e-08, 8.2884038571242506e-14, 8.3363082741681165e-14             
   49,    7,-5.5443013366624099e-08, 1.1972139516562400e-07, 9.0244584736500443e-14, 1.0010042293681982e-13             
   49,    8,-3.0683583424905298e-07, 1.0322413410348801e-07, 9.6778261881086024e-14, 9.3449515614679573e-14             
   49,    9, 5.2091657916270797e-08, 1.3589072562325001e-07, 1.0064408381832860e-13, 1.0822668736830047e-13             
   49,   10,-1.4414736775532700e-07, 1.4250085801917000e-07, 1.0559299644386715e-13, 1.0661596993415325e-13             
   49,   11,-1.6219083757200399e-08,-1.3487798076788500e-07, 1.0887525750167551e-13, 1.0994462696647031e-13             
   49,   12,-3.2363971440063102e-08, 1.1510545817724400e-07, 1.2804257056886303e-13, 1.2875000486281817e-13             
   49,   13,-2.3996870474670301e-07,-6.2616544464672293e-08, 1.2309809545700330e-13, 1.2264378513845230e-13             
   49,   14, 7.6539755197474198e-08,-3.8811209370086899e-08, 1.4762803648426724e-13, 1.5046172036131835e-13             
   49,   15,-8.3689204023002306e-08, 9.6994390121389906e-08, 1.4579629802102572e-13, 1.4724815779505590e-13             
   49,   16, 9.4280662477039996e-08, 7.9418053628023497e-08, 1.7190376774934757e-13, 1.6977092225759165e-13             
   49,   17, 2.0616387449973399e-07, 8.6126054842676495e-08, 1.8104821176611904e-13, 1.7786068418652422e-13             
   49,   18,-1.3799981431343600e-07, 1.7190051323902601e-07, 1.9215432854230176e-13, 1.9164512047846836e-13             
   49,   19,-7.0485843924165302e-08,-7.1875047837485905e-08, 2.1382295641730430e-13, 2.1635946046203058e-13             
   49,   20,-7.1147973396816993e-08,-7.6405888502184096e-08, 2.1165765313860394e-13, 2.1199495925244822e-13             
   49,   21,-8.9996753466465305e-08, 3.4379105064588600e-07, 2.5250438799880727e-13, 2.5310006764451622e-13             
   49,   22,-2.0108009697274701e-07,-4.6985772362565500e-08, 2.3146501521351018e-13, 2.2944352559085595e-13             
   49,   23, 3.7781951053164401e-08,-7.9505166783437306e-08, 2.8776505432962586e-13, 2.8759847905309007e-13             
   49,   24, 8.3885495854000702e-08, 1.6264588834281199e-08, 2.5525937069390847e-13, 2.5589095621106468e-13             
   49,   25,-3.7349407250658599e-07, 1.8455989812657299e-07, 3.2063171204858178e-13, 3.1871834369600035e-13             
   49,   26, 2.3622034926062698e-08, 3.2252394147064901e-08, 2.9287520142917611e-13, 2.8993510068336400e-13             
   49,   27, 7.6356136869422095e-08, 2.2718746376852299e-07, 3.4930704515283558e-13, 3.5027174250713596e-13             
   49,   28, 2.7903464889682500e-08,-3.0725851021823799e-08, 3.3291487799752536e-13, 3.3330722113964232e-13             
   49,   29,-8.9277786295751604e-08,-1.8230557499904501e-07, 3.7667209112055979e-13, 3.7785436215543671e-13             
   49,   30, 2.1113830187937100e-07, 2.5640345182615403e-07, 3.8310071975686673e-13, 3.8374688552869574e-13             
   49,   31,-6.0188338530219495e-08, 1.9775745451992499e-07, 4.0932683749443736e-13, 4.0792318084122547e-13             
   49,   32,-4.7989056622994200e-08, 7.0217643844295802e-08, 4.3466444540363081e-13, 4.3343406414316553e-13             
   49,   33, 3.9207338950508898e-08, 1.0734001703597700e-07, 4.4222916110614144e-13, 4.4307731080403047e-13             
   49,   34, 1.6264947706726299e-07, 1.1344573508255001e-07, 4.8841214342886637e-13, 4.8864847548138839e-13             
   49,   35, 1.1150404882135400e-07, 2.2968553943348201e-07, 4.8309483454017650e-13, 4.8427828870854688e-13             
   49,   36,-1.3790025309625799e-07,-6.5909450296226006e-08, 5.4227947921444078e-13, 5.4212473570892741e-13             
   49,   37,-2.0105413182618000e-07,-1.4811725833277700e-07, 5.3099064422305816e-13, 5.3191256242640391e-13             
   49,   38,-3.3695921115404299e-08,-3.4879307912565600e-07, 6.0003706786600723e-13, 6.0182949189755768e-13             
   49,   39,-1.8199564670847900e-07,-3.3554801965720697e-08, 5.8767688004457297e-13, 5.8753647612870635e-13             
   49,   40, 6.5920142737229495e-08,-1.3917637326182499e-08, 6.6437991866960777e-13, 6.6337694983248462e-13             
   49,   41, 1.1932021106667500e-07,-3.0758507483886002e-07, 6.6470192117186355e-13, 6.6413315262316311e-13             
   49,   42, 7.7562092035594401e-10,-1.5172353812201799e-07, 7.3444640795562230e-13, 7.3402206512702002e-13             
   49,   43,-1.0860502451327700e-07,-1.1842187581464500e-07, 7.6427695637396270e-13, 7.6546117172173947e-13             
   49,   44, 1.8188819587876501e-07, 1.9062799916711100e-07, 8.3237457812752328e-13, 8.3248100017129179e-13             
   49,   45, 3.3856170934651799e-08,-1.5597105291121701e-10, 9.0055246765118986e-13, 9.0282844943907028e-13             
   49,   46, 1.2034750688527701e-07,-5.2359656464440999e-08, 1.0011055333169666e-12, 9.9748252912239186e-13             
   49,   47, 6.8966482101476901e-08, 2.0189002065820901e-07, 1.1201868023229062e-12, 1.1164440546112001e-12             
   49,   48, 6.9563615173101102e-08,-8.4855727524478703e-08, 1.2910113226802987e-12, 1.2914265277015094e-12             
   49,   49,-1.0883892701215900e-07,-4.3694987175481299e-08, 2.0353798632235553e-12, 2.0366141005970080e-12             
   50,    0, 6.3472866436336301e-09, 0.0000000000000000e+00, 8.0397165198446786e-14, 0.0000000000000000e+00             
   50,    1,-4.7225875207800302e-08,-1.1484313107101200e-07, 7.6332466118429617e-14, 7.8704568359942722e-14             
   50,    2, 8.5067639679122303e-08, 3.8788605713722198e-08, 8.0831093341229541e-14, 7.7741778780291705e-14             
   50,    3, 1.0725193003222500e-07, 5.2924754228836598e-08, 7.7539667884472570e-14, 8.2026129108719915e-14             
   50,    4, 4.4350000262322898e-08,-6.4328106412416603e-08, 8.2109847028610192e-14, 8.2629228855816690e-14             
   50,    5,-2.6329925492912402e-07,-1.7875370831273700e-09, 8.4643874759748230e-14, 9.8013996261793592e-14             
   50,    6, 3.6596199095314298e-07,-6.0975825600179306e-08, 8.9866182096359252e-14, 8.2475312672853713e-14             
   50,    7, 2.0805428962131501e-07, 3.3089808836308298e-08, 9.1481168983383815e-14, 1.1350766150818327e-13             
   50,    8, 1.7458069123270201e-07,-1.2651590161834700e-07, 9.9640105099344490e-14, 9.9385377317269960e-14             
   50,    9, 5.9144428365513299e-08,-2.2913579401660500e-08, 9.6024450491514401e-14, 1.0014596106955215e-13             
   50,   10, 9.0199777153309495e-08, 1.4814841486582799e-08, 1.1630663308365122e-13, 1.1621718609728028e-13             
   50,   11,-4.7021649807077503e-08,-1.0111647807197900e-07, 1.0395881802785709e-13, 1.0342378555286050e-13             
   50,   12,-5.2502527523748399e-08, 9.6584328434385596e-09, 1.4269709370177980e-13, 1.4165954714278209e-13             
   50,   13, 1.2254071524198300e-07,-2.0951888490647600e-10, 1.1491807302819055e-13, 1.1509343083628098e-13             
   50,   14, 1.3815354549046500e-07, 7.0445799454745804e-08, 1.6804571677394524e-13, 1.6811872034443495e-13             
   50,   15,-2.0152108122706499e-07, 4.9342180443620202e-08, 1.3540424185555095e-13, 1.3549632813759169e-13             
   50,   16, 3.5226954281665898e-08,-5.0906648403074497e-09, 1.9377971156496596e-13, 1.9696941439889069e-13             
   50,   17,-1.1225654593702700e-07,-2.1457977202329399e-07, 1.6506749924777210e-13, 1.6301016042641199e-13             
   50,   18,-8.7858430340535504e-08,-1.4953135880849400e-07, 2.1754879012020286e-13, 2.1409390514445080e-13             
   50,   19, 8.9729174059540505e-08,-1.5989786506833799e-07, 2.0055936038388970e-13, 2.0285325932319605e-13             
   50,   20,-1.5780219771049499e-07,-6.3379440858358806e-08, 2.3029897999979224e-13, 2.3041984157882952e-13             
   50,   21, 4.8657882801159999e-08,-6.1203177648349904e-09, 2.3832374452377504e-13, 2.3707600579795746e-13             
   50,   22, 2.0101128521234899e-07,-1.7737805734426601e-08, 2.4623637944624437e-13, 2.4454953143542718e-13             
   50,   23, 8.7322308823080495e-08,-9.3394230800316694e-08, 2.7391882423972472e-13, 2.7944105428401451e-13             
   50,   24, 1.3875090979596399e-07,-1.0510478356386901e-07, 2.6511983038082916e-13, 2.6690958671814053e-13             
   50,   25, 1.2857998187502700e-07, 4.8938340319572799e-08, 3.0963468165448056e-13, 3.0995540562417521e-13             
   50,   26, 8.7051345471016504e-08, 9.1776793871526101e-08, 2.9271014034686098e-13, 2.9438282488761362e-13             
   50,   27, 5.8159098918082703e-08, 8.5560599817878704e-08, 3.4467104997147932e-13, 3.4408185505994932e-13             
   50,   28,-3.0488480634455903e-08,-1.9153701815071100e-07, 3.2969606828443070e-13, 3.3109163489076306e-13             
   50,   29,-5.9349488509347898e-08,-8.8926738075922596e-08, 3.7921633400611256e-13, 3.8274861898857514e-13             
   50,   30,-1.0737932780214900e-07, 5.8165479422930799e-08, 3.7663825395411472e-13, 3.7684407051532880e-13             
   50,   31,-2.5023016625299901e-07,-1.5354578533027401e-07, 4.2151155607972149e-13, 4.2303402850568213e-13             
   50,   32, 1.1141073862912200e-07, 1.7856620822052401e-08, 4.2570121103055513e-13, 4.2620363780553522e-13             
   50,   33,-9.9193927484467305e-08, 6.9789225889371399e-08, 4.6737341944864986e-13, 4.6988460855379125e-13             
   50,   34,-6.7293550798374401e-08,-6.4306554139355798e-08, 4.7643418691624648e-13, 4.7612116443092062e-13             
   50,   35, 5.3429443949903104e-09, 9.8421596210756802e-08, 5.2435878853047772e-13, 5.2644389099124618e-13             
   50,   36,-1.4930378392076399e-07,-4.4639649128648600e-08, 5.3065801321104337e-13, 5.3260940516691771e-13             
   50,   37, 2.2933223096244700e-07, 7.4820427922842401e-08, 5.9062506416166959e-13, 5.8887800645205540e-13             
   50,   38, 1.6367040665628700e-07, 1.9304951371219500e-07, 5.9621399416617083e-13, 5.8998800410789338e-13             
   50,   39,-1.2109403446518601e-09, 6.5990426433746799e-08, 6.6438955824128415e-13, 6.5993114276101112e-13             
   50,   40, 1.9894766322287500e-07,-1.2227084224797901e-07, 6.6530143661691949e-13, 6.6471488063345448e-13             
   50,   41, 5.1021523917587598e-08, 1.8971805196935101e-08, 7.4220804536506329e-13, 7.4008412701339484e-13             
   50,   42,-4.1747119185464797e-08, 6.6115909093395794e-08, 7.6443901705166165e-13, 7.6518902384895923e-13             
   50,   43, 2.0432646856652801e-07, 2.6145762360773901e-07, 8.2336442074113164e-13, 8.2247420894756334e-13             
   50,   44, 1.9676707146327601e-07, 1.8518638008117101e-07, 9.0561811286967345e-13, 9.0721695486306056e-13             
   50,   45,-2.7029035143105303e-07, 3.5480799625478601e-09, 9.1741519465433802e-13, 9.1904786284125884e-13             
   50,   46,-3.0776472534812502e-07, 1.0078608989557700e-08, 1.1138712083248689e-12, 1.1128407945129749e-12             
   50,   47,-5.4149520123125896e-09, 5.2053563496124899e-08, 1.0649511876644134e-12, 1.0663082173060366e-12             
   50,   48, 1.1968215723438200e-07,-3.6974973413260700e-07, 1.4394376272031390e-12, 1.4428462554361025e-12             
   50,   49,-2.4630606509429101e-08, 1.6295285912483400e-07, 1.3256704616521354e-12, 1.3289402696455217e-12             
   50,   50, 2.8515418988801699e-07, 5.7934381764652502e-08, 2.5127218466948925e-12, 2.5231725957829617e-12             
   51,    0, 2.3024529752501699e-08, 0.0000000000000000e+00, 7.9073719816295976e-14, 0.0000000000000000e+00             
   51,    1, 2.5410513699121601e-08,-5.0996053205619500e-08, 8.7725687151440325e-14, 8.1881939086510966e-14             
   51,    2,-1.8824399204649999e-07,-2.5655244440594899e-07, 8.4028334306725320e-14, 8.0086700773044816e-14             
   51,    3,-6.4360166467579705e-08, 2.2980678308454201e-07, 8.2074530756346472e-14, 8.6222471524880532e-14             
   51,    4, 2.0476483246614098e-08, 8.9659533010688798e-08, 8.2277218056316035e-14, 8.2330624975693917e-14             
   51,    5, 1.0126063292172100e-07,-1.1673630279876900e-07, 8.2405899989885849e-14, 8.6448647641180588e-14             
   51,    6, 8.8143401349761393e-08,-1.8164399910510200e-07, 8.7220642665122359e-14, 8.5456139494405639e-14             
   51,    7,-8.8556534932708696e-08, 1.2351257313494099e-07, 8.8997318395848587e-14, 9.5971784038233994e-14             
   51,    8,-1.4060377800087501e-07, 2.5993955707163201e-07, 9.7496485923508237e-14, 9.6891029669286431e-14             
   51,    9, 2.9478735004102199e-07, 1.7453220590225801e-08, 1.0107781972001140e-13, 9.9368134555547989e-14             
   51,   10, 8.9217409961188198e-08,-1.2098937403302900e-08, 1.0490951287876292e-13, 1.2039423931921342e-13             
   51,   11, 1.8627735575969200e-07,-6.6511629725070603e-08, 1.0777388401379846e-13, 1.0732108348396641e-13             
   51,   12, 9.4010981058328599e-08,-1.0123374988577800e-07, 1.2545102268726046e-13, 1.2210116572541505e-13             
   51,   13,-3.1703534279591999e-07,-1.5929501281982301e-07, 1.2040999763987684e-13, 1.1966797725128601e-13             
   51,   14,-3.9627738901947999e-09, 9.9113367954738299e-08, 1.4394629835539838e-13, 1.5507729268999731e-13             
   51,   15,-1.6148578915176900e-07, 3.6289800385512699e-07, 1.4054159241707509e-13, 1.4254847785982867e-13             
   51,   16, 8.9752934643802805e-08,-1.8913766092695100e-07, 1.6697864264909378e-13, 1.6815939597757499e-13             
   51,   17,-1.3733739691640401e-07,-4.0348845345683800e-08, 1.6899507124485467e-13, 1.6919573775916667e-13             
   51,   18,-5.5024401372865201e-09, 1.5805159395656500e-07, 1.8461171543119875e-13, 1.8333085533523268e-13             
   51,   19, 1.4441673040435300e-07, 2.2816790306856099e-07, 2.0304285485927159e-13, 2.0265157294584031e-13             
   51,   20,-4.1564367274877102e-08, 1.2915089948190901e-07, 2.0016029725983268e-13, 2.0606741534134079e-13             
   51,   21, 2.4895182134024398e-07,-1.4850962152271801e-07, 2.3916074356965987e-13, 2.3579667572007765e-13             
   51,   22, 6.6649196175591796e-08, 7.5424755769329096e-08, 2.2357078125507090e-13, 2.2044308987431896e-13             
   51,   23,-4.1731377602150102e-09,-2.0484546744637300e-07, 2.6973406878582068e-13, 2.6980242789568024e-13             
   51,   24,-2.4008214362345899e-08, 5.8832445522620601e-09, 2.4460900488381392e-13, 2.4128259952780199e-13             
   51,   25, 1.2739050512373601e-07, 2.7691530974416799e-09, 3.0138726859622037e-13, 2.9997239307414371e-13             
   51,   26,-3.2577186486234797e-08,-3.7681039352521197e-08, 2.7260105236750721e-13, 2.7056074372266107e-13             
   51,   27,-1.4665553382235601e-07,-2.9760940156535201e-07, 3.2885713104864386e-13, 3.2971073660795961e-13             
   51,   28, 1.2972320725319801e-07,-8.6890982687663003e-10, 3.1052552576745587e-13, 3.0998375050067586e-13             
   51,   29, 8.3657976199631795e-08, 1.1932218430062300e-07, 3.5711442432223394e-13, 3.5819432750479845e-13             
   51,   30, 1.3711332121314199e-07, 2.4899447300984801e-07, 3.5341502247616919e-13, 3.5323306223838818e-13             
   51,   31,-1.3968672637619799e-07,-7.0751961866575296e-08, 3.8374586974434798e-13, 3.8230648082911749e-13             
   51,   32,-1.0255600557736100e-07, 5.9260444113704603e-08, 3.9996561129590604e-13, 4.0041035485687029e-13             
   51,   33,-2.0267331277424701e-07,-1.0505847699782400e-07, 4.1477477217669973e-13, 4.1483992554607247e-13             
   51,   34, 1.8444670036054400e-07, 5.3193252988829902e-08, 4.4505148209272681e-13, 4.4597889289577138e-13             
   51,   35,-3.2878218724145102e-09, 1.5208885536404299e-07, 4.4912467641489459e-13, 4.5035894070776300e-13             
   51,   36, 6.8806008827466701e-08,-1.6192977423686101e-07, 4.9619454953409368e-13, 4.9620515405031005e-13             
   51,   37,-3.0243488861186701e-08,-1.7567410872140000e-07, 4.8936369986887669e-13, 4.9075580745258311e-13             
   51,   38,-5.9263647400754101e-08,-6.3154326338880600e-08, 5.4720062491362404e-13, 5.4839992085711470e-13             
   51,   39, 8.2273299236160896e-08,-3.8933911985952800e-08, 5.3574790004364025e-13, 5.3609600243120309e-13             
   51,   40, 6.3646944905882501e-09,-6.4158881221132394e-08, 6.0465585545047370e-13, 6.0474943090618114e-13             
   51,   41,-1.3740809816975601e-07, 1.1203774805160800e-07, 5.9111255121922611e-13, 5.9037099891165226e-13             
   51,   42,-5.1559351865978501e-09,-6.4609949143082798e-08, 6.6633841389576889e-13, 6.6613323000111364e-13             
   51,   43, 5.6581011985299397e-09, 1.6728030751395601e-07, 6.6715940888949024e-13, 6.6827375008307842e-13             
   51,   44,-2.8962205542002697e-07,-2.2103278623811701e-07, 7.3349596612233482e-13, 7.3387915884624097e-13             
   51,   45,-1.7688598595158801e-07,-3.4886433288387701e-08, 7.6809006549962261e-13, 7.7091287956907170e-13             
   51,   46, 1.8532823799877500e-07, 6.7409124260671099e-08, 8.2935859662994170e-13, 8.2661041723885460e-13             
   51,   47, 1.1813117682331201e-07, 9.7802333559142603e-08, 9.1117499421384668e-13, 9.0896407919147656e-13             
   51,   48, 1.5646610341390299e-08,-1.8302085782680600e-07, 9.9025898044820054e-13, 9.9026755519296434e-13             
   51,   49, 5.8476430166299102e-08, 2.4440483291405803e-07, 1.1278127681230551e-12, 1.1259733265922092e-12             
   51,   50, 2.6819822911610899e-08,-2.1196482764324001e-07, 1.2829473929379726e-12, 1.2868701318749828e-12             
   51,   51,-1.1842262528569400e-07, 1.7621044998129500e-07, 2.0261884739680092e-12, 2.0245050714929624e-12             
   52,    0, 2.0863441841274099e-07, 0.0000000000000000e+00, 7.8097172441655347e-14, 0.0000000000000000e+00             
   52,    1,-8.8337930795602696e-09,-3.4010466405226697e-08, 8.9135296190832042e-14, 8.7486580464430131e-14             
   52,    2,-1.7164263363035600e-08, 2.0826113571606601e-07, 7.8375305494930066e-14, 7.8523790031424383e-14             
   52,    3,-5.9546568163601699e-08, 2.0013359220023998e-08, 8.0322798547458531e-14, 8.3921388701509239e-14             
   52,    4, 5.4140269314678203e-08,-1.8534185894930599e-07, 8.4869648320197098e-14, 8.0847648533179068e-14             
   52,    5, 1.4716877736491701e-07, 2.0371616638943101e-07, 8.4357562962706717e-14, 8.4618880561718375e-14             
   52,    6, 3.9681069616279800e-08, 1.7243051425734500e-08, 9.4849187701840721e-14, 8.6949436054919043e-14             
   52,    7, 4.9766193919078798e-09, 8.2769823343345096e-08, 8.7660585124050439e-14, 9.0423177066167807e-14             
   52,    8, 1.2255527861400500e-07,-2.4639118922134000e-08, 9.5794272621062607e-14, 9.5794864868545963e-14             
   52,    9,-5.2099422452793497e-08,-1.4815609375066300e-07, 9.5299227117611514e-14, 9.4455017955461604e-14             
   52,   10,-7.2292554701355093e-08, 1.2706094340683401e-07, 1.2583533643333503e-13, 1.1596678084812365e-13             
   52,   11,-1.6301481233491999e-07,-2.7021444377341901e-07, 1.1826405622639303e-13, 1.0690641375031998e-13             
   52,   12,-6.5578818661087202e-08, 3.1920144178021802e-07, 1.3849950624771327e-13, 1.3901068924772742e-13             
   52,   13, 1.9658754739034800e-07, 1.2157668876316399e-07, 1.3357750067582109e-13, 1.1426372067217510e-13             
   52,   14,-2.5800412000666799e-08, 2.2022788257043399e-07, 1.6259698058898607e-13, 1.6256469573985057e-13             
   52,   15,-1.2010980036791601e-07,-2.0764926414326200e-07, 1.3332536271912768e-13, 1.3355039818808445e-13             
   52,   16, 1.7952677369034600e-07,-1.0331625878940399e-07, 1.8417053381830805e-13, 1.8520423392783525e-13             
   52,   17, 1.2315387428235500e-08, 1.3751843668296099e-07, 1.5638045906306082e-13, 1.6154714965679790e-13             
   52,   18, 1.5195830731980501e-07, 1.7077600922838800e-08, 2.0535094259503987e-13, 2.0509792672586872e-13             
   52,   19, 3.0259077485358503e-08,-3.7825669804993102e-08, 1.8986027682088680e-13, 1.8907809683823888e-13             
   52,   20,-1.0278472313401000e-07,-2.1490777353665999e-07, 2.2105339418242880e-13, 2.2097649287184517e-13             
   52,   21, 9.0012700062011603e-09,-1.0316392697120900e-07, 2.2561294160911616e-13, 2.2448075639147982e-13             
   52,   22,-4.7882195151310297e-08, 3.5858041762745400e-09, 2.3667595697734384e-13, 2.3562321038822001e-13             
   52,   23,-1.4470788369474100e-07,-9.6971434579723697e-08, 2.5898115865057910e-13, 2.5883020307515564e-13             
   52,   24,-7.9306988584381907e-08, 1.7494219784431101e-07, 2.5418918193784151e-13, 2.5306677962926082e-13             
   52,   25, 1.3517305179980701e-07,-4.9553685252943299e-08, 2.9497893372244251e-13, 2.9198846283566243e-13             
   52,   26,-2.0722324319132900e-07, 1.2376118502852000e-07, 2.7784456123699069e-13, 2.7786455537747020e-13             
   52,   27, 2.7896006492694299e-08,-7.2954326729188996e-08, 3.2308604027820466e-13, 3.2557647417175971e-13             
   52,   28,-2.2112007809489800e-07, 3.9500972226239703e-08, 3.0990342597852213e-13, 3.1054867734362044e-13             
   52,   29, 1.2042290051658300e-08, 1.3025819559318100e-08, 3.5580138493281448e-13, 3.5869972100094496e-13             
   52,   30, 4.9262468306812100e-08, 1.5815844477434699e-07, 3.4908539701750458e-13, 3.5020974037773487e-13             
   52,   31,-5.9949669388973604e-08, 4.0058404956064501e-08, 3.9139653089381221e-13, 3.9269956626590638e-13             
   52,   32, 1.1248942058333000e-07,-6.0249571898659598e-08, 3.9362260820878644e-13, 3.9319958043924980e-13             
   52,   33,-5.1404431011357597e-08, 6.5604466634639005e-08, 4.3228986575842305e-13, 4.3510220660131618e-13             
   52,   34, 5.8096938326168401e-08, 1.3296281467227799e-07, 4.4004644499997012e-13, 4.3993989172080088e-13             
   52,   35,-5.4304742300261797e-08, 6.6848757525119105e-08, 4.8005217290521387e-13, 4.8130082253999147e-13             
   52,   36,-4.5360645628704803e-09,-1.5608437041746199e-07, 4.8750952557842597e-13, 4.8914314807634138e-13             
   52,   37,-1.3807770827303599e-07,-5.1795944337372202e-08, 5.3804359555887371e-13, 5.3609259914104793e-13             
   52,   38,-1.1449900169123400e-08,-3.5898986266369103e-08, 5.4260375776735144e-13, 5.3823720532335581e-13             
   52,   39, 1.7376323204164801e-08,-1.8573396478749501e-08, 6.0250022731915457e-13, 5.9784007781343195e-13             
   52,   40, 2.3476795233652700e-07, 8.5066989220792707e-08, 6.0042561187903817e-13, 5.9985813996950114e-13             
   52,   41, 6.5911742504181994e-08, 5.9015714159453799e-08, 6.7118168627354120e-13, 6.6895651982080229e-13             
   52,   42, 3.8150475140612700e-08, 8.5890788248892502e-08, 6.7121640972668554e-13, 6.7177281482390474e-13             
   52,   43,-1.1298338352435201e-08,-6.0441904760747503e-08, 7.4431710289548045e-13, 7.4503945314189855e-13             
   52,   44,-1.0631380223023100e-07,-2.1713587785470301e-07, 7.7116786697464798e-13, 7.7357885514523564e-13             
   52,   45, 2.2758804019817000e-07, 1.5071144687447701e-07, 8.1891057967705823e-13, 8.2101732386877885e-13             
   52,   46,-1.3077384598311001e-07, 3.1011747628688502e-08, 9.1738859929147234e-13, 9.1826960845588820e-13             
   52,   47, 8.7019639056674202e-08,-4.7282094422246701e-08, 9.0832588230677026e-13, 9.0808727492697300e-13             
   52,   48,-1.5143555648910600e-07,-1.6100068388694100e-07, 1.1257671569116931e-12, 1.1277933946316559e-12             
   52,   49,-1.3367174800719400e-07, 1.2456518659211599e-07, 1.0486523306356543e-12, 1.0529087052969190e-12             
   52,   50,-7.9786197289140894e-09, 1.7478678955228801e-08, 1.4468542506473436e-12, 1.4516482945173397e-12             
   52,   51,-3.1657109988271299e-07, 1.3335089033140001e-07, 1.3211446437731720e-12, 1.3173047485152606e-12             
   52,   52, 1.2880381449528100e-08, 4.0774950687209401e-08, 2.4998914423527558e-12, 2.5030204319718286e-12             
   53,    0, 3.7063093659025599e-08, 0.0000000000000000e+00, 7.9533119986488097e-14, 0.0000000000000000e+00             
   53,    1,-1.4646225350344200e-07, 2.8991540656807100e-08, 9.0830024450373109e-14, 8.4639182507083351e-14             
   53,    2,-2.3345458060067901e-07,-2.3931654685248399e-07, 8.2448320424711230e-14, 8.1476114724347371e-14             
   53,    3, 3.1841523324997302e-08, 8.2951484777108506e-08, 9.5470600782898469e-14, 8.3352817858176406e-14             
   53,    4, 8.1465716573507094e-08,-1.4409504014938999e-07, 8.2368183612167181e-14, 8.1247123151075258e-14             
   53,    5,-1.0083138417988500e-07, 6.8928074463289500e-09, 8.3073176437282061e-14, 8.5833242638017203e-14             
   53,    6, 2.5242342397019399e-09, 4.4680553324715799e-08, 8.9373817649904713e-14, 8.7650813636161159e-14             
   53,    7,-6.1171510585941297e-08,-1.6489013591360699e-07, 9.0301971026265972e-14, 9.3429564738195893e-14             
   53,    8,-2.1002505397879600e-07, 6.5021849982857201e-08, 9.6789874246186469e-14, 9.2055647302496359e-14             
   53,    9, 1.1072825352871700e-07,-1.3883546732688600e-09, 1.0485477501083063e-13, 9.8345324949011951e-14             
   53,   10, 7.7784803898946503e-08, 2.1131871264860201e-07, 1.0374953272836437e-13, 1.0608951446127757e-13             
   53,   11, 3.3145723156082700e-08,-3.4514378868190701e-08, 1.1128016198285301e-13, 1.1380358638399843e-13             
   53,   12, 2.2958716119754000e-07, 7.9841554843836395e-08, 1.2081486917126397e-13, 1.1940506896090740e-13             
   53,   13,-8.9612330333629497e-08,-1.0329423630771600e-07, 1.1818851872525746e-13, 1.2623140199123867e-13             
   53,   14, 1.4011665533274001e-07,-1.1947744676511399e-07, 1.3799080564308792e-13, 1.3946656240306944e-13             
   53,   15, 9.0648192034251803e-08, 3.8838849222591500e-08, 1.3578929716121312e-13, 1.3653888312341174e-13             
   53,   16,-1.3064890742663099e-07, 1.4844397864811200e-07, 1.5892543289801679e-13, 1.5930919152918817e-13             
   53,   17, 6.7794416671347797e-08, 2.7222571455554299e-09, 1.6380598512799675e-13, 1.6449161281320581e-13             
   53,   18,-1.2618319452051901e-07, 6.6687889786721398e-08, 1.8236285762859974e-13, 1.7939171403949125e-13             
   53,   19, 1.0172011912976200e-07,-3.1367142332950900e-07, 1.9138705096101231e-13, 1.9240521242514318e-13             
   53,   20,-4.8077212664879897e-08, 5.8299610048071104e-09, 1.9545321274933548e-13, 1.9732502660916488e-13             
   53,   21, 1.4709377804892600e-07, 6.5982347507315100e-08, 2.2198122217595771e-13, 2.2319027175594295e-13             
   53,   22,-1.4195548267185399e-07,-3.2131328103770901e-09, 2.1094835832122760e-13, 2.1172387873558202e-13             
   53,   23, 9.4813719824543499e-08,-8.0510377377110704e-08, 2.5465475918039319e-13, 2.5348538667688489e-13             
   53,   24, 9.2794085639272594e-08,-1.1318561069799400e-07, 2.3357578321906557e-13, 2.3158769289140021e-13             
   53,   25, 3.1433720832074602e-08,-1.9085027092767201e-07, 2.8416502691864997e-13, 2.8270625094852854e-13             
   53,   26,-1.2189175932721199e-07, 1.6531720361083500e-07, 2.5827981044310800e-13, 2.5768371953140749e-13             
   53,   27, 4.6157394235152901e-09,-2.6653462756599900e-08, 3.1244188717229320e-13, 3.1110328423758880e-13             
   53,   28, 5.7891212214029000e-08, 9.0043352411383098e-08, 2.8861365277863044e-13, 2.8876200927821045e-13             
   53,   29,-1.2865273776432500e-08, 7.5487873811157406e-08, 3.3683501554844980e-13, 3.3799699042964932e-13             
   53,   30,-1.3074763769308000e-07,-2.3998932492343601e-07, 3.3077807973948927e-13, 3.2865258794413480e-13             
   53,   31,-9.0815213151619799e-08, 2.1215425977113299e-07, 3.6436921894540905e-13, 3.6311712230167780e-13             
   53,   32, 8.9636420784773006e-08, 2.2479599237817399e-08, 3.7108898399300887e-13, 3.6954515621789400e-13             
   53,   33,-4.0602872006118703e-08, 7.9101227806608397e-08, 3.8949157258955080e-13, 3.9039891115155344e-13             
   53,   34, 1.5515188928547600e-07,-5.3998044234918003e-08, 4.1120220495505902e-13, 4.1262362409928779e-13             
   53,   35,-1.4444849921529201e-07,-3.3584424035747002e-08, 4.2154008589960553e-13, 4.2282695888950838e-13             
   53,   36,-3.6816001437032500e-08, 3.1733931882577698e-08, 4.5506374449146031e-13, 4.5458463191288314e-13             
   53,   37, 1.0496158458585600e-07, 1.5378402132393599e-07, 4.5643244271081760e-13, 4.5693052901459494e-13             
   53,   38, 6.8980119064805096e-08, 5.4462669657557900e-09, 5.0216155614856722e-13, 5.0492613370280038e-13             
   53,   39, 2.4750413821016797e-07,-4.6283414979450499e-08, 4.9722552969864209e-13, 4.9651849472674059e-13             
   53,   40,-9.8566193010344505e-08, 3.0282637708280600e-07, 5.5324719360422081e-13, 5.5357114449799855e-13             
   53,   41,-1.2877298752636500e-07, 7.3979740275336003e-09, 5.4089194295792331e-13, 5.3981808094494799e-13             
   53,   42, 1.2108976758275301e-07,-9.7200339337248400e-08, 6.0924725113477253e-13, 6.0967244992779180e-13             
   53,   43,-3.8272813054823901e-08,-1.1392055523577801e-07, 5.9331569108205028e-13, 5.9401445703297912e-13             
   53,   44, 4.3581760630120100e-08, 9.2481175318766906e-08, 6.6911756326448037e-13, 6.6920563101906215e-13             
   53,   45, 3.4331978915358303e-08, 1.5744241065903599e-07, 6.6884815230537455e-13, 6.7080707053661740e-13             
   53,   46,-6.1231232199241494e-08,-4.0971281524611501e-08, 7.3534446028052460e-13, 7.3347527700927666e-13             
   53,   47,-4.1531117127128003e-08,-3.8997507919579898e-08, 7.7495743397086542e-13, 7.7362669730003464e-13             
   53,   48,-1.0622179335380399e-07, 4.4518973386058802e-09, 8.2424114905078984e-13, 8.2449515564294071e-13             
   53,   49, 8.0074363470709602e-08, 1.8816688653689999e-07, 9.1996807531629507e-13, 9.1881645536366577e-13             
   53,   50, 2.2697994472385400e-07,-3.6739590363501898e-08, 9.8070088960973380e-13, 9.8253900288703422e-13             
   53,   51,-5.3186410067751997e-08,-5.3264404167297401e-08, 1.1371637433683298e-12, 1.1359775814088429e-12             
   53,   52, 1.0043891923360800e-07,-2.2989921445889600e-07, 1.2818527658907876e-12, 1.2786020174649997e-12             
   53,   53,-1.1372511651248200e-07, 2.9221984994047702e-10, 2.0164788657135822e-12, 2.0170370819363888e-12             
   54,    0,-2.1563424453736201e-07, 0.0000000000000000e+00, 9.5272527656862665e-14, 0.0000000000000000e+00             
   54,    1,-2.5733722809196602e-07,-1.9806225573240399e-07, 8.8189061028719143e-14, 8.3241002605314685e-14             
   54,    2, 1.7753177260023399e-07, 7.8870334547916601e-08, 8.7702981060583313e-14, 8.5871741788904652e-14             
   54,    3, 1.5760520969007899e-07, 1.0209737974836000e-07, 8.9183660107508604e-14, 8.4448339010260403e-14             
   54,    4,-3.7669923752267402e-08, 1.3383554142456800e-07, 9.7127891196640008e-14, 8.8710405680634507e-14             
   54,    5, 3.3425989588687201e-08, 2.8543337224524900e-07, 9.2720714033594979e-14, 8.9263903865150899e-14             
   54,    6, 1.9134371522440001e-07, 1.4789259618926599e-07, 9.6358393540348854e-14, 8.8282700540444867e-14             
   54,    7,-1.8496949936785700e-08,-1.6252011504625500e-09, 8.9753735854307998e-14, 9.3695726137313819e-14             
   54,    8, 3.9717587379007099e-08,-1.1408603513396800e-08, 9.5233267590854420e-14, 9.3788635522380154e-14             
   54,    9, 1.3353053365939000e-08, 2.4429577896208701e-08, 9.7419239151847061e-14, 9.4730168877146985e-14             
   54,   10,-1.2346243805522099e-07, 2.9240545826272898e-08, 1.1350069885161591e-13, 1.1110978905918099e-13             
   54,   11,-6.1571162713913297e-08,-1.8618522200259100e-07, 1.0505940657422404e-13, 1.0325518557240998e-13             
   54,   12, 9.4326500426256606e-08, 1.3212238733514701e-07, 1.3326988016897872e-13, 1.3552819625153046e-13             
   54,   13,-1.7444041384807999e-07, 1.7168595173242500e-07, 1.1553563414213145e-13, 1.1853983896692901e-13             
   54,   14, 1.7926876277479199e-07, 3.1141885120297699e-08, 1.6036973036292899e-13, 1.5646166258407063e-13             
   54,   15, 6.7512726790666904e-08, 2.2969936315981700e-08, 1.2972482644808100e-13, 1.2790190946629706e-13             
   54,   16,-1.2345619046286199e-07,-8.2643485070468595e-08, 1.7786263588880069e-13, 1.7884633193018558e-13             
   54,   17,-7.7957040208645994e-09, 4.7811270109178997e-08, 1.5421693431174209e-13, 1.5185258574289173e-13             
   54,   18, 4.1103590345935102e-08,-1.6304990439160900e-07, 1.9828478014163069e-13, 1.9820180676826774e-13             
   54,   19,-5.5133409454305697e-09, 1.0987574203729600e-07, 1.7951975569906824e-13, 1.8274656988145337e-13             
   54,   20,-2.4745326150328499e-07, 1.5694658582876100e-07, 2.1574378310986195e-13, 2.1500214602452547e-13             
   54,   21, 1.2617683628893900e-07, 6.2489082578562497e-08, 2.1245512656024714e-13, 2.1477349160538636e-13             
   54,   22, 2.8366650021813900e-08,-1.2509354136324801e-07, 2.2778894175901376e-13, 2.2787973732204806e-13             
   54,   23, 1.7777067077978200e-08,-8.4562825008243902e-09, 2.4407019501120497e-13, 2.4521652094007371e-13             
   54,   24,-1.8462084421950100e-07, 1.5901783478995399e-09, 2.4338039669428360e-13, 2.4250030371084118e-13             
   54,   25, 7.8166547882243404e-08,-3.1990027660395699e-08, 2.7527757067780851e-13, 2.7688826871912023e-13             
   54,   26,-6.9960660857261702e-08,-9.9247199557210800e-08, 2.6407135998952833e-13, 2.6450556136816566e-13             
   54,   27,-2.2021827093327398e-08, 8.7278813885835897e-09, 3.0623082551045629e-13, 3.0551306571230631e-13             
   54,   28,-1.7527880252964699e-07,-5.1423205974446303e-08, 2.9196139530920566e-13, 2.9456950037539928e-13             
   54,   29, 3.2249422975466201e-07,-1.1254213810686900e-07, 3.3359689300287954e-13, 3.3720988851600546e-13             
   54,   30,-8.4018394361295400e-09, 5.0719249649170699e-08, 3.2736925744055284e-13, 3.3176690932852313e-13             
   54,   31, 1.5928614754257100e-07, 6.2503167826550603e-08, 3.6794006150569122e-13, 3.6901392667747296e-13             
   54,   32, 1.6653693153739899e-07, 3.2434916851179503e-08, 3.6788812416739247e-13, 3.6692889701129507e-13             
   54,   33,-1.9148083048942600e-07,-1.1685283523721300e-07, 4.0212544668117839e-13, 4.0487771828519612e-13             
   54,   34,-2.9324998682150899e-08,-5.1343707013233403e-08, 4.0888467548552159e-13, 4.0931714921418512e-13             
   54,   35,-5.9264817223549200e-08, 1.2423964522574901e-07, 4.4456491769450223e-13, 4.4576857254023205e-13             
   54,   36,-2.8147137199410701e-08, 2.2108821131761901e-07, 4.5287203152935049e-13, 4.5368983493884462e-13             
   54,   37,-3.7815857960799501e-08,-1.4202458805823601e-08, 4.9315048103641246e-13, 4.9252467769881829e-13             
   54,   38, 2.7725756109111198e-07,-1.5213102658955700e-07, 5.0132718248695958e-13, 4.9770920505158074e-13             
   54,   39,-7.8626763835746995e-08,-1.1519794686379801e-07, 5.5104201344175492e-13, 5.4590783557487759e-13             
   54,   40,-1.7568615589775800e-07,-1.2391650286888100e-07, 5.4992746352733268e-13, 5.4903527523901466e-13             
   54,   41, 2.5041655329972298e-08,-1.0336396231939701e-07, 6.1115611914264702e-13, 6.0859221538914498e-13             
   54,   42, 5.9527905309316802e-09,-5.9617261072378599e-08, 6.0719601344243438e-13, 6.0767794003778417e-13             
   54,   43,-4.2179944379162698e-08, 7.4390386070774900e-08, 6.7666656569943577e-13, 6.7746529846545754e-13             
   54,   44,-6.8686090085036595e-08, 1.4830608651974399e-07, 6.7754384448579256e-13, 6.7873955669361644e-13             
   54,   45,-5.0471075140904397e-08,-7.2202535221284799e-08, 7.4692750572856754e-13, 7.4886201729541810e-13             
   54,   46, 4.7875517271154298e-08,-3.1375160907594500e-07, 7.8037863793914200e-13, 7.8012395856490935e-13             
   54,   47,-2.9690556509043900e-08,-1.1931529700710200e-07, 8.1809685599215645e-13, 8.1744041592250021e-13             
   54,   48,-1.8060786007356099e-07,-2.1952935600788401e-09, 9.2735930614437897e-13, 9.2984511945416954e-13             
   54,   49, 1.6066255905562800e-08, 1.7229779429963800e-07, 8.9797248516970870e-13, 9.0089603702315407e-13             
   54,   50,-6.7589499170151906e-08,-1.2755776084647000e-07, 1.1383015109916250e-12, 1.1413892701649577e-12             
   54,   51,-2.8805520580304300e-07, 3.0223190953866499e-08, 1.0389102063186309e-12, 1.0364885792808301e-12             
   54,   52, 2.8529602290719799e-09, 3.4857889563168498e-08, 1.4550703323515854e-12, 1.4576711248538865e-12             
   54,   53,-1.1999092509760400e-07, 3.1073392433916300e-08, 1.3137280640440552e-12, 1.3138772186912618e-12             
   54,   54, 2.3471503553947901e-08, 1.8764245575436499e-07, 2.4848624132645570e-12, 2.4892989386305658e-12             
   55,    0,-1.1868537669502900e-07, 0.0000000000000000e+00, 8.8880985143937859e-14, 0.0000000000000000e+00             
   55,    1,-7.2183644431948103e-08, 1.6175474804469199e-07, 8.4923641723886648e-14, 8.9763327770646121e-14             
   55,    2,-7.0595218157883303e-08, 4.8929603142083103e-09, 8.9672437893364838e-14, 8.1380301821888371e-14             
   55,    3, 7.1585072815155695e-08, 7.2900382473452395e-08, 8.6899525503599352e-14, 9.0623364506875011e-14             
   55,    4,-7.7757237385902797e-08,-2.2573778368415199e-07, 8.3699690660366777e-14, 8.5053560234057003e-14             
   55,    5,-1.1133694327450000e-07,-1.2946964117346600e-07, 9.1622303523973455e-14, 1.0020319803907687e-13             
   55,    6,-2.2496746568877000e-07, 6.3595580450582704e-08, 9.3404270841260454e-14, 8.8696974650218341e-14             
   55,    7,-2.3201483824764900e-08,-4.3402174248202898e-08, 1.1271542150301302e-13, 9.6140617873711747e-14             
   55,    8, 2.4122441852558200e-08, 4.1959780680073397e-07, 9.1804685204145697e-14, 9.3805487493744511e-14             
   55,    9, 1.3789753966590999e-07, 1.2413780497566900e-08, 1.1162799733006677e-13, 1.0114416932815062e-13             
   55,   10,-4.3516624326854501e-08,-4.5285991173245799e-08, 1.0342187745573190e-13, 1.0377752147525311e-13             
   55,   11, 7.8758612353697195e-09,-1.1518674045654500e-07, 1.0489765266357864e-13, 1.0567231954420333e-13             
   55,   12,-2.2148453397357700e-09, 6.7231572948352503e-09, 1.1722888269745791e-13, 1.1602436186905068e-13             
   55,   13,-8.9335998841112696e-08,-3.8629173108791403e-08, 1.1625102659225560e-13, 1.1535774667867020e-13             
   55,   14, 3.4233270099980500e-08,-4.4118049418399002e-08, 1.3459568407893478e-13, 1.3563183507480504e-13             
   55,   15,-7.9815612281452095e-08, 2.5521680760891800e-08, 1.3412553252272819e-13, 1.3260193754903657e-13             
   55,   16,-7.7415283382928100e-08,-1.4692553187070301e-07, 1.5526913274310216e-13, 1.5300254403873691e-13             
   55,   17, 9.1147569862876396e-09,-1.8529380705371701e-07, 1.5784884674611739e-13, 1.5550289696439861e-13             
   55,   18, 5.9647974882508504e-08,-6.9532542002768895e-08, 1.7283326530163087e-13, 1.7165831622706734e-13             
   55,   19, 7.7638990601123707e-08, 5.6238601712683298e-08, 1.8431655396546354e-13, 1.8387892253213472e-13             
   55,   20, 9.0893022314962801e-08,-9.9939151232695499e-08, 1.9012702238813026e-13, 1.9337014225255696e-13             
   55,   21, 2.2741060745775101e-07,-2.4126114917425899e-07, 2.2014675200727348e-13, 2.1126498870310613e-13             
   55,   22,-1.4010099208907299e-07,-3.5248104793332001e-07, 2.0826921892872315e-13, 2.0720994297982455e-13             
   55,   23, 2.4278530533637402e-08,-7.5735641183410299e-08, 2.4646168552959026e-13, 2.4140736030049486e-13             
   55,   24,-4.4190332696180999e-08,-8.0856039246071994e-08, 2.2257887230718193e-13, 2.2103676325013405e-13             
   55,   25, 7.6535031549434999e-08, 3.0443794884833002e-08, 2.6883419319370738e-13, 2.6767870293628461e-13             
   55,   26,-2.6612642397191000e-08, 1.0537012535088700e-07, 2.4769651016975775e-13, 2.4712635948883886e-13             
   55,   27, 1.3938471672416201e-07, 2.4558550585156099e-07, 2.9446028811598884e-13, 2.9671918210069271e-13             
   55,   28, 2.9180300275456299e-07,-1.0593550811774600e-08, 2.7494347035653729e-13, 2.7468737518455828e-13             
   55,   29,-1.5157436684952800e-07,-6.5104053951053694e-08, 3.1992187057889435e-13, 3.2230609512129252e-13             
   55,   30, 4.4582234484002498e-08, 6.6455309040181196e-08, 3.0772607536075581e-13, 3.0747920474511650e-13             
   55,   31, 5.0658445830770499e-08,-1.8486316884732900e-08, 3.4547370984986499e-13, 3.4401911356763796e-13             
   55,   32,-9.1548871126967794e-08,-1.4826082545920201e-07, 3.4686743293037318e-13, 3.4550174609841957e-13             
   55,   33,-9.4803674718267305e-08,-2.0710274527923399e-07, 3.7063640827916267e-13, 3.7011606917055934e-13             
   55,   34, 1.3642172207075700e-07,-2.4530351673585800e-08, 3.8262016497258667e-13, 3.8378893947026007e-13             
   55,   35,-1.4262694749118201e-07, 8.8561713675443501e-08, 3.9717483828278244e-13, 3.9802648002179407e-13             
   55,   36,-1.1894839660450400e-07, 7.0867460378177299e-09, 4.2131685386017739e-13, 4.2112842244336839e-13             
   55,   37, 1.3942252070003101e-07,-9.4934215151331403e-08, 4.2996541627832891e-13, 4.3123539792791767e-13             
   55,   38,-6.3458954189973004e-08, 1.1183145132468800e-07, 4.6206569640975282e-13, 4.6337982224130418e-13             
   55,   39,-2.6228295689712099e-07, 1.2156503605109500e-07, 4.6402790334657807e-13, 4.6422456012785181e-13             
   55,   40,-8.2117271362647293e-08,-6.0367226150501595e-08, 5.1004235464231366e-13, 5.0885882702778868e-13             
   55,   41, 2.0865760230408700e-07, 1.1251228347943201e-07, 5.0259602287207689e-13, 5.0297140696593889e-13             
   55,   42,-2.5985100372680199e-07, 2.0586495770682898e-08, 5.5884166826193509e-13, 5.5981201148864535e-13             
   55,   43, 7.0290204645128101e-08,-7.3249031308308402e-08, 5.4387468975568272e-13, 5.4467912688381080e-13             
   55,   44,-9.2576010545465903e-08,-7.4643411604552095e-08, 6.1501729783148523e-13, 6.1467458123087151e-13             
   55,   45, 1.8081692982409199e-07,-6.1529578485644805e-08, 5.9580130184659993e-13, 5.9656731517210732e-13             
   55,   46,-3.1528907109832902e-09,-8.1285158081313198e-08, 6.7411542984862179e-13, 6.7257121035301195e-13             
   55,   47, 3.4078869637621301e-08, 2.4898102388592298e-07, 6.7318724040172909e-13, 6.7161693014143486e-13             
   55,   48, 1.0942503959105201e-07, 9.8226195509295105e-08, 7.3571597100217634e-13, 7.3682977623469891e-13             
   55,   49, 1.4215316411488800e-07, 5.9214424485172498e-08, 7.8009788051572208e-13, 7.7979994467983708e-13             
   55,   50,-2.1083640027476700e-08,-1.5493294886648199e-07, 8.2114183767972248e-13, 8.2160164259880651e-13             
   55,   51, 4.6901359363765502e-08,-9.2926445979354496e-08, 9.3137275238594721e-13, 9.2880709042912459e-13             
   55,   52, 3.8859729198645500e-08, 9.4581209124010503e-08, 9.7440833417571231e-13, 9.7296068746470984e-13             
   55,   53,-2.5495984207071101e-08, 6.3093444862219696e-08, 1.1474824369527642e-12, 1.1463329817852298e-12             
   55,   54, 1.7513737513650201e-07, 5.8160982166312300e-08, 1.2799343565137800e-12, 1.2756409937606190e-12             
   55,   55,-1.2850364807620400e-07,-5.0578565197770900e-08, 2.0068401311301822e-12, 2.0137983012101919e-12             
   56,    0, 2.0593323691511400e-08, 0.0000000000000000e+00, 8.4457276988625262e-14, 0.0000000000000000e+00             
   56,    1, 1.0637591780016600e-09,-2.8434377795368400e-08, 8.2885392017228593e-14, 8.4283523718623569e-14             
   56,    2, 6.1762165195980101e-08, 6.7175423071732100e-08, 9.0745067848164189e-14, 8.4086549900811950e-14             
   56,    3,-4.8218264535405099e-08,-1.9949673535806001e-07, 8.7654691892557194e-14, 8.6304485597636203e-14             
   56,    4,-1.1920619858782300e-07,-2.5415301288862100e-07, 8.4558865494868479e-14, 9.3593121162014191e-14             
   56,    5,-1.2591360552821699e-07, 1.6894534040927300e-07, 9.2330305438911086e-14, 8.9014616015950786e-14             
   56,    6, 3.6071887302988702e-08, 2.3753012696960700e-08, 1.0584700527359266e-13, 8.9178972568612809e-14             
   56,    7, 1.0830247736954500e-07, 2.0546532071293200e-07, 9.0278907231638815e-14, 9.0386895643352726e-14             
   56,    8,-9.7021363496869496e-09, 4.4100630781398098e-08, 9.5868400848770496e-14, 9.7363965493285302e-14             
   56,    9,-8.3530208477212097e-08,-2.2466821800402299e-07, 9.6126885585263405e-14, 9.7984031504861541e-14             
   56,   10,-1.3132443583375799e-07, 8.5056984067516401e-09, 1.1292655798369573e-13, 1.1053616168656255e-13             
   56,   11, 1.4186148244608800e-07, 5.9962077195424205e-08, 1.0258808074505894e-13, 1.0285274295529391e-13             
   56,   12, 2.4283027156866900e-08, 1.6468182759323100e-08, 1.2868189332974693e-13, 1.2893052747525717e-13             
   56,   13,-1.0290151412013200e-07,-1.8728527186267501e-08, 1.1439063992025948e-13, 1.1927952621387074e-13             
   56,   14, 2.9644187375236700e-07, 5.6851179741274602e-08, 1.5237687348371348e-13, 1.5181208296465648e-13             
   56,   15,-8.4623171071356095e-08,-5.3960004955507602e-08, 1.2742884657819156e-13, 1.3099123839530433e-13             
   56,   16,-6.0779995964777502e-08,-3.3855125370649201e-08, 1.7263213696297219e-13, 1.7201508141709088e-13             
   56,   17, 5.0728103673729099e-08, 1.3804206429937401e-07, 1.4638217526126050e-13, 1.4728403432763448e-13             
   56,   18,-4.7529388966464500e-08,-5.0034437060366503e-08, 1.9068532382591120e-13, 1.9082052012024075e-13             
   56,   19, 6.2408072081062199e-10,-5.2768011583800201e-08, 1.7185585582239464e-13, 1.7334148833376112e-13             
   56,   20,-1.7416763869093299e-08, 7.0438653991408904e-08, 2.0724833413975398e-13, 2.0890839134638472e-13             
   56,   21,-1.9467193036739000e-07,-6.6196748422339197e-08, 2.0458402048126794e-13, 2.0178595812404347e-13             
   56,   22, 4.5351332136706102e-08, 1.3336528827615700e-07, 2.2265006868018927e-13, 2.2531692087022987e-13             
   56,   23,-1.4148797038631900e-07, 2.7141805269685602e-07, 2.3587944750417328e-13, 2.3388016795625321e-13             
   56,   24, 7.5895250527594005e-08, 7.2577956954374894e-08, 2.3620786488313101e-13, 2.3602918398552686e-13             
   56,   25, 2.3146200454392600e-08,-1.4216515884017099e-07, 2.6064100820154879e-13, 2.6057914629009177e-13             
   56,   26, 3.2631538196365103e-08,-6.1222569995654596e-08, 2.5475467370180473e-13, 2.5322272124224930e-13             
   56,   27, 1.3000095515101300e-07,-9.8218693202557499e-08, 2.9153256119240268e-13, 2.9008065973575519e-13             
   56,   28,-1.9745401308387099e-07,-1.7214178111256801e-07, 2.7784716640280337e-13, 2.7743104207597406e-13             
   56,   29,-1.2137730564257800e-07,-5.2378146422946802e-09, 3.1598146489179271e-13, 3.1833574494853028e-13             
   56,   30, 2.2774889725694300e-07, 1.8254828065437899e-07, 3.0854605633542733e-13, 3.1186636722031660e-13             
   56,   31,-2.6912221633099100e-07,-1.1252919678330999e-07, 3.4709796352836689e-13, 3.4783831027823043e-13             
   56,   32,-5.0463494621624502e-08,-2.1541842169824899e-08, 3.4529439287434692e-13, 3.4628736441177840e-13             
   56,   33, 6.5402962278381997e-09, 1.6453963998105000e-07, 3.7845042919669959e-13, 3.8095192523114615e-13             
   56,   34,-6.8432671117097195e-08, 6.9189628860678701e-08, 3.8319205874826966e-13, 3.8357881081863523e-13             
   56,   35,-1.0848326206785400e-07,-6.8679750720368696e-08, 4.1436814282107372e-13, 4.1517002848459002e-13             
   56,   36, 6.0983238315919401e-08,-1.6328853836501201e-07, 4.2258185357793401e-13, 4.2349744034110342e-13             
   56,   37,-3.4418492072343200e-09, 1.1460772247956900e-08, 4.5724261446433037e-13, 4.5537499842711815e-13             
   56,   38,-4.9831575353852700e-09, 1.3946836830741301e-07, 4.6682163530530390e-13, 4.6405869743901641e-13             
   56,   39, 4.7507456931652303e-08, 9.7873269341576904e-08, 5.0647615806335942e-13, 5.0170683582453303e-13             
   56,   40, 1.0762324980873000e-07,-5.9252565834755800e-09, 5.0987136394276698e-13, 5.0956116471529496e-13             
   56,   41,-3.7105533972556998e-08,-1.9650729313706498e-08, 5.5937553885120744e-13, 5.5754146159326000e-13             
   56,   42,-1.9564847742253700e-07, 1.5077822609810701e-07, 5.5791430343495055e-13, 5.5861745236262901e-13             
   56,   43, 1.9427330942972800e-07, 1.3790825934952400e-07, 6.1855390857844785e-13, 6.1892153250025505e-13             
   56,   44, 1.3496983047532301e-07, 1.1355636045128799e-07, 6.1399071257951910e-13, 6.1565364523218719e-13             
   56,   45, 1.0699050916530099e-07,-5.3391652871693902e-08, 6.8302629183905037e-13, 6.8473808586724733e-13             
   56,   46,-2.0981833287396700e-07,-2.5052599345527501e-08, 6.8522612539514432e-13, 6.8524746829764639e-13             
   56,   47,-5.2354210533692697e-08, 1.0244886034886601e-07, 7.5173854388789304e-13, 7.5031436329725161e-13             
   56,   48,-1.5706679183306299e-07,-7.1108908658185101e-08, 7.8787668187516323e-13, 7.8962613946232326e-13             
   56,   49, 2.9236437529514800e-08,-1.5053523617051599e-07, 8.1416829278275745e-13, 8.1719880849180568e-13             
   56,   50,-2.0892537481563900e-07, 2.9503385461180300e-08, 9.3918087350384388e-13, 9.4111235191355831e-13             
   56,   51,-1.8364407440247100e-08, 2.0451174064415599e-07, 8.9351983466447779e-13, 8.9013794372782153e-13             
   56,   52, 6.3047389842474603e-08,-1.4046412434886800e-08, 1.1518169860135477e-12, 1.1531308968416809e-12             
   56,   53, 1.0244938319847700e-07,-1.1049013808498900e-07, 1.0257349181284573e-12, 1.0272368566851681e-12             
   56,   54, 5.6645425386421296e-10,-2.1244709354328400e-08, 1.4621679852832128e-12, 1.4640679725596091e-12             
   56,   55,-1.6979765484684799e-07, 2.9833416763934297e-08, 1.3097657625488854e-12, 1.3122571460414445e-12             
   56,   56, 1.3607573305150701e-07,-3.2768131282626603e-08, 2.4708531277387267e-12, 2.4779926978102065e-12             
   57,    0, 2.8322352187599299e-08, 0.0000000000000000e+00, 8.4479370195166229e-14, 0.0000000000000000e+00             
   57,    1, 9.4513656194439594e-09, 7.3713023526844405e-08, 8.3980007262438389e-14, 8.7727804820418484e-14             
   57,    2, 1.3937696591911201e-07,-2.5949803742864998e-08, 8.5042590808252568e-14, 8.4564204937939077e-14             
   57,    3,-5.4975353779615899e-08,-1.8855175136362299e-07, 8.8857074984713847e-14, 8.5707456371053777e-14             
   57,    4,-7.8296240223825504e-08, 1.5840609503958799e-07, 9.0025181306033450e-14, 8.7505378076746974e-14             
   57,    5,-8.9765275391032593e-09,-7.0614721043213399e-09, 9.2228577604400171e-14, 8.9806645773101057e-14             
   57,    6, 3.3546528605356902e-08, 3.7294652786100500e-08, 9.0324519195600763e-14, 9.2029668197483297e-14             
   57,    7,-1.8164520851045501e-07, 1.8611050010796401e-08, 9.4429607386034823e-14, 9.5596292403943083e-14             
   57,    8, 1.5017406694427400e-07,-1.3364307916925499e-07, 9.2395580701175447e-14, 1.0059101093784962e-13             
   57,    9,-9.9686139137741399e-08,-3.2199977572233297e-08, 9.9487006465812176e-14, 1.0646080658971553e-13             
   57,   10, 5.7461646241687102e-08, 1.9030611765035700e-08, 1.0465217346490707e-13, 1.0308167761584708e-13             
   57,   11, 4.7312514491692599e-08,-1.1580459465324700e-07, 1.0863913987048721e-13, 1.0809765442458936e-13             
   57,   12,-6.4921740942615203e-08,-6.8188896231096802e-08, 1.1965284710120719e-13, 1.1458787925076210e-13             
   57,   13,-5.6966230263247197e-09,-1.5817592380066500e-07, 1.2021891109038157e-13, 1.1742712582921604e-13             
   57,   14,-6.1395609223259502e-08,-1.6451617414601499e-07, 1.3389681206106057e-13, 1.3315338025641205e-13             
   57,   15,-2.0703776672047601e-07,-3.1861010765435802e-08, 1.3380505484775500e-13, 1.3107247592289560e-13             
   57,   16,-5.1883122789266903e-08,-4.0412598515823997e-08, 1.4914472069603959e-13, 1.5429853594811806e-13             
   57,   17,-7.8913674246699494e-08, 8.2000452179454404e-08, 1.5103762250807226e-13, 1.5002806834413017e-13             
   57,   18, 1.4924746567354599e-07,-1.2483187491722001e-07, 1.6849689405053804e-13, 1.6563400282154186e-13             
   57,   19, 1.1594869819593200e-07, 1.0581479557459100e-07, 1.7524757922286391e-13, 1.7526008851030095e-13             
   57,   20,-1.1328424328105900e-07, 3.1646327260879200e-09, 1.8578578741134726e-13, 1.8339484091537143e-13             
   57,   21,-2.0808049808058098e-08, 1.8195210888588199e-07, 2.0138232199709580e-13, 2.0222998564082239e-13             
   57,   22,-4.6699070351289699e-08, 4.3476788666096199e-08, 2.0169911207496516e-13, 1.9866016631561170e-13             
   57,   23, 8.2525728287672797e-08, 6.1927538354874103e-08, 2.2962479682247613e-13, 2.2967452924594232e-13             
   57,   24, 1.1273398260999300e-07,-1.2144761792781099e-07, 2.1603379342397526e-13, 2.1562715497310113e-13             
   57,   25,-3.9070155223002803e-08,-6.3692279027318604e-08, 2.5598423447584036e-13, 2.5596012991819158e-13             
   57,   26, 1.4701692096118100e-08, 1.0470930136916100e-07, 2.3452955733044531e-13, 2.3687331680274835e-13             
   57,   27,-1.4878375767331600e-07, 4.0823561516173300e-08, 2.8007153073009665e-13, 2.8078085206883544e-13             
   57,   28,-2.9912671805984502e-08,-1.2989693320612201e-07, 2.6244563955961406e-13, 2.6108530896105933e-13             
   57,   29, 6.6679512758697802e-08, 1.5437110908623801e-07, 3.0407486050971965e-13, 3.0436463853962010e-13             
   57,   30,-1.7314741491242899e-08,-6.3718047592084501e-08, 2.9058245262534884e-13, 2.9064266451858048e-13             
   57,   31,-1.4405802915546901e-07,-6.3249531454182104e-08, 3.2879353670503670e-13, 3.2817707067524449e-13             
   57,   32, 1.8348247554015699e-07,-9.2542856441228995e-08, 3.2486355388061482e-13, 3.2498996064805554e-13             
   57,   33, 5.3437489943433103e-08, 4.4211736515872699e-08, 3.5300008496199098e-13, 3.5204921770169448e-13             
   57,   34,-4.6050624834494298e-08, 6.1352339401092601e-09, 3.5927159633719649e-13, 3.5950533993327802e-13             
   57,   35,-3.3560529679303401e-08, 2.2179680237895001e-08, 3.7735787412364531e-13, 3.7830105868279666e-13             
   57,   36,-3.5528392429046201e-08,-6.5792920201712399e-08, 3.9334637780328275e-13, 3.9282016515492022e-13             
   57,   37,-7.0828095676971803e-09, 9.0944071041383393e-09, 4.0629732395146882e-13, 4.0665443530665435e-13             
   57,   38, 2.7740190092044202e-08,-1.6065216917865101e-07, 4.2861092777615754e-13, 4.2970356029989411e-13             
   57,   39,-1.2379495002634101e-07, 4.1283739657959901e-08, 4.3957428952512481e-13, 4.3921948314190562e-13             
   57,   40,-2.3112219459759801e-07,-1.6046731418853101e-07, 4.6996493617742360e-13, 4.7020954148393499e-13             
   57,   41,-6.8159475338055506e-08,-4.1010369483480798e-08, 4.7263404626659148e-13, 4.7098332840061289e-13             
   57,   42, 2.4380701846657602e-08,-1.3850974019133000e-07, 5.1489791884778499e-13, 5.1531189873346343e-13             
   57,   43, 7.4866744434524702e-08,-9.7220308500550704e-08, 5.0854754709261574e-13, 5.0831399318584835e-13             
   57,   44,-2.5084007526473300e-07,-7.7541466501502495e-08, 5.6502035423850572e-13, 5.6513530348916421e-13             
   57,   45, 6.4962241190323301e-09,-3.0646463284979802e-08, 5.4722931748151883e-13, 5.4824776516464171e-13             
   57,   46,-3.2875212036603102e-08,-1.2100359284854600e-07, 6.2115868988506816e-13, 6.1980559950755324e-13             
   57,   47, 4.7106980434781601e-08, 7.4709373537885695e-08, 5.9969667765213831e-13, 5.9779562878269395e-13             
   57,   48, 5.1503188245628399e-08, 7.1493143193580803e-09, 6.7769604239742931e-13, 6.7878609827348923e-13             
   57,   49, 2.5393939902866899e-07,-5.8917331065547400e-08, 6.7526560916072266e-13, 6.7573732111625119e-13             
   57,   50,-2.2813860977386700e-07, 1.2542955801356700e-07, 7.3886283173787062e-13, 7.3878795793306502e-13             
   57,   51,-9.6311115405893002e-08,-7.2222170044945505e-08, 7.8758306375622412e-13, 7.8618011775927386e-13             
   57,   52,-9.4225689936159894e-08,-2.8915792586987602e-07, 8.1919001792683430e-13, 8.1876924509281587e-13             
   57,   53,-7.1315652688507300e-08,-2.4512053471267700e-08, 9.4194896052873333e-13, 9.4162044409313903e-13             
   57,   54,-3.8134356762310399e-08, 6.6082102513704897e-09, 9.6840546501191075e-13, 9.6503440826629990e-13             
   57,   55,-3.6051335958364100e-08, 1.5343293518616299e-07, 1.1564347972397042e-12, 1.1597968494154167e-12             
   57,   56, 1.0973306958886700e-07, 7.1985100424461998e-08, 1.2757141678978996e-12, 1.2799779332116784e-12             
   57,   57,-3.8024786950937297e-08, 2.3159313434250901e-07, 2.0090051601011138e-12, 2.0027781384707831e-12             
   58,    0, 8.5126622834539500e-08, 0.0000000000000000e+00, 9.3408178226383645e-14, 0.0000000000000000e+00             
   58,    1, 1.3722412429238501e-07,-1.7713588553048399e-07, 9.0112548888379889e-14, 9.1702516007437915e-14             
   58,    2, 6.2927627523602300e-08,-2.3281802587585200e-07, 8.8448557852113949e-14, 8.6107870129556056e-14             
   58,    3,-1.1637929444169100e-07, 7.0013880465960602e-08, 9.3468498673424286e-14, 9.3133808228885959e-14             
   58,    4, 1.5899267860803799e-07,-1.4094730371939301e-08, 9.1737820523490189e-14, 8.6560402239087688e-14             
   58,    5, 1.9956449704683701e-07, 9.3009422025532198e-08, 8.8642368849696070e-14, 9.1138835272778677e-14             
   58,    6,-3.6647286900823300e-08, 1.0014157039287900e-07, 8.8419493395164573e-14, 1.0230971029083388e-13             
   58,    7, 1.3960475885107301e-07,-8.5343269892494405e-08, 9.1286742764754756e-14, 9.7375693013526576e-14             
   58,    8,-1.8881266034829200e-07,-1.4590056029694301e-07, 1.0266062083987388e-13, 9.7825465373589695e-14             
   58,    9, 1.5094805295287499e-08,-1.5023058857889501e-07, 9.7792073441237424e-14, 1.0404000624704629e-13             
   58,   10,-9.7063259973408797e-09, 4.9912423049700402e-08, 1.1158572241629980e-13, 1.0861458772990181e-13             
   58,   11,-3.4076199472219903e-08,-1.7006625688011201e-08, 1.0513537200569591e-13, 1.0425816024256082e-13             
   58,   12,-3.4708101499913000e-08, 8.2753220088299800e-08, 1.2680772658383372e-13, 1.3365047512011622e-13             
   58,   13,-2.0451027857090399e-07, 1.0610292235889400e-07, 1.2150434504228727e-13, 1.1129962917191092e-13             
   58,   14, 4.9221218778158903e-08, 2.6122508238873801e-07, 1.4634361954382016e-13, 1.4948052093258769e-13             
   58,   15,-3.8707760058137299e-08,-1.4128046510439901e-07, 1.2805213120682718e-13, 1.2578917506014312e-13             
   58,   16, 5.8776662265184300e-08,-2.3588455822700201e-08, 1.6792250931214572e-13, 1.6812008486625084e-13             
   58,   17,-1.0193395932630000e-07,-3.3436477696646898e-08, 1.4263201603828889e-13, 1.4551869408798567e-13             
   58,   18, 1.5167246974347199e-07,-2.7844573395707001e-08, 1.8492045635495697e-13, 1.8813510468492288e-13             
   58,   19,-1.2884175038281400e-07, 5.7853148922310297e-08, 1.6706873458103084e-13, 1.6696206376703563e-13             
   58,   20,-4.6202568655460202e-08, 7.0489974517347703e-08, 2.0137319729519988e-13, 2.0145865939614068e-13             
   58,   21,-2.4798502891617899e-09,-1.8967603485875301e-08, 1.9372906197892154e-13, 1.9407971339117263e-13             
   58,   22, 1.0087843765501499e-07,-1.1481436691208700e-07, 2.1487300894174479e-13, 2.1370356213004037e-13             
   58,   23,-5.1989085844688797e-08,-2.5833804864405499e-08, 2.2566432347025789e-13, 2.2159321723406832e-13             
   58,   24,-9.8685541827740902e-08,-2.0910872257861299e-07, 2.2815152775395261e-13, 2.2859640664526187e-13             
   58,   25,-7.9826788296201694e-08, 1.7761517174487699e-07, 2.5039399820324147e-13, 2.4959503099363679e-13             
   58,   26, 1.0305028238118300e-07, 1.1212058306730899e-07, 2.4465023492732926e-13, 2.4509022048805802e-13             
   58,   27,-3.5287913795277699e-08,-6.6930227420856003e-08, 2.7533781136817026e-13, 2.7465290054751890e-13             
   58,   28, 6.6085996918943600e-09,-1.4870389321302401e-08, 2.6556306231966714e-13, 2.6526873659337341e-13             
   58,   29,-4.2377553712674203e-08, 7.9183462104527006e-09, 3.0158941457176052e-13, 3.0305719840636988e-13             
   58,   30,-2.0924814750288600e-08, 6.5108819005064499e-08, 2.9230348932046299e-13, 2.9258173629006962e-13             
   58,   31, 3.6756437571242201e-08, 4.9949114695229101e-08, 3.2856841367230377e-13, 3.2886836776210765e-13             
   58,   32,-2.7737220471760700e-08,-1.0654893068086001e-07, 3.2489153224261387e-13, 3.2446336287336146e-13             
   58,   33,-4.0562534450104601e-08,-4.4374492964703000e-09, 3.5866049369897980e-13, 3.5927306487406464e-13             
   58,   34,-5.1900656999247500e-08,-7.5206261419446003e-08, 3.6043911959709290e-13, 3.6052328585833657e-13             
   58,   35, 4.4498067904489903e-08,-4.3651819212685703e-08, 3.9037257359295750e-13, 3.9142365501939587e-13             
   58,   36, 4.4685198018902000e-08, 1.1568074993925300e-07, 3.9704130579966719e-13, 3.9913897169544472e-13             
   58,   37, 1.7265926395332601e-07,-2.4891992236897499e-08, 4.2707211192979879e-13, 4.2522943780665548e-13             
   58,   38, 3.9345210560351103e-09,-4.3434217811261697e-08, 4.3715382822747725e-13, 4.3560564219290208e-13             
   58,   39, 4.8834608039567497e-08, 1.8720558797096300e-07, 4.6952028205237000e-13, 4.6500735377087613e-13             
   58,   40,-4.3945534392361403e-08,-2.0747332016228900e-08, 4.7798520458363196e-13, 4.7668555123482931e-13             
   58,   41, 1.0615197310290701e-09, 3.8174598478435602e-08, 5.1632782470213848e-13, 5.1344852855057156e-13             
   58,   42, 8.7448898421166994e-08, 2.0834787284221999e-07, 5.1946482632428471e-13, 5.2038784025449269e-13             
   58,   43,-1.2549508580547401e-07,-1.4267144070111000e-07, 5.6762072596933367e-13, 5.6859093676329241e-13             
   58,   44, 5.8622240146047801e-08,-3.8337823291673999e-09, 5.6647359826105256e-13, 5.6762661750638539e-13             
   58,   45, 2.7408737696610598e-07, 1.9623095028358299e-07, 6.2572555052572453e-13, 6.2808283357946935e-13             
   58,   46, 3.5698036300186800e-08,-7.2673361980922497e-08, 6.2225603707247510e-13, 6.2348305366847668e-13             
   58,   47, 3.7166645701582402e-08, 5.5408604484639598e-08, 6.9133720925133646e-13, 6.8945299140355787e-13             
   58,   48, 5.4492581232114701e-08,-2.1638102632695900e-07, 6.9204734870654786e-13, 6.9342342117870845e-13             
   58,   49,-3.3696697036485199e-09,-2.0770243416604599e-07, 7.5285790829943679e-13, 7.5535525077269484e-13             
   58,   50, 4.0503146700604600e-09, 8.0071628913693399e-08, 7.9783016256616984e-13, 7.9827991423281460e-13             
   58,   51, 7.5100559622277698e-08,-1.5211750741797301e-07, 8.1576271414577660e-13, 8.1302539844076373e-13             
   58,   52, 9.0450299850997596e-08, 5.8055040592728297e-08, 9.5136473795035744e-13, 9.5164612329932764e-13             
   58,   53, 1.7266286919192601e-07, 1.4099705433537199e-07, 8.8497945632754265e-13, 8.8643524473267551e-13             
   58,   54,-4.4634517841279897e-08, 1.0646407663069100e-08, 1.1630704463921585e-12, 1.1662326384900745e-12             
   58,   55,-5.2131622530381001e-08, 1.2679682125531101e-07, 1.0159385935789067e-12, 1.0180070739975352e-12             
   58,   56,-1.0129571112062101e-07,-1.7314305137067599e-07, 1.4691321803482062e-12, 1.4706543268016507e-12             
   58,   57,-1.9632436853093999e-07,-1.5049743738529599e-07, 1.3102804267330801e-12, 1.3114536890827222e-12             
   58,   58, 7.0792513123560201e-08,-3.7762273019912403e-08, 2.4590408436961063e-12, 2.4677937500523302e-12             
   59,    0, 8.2679575799145400e-08, 0.0000000000000000e+00, 8.5802655900449161e-14, 0.0000000000000000e+00             
   59,    1,-2.0662216681620399e-07,-2.4241179296105301e-08, 8.8656787537337417e-14, 8.5820220814474908e-14             
   59,    2,-9.4111654657233303e-08, 1.1554077351761200e-07, 8.5914655512801302e-14, 9.7226215292954806e-14             
   59,    3,-8.2460761688693498e-08, 3.9148853662221103e-08, 8.8504675651846935e-14, 8.8678355778307265e-14             
   59,    4, 5.9019538601701699e-08,-2.3262204646167901e-08, 8.6166510513084496e-14, 1.0282998675679085e-13             
   59,    5,-2.8131050947865802e-07,-5.0561096715684699e-09, 9.1014585689522412e-14, 8.8962306129764737e-14             
   59,    6, 3.1803155726930303e-08,-5.9852815553409006e-08, 8.8009849778001917e-14, 1.1697559220474940e-13             
   59,    7,-2.2089547471101200e-07, 5.9527180473698397e-08, 9.6748172037050366e-14, 9.7041056312662188e-14             
   59,    8, 1.4050039961711899e-07, 2.2501377845877501e-07, 9.9631374883013240e-14, 9.9075788029481758e-14             
   59,    9, 1.6972807583702799e-08, 1.2929606136156499e-07, 1.0614835705699678e-13, 9.8432049898814920e-14             
   59,   10,-8.7509799228251404e-08, 9.1125501221804601e-09, 1.0501350892717425e-13, 1.0250858153866261e-13             
   59,   11, 1.1888705849486299e-07, 3.8961203507401603e-08, 1.0474153973795116e-13, 1.1469617034442455e-13             
   59,   12,-2.0473610515917099e-07, 4.9860494464950298e-08, 1.1451245374633965e-13, 1.1467076824217057e-13             
   59,   13,-9.8616070697966905e-08,-1.2933413410639501e-07, 1.1730179642008229e-13, 1.1460233304554097e-13             
   59,   14, 1.6130200466742799e-07,-4.5229181294653403e-08, 1.3604275465662708e-13, 1.3324626667629090e-13             
   59,   15,-1.8347583800314799e-07,-1.9962738354852200e-07, 1.2952420936441775e-13, 1.3356745895171249e-13             
   59,   16, 1.2465174677981901e-07, 1.7123763133420601e-07, 1.4543922113910348e-13, 1.4921253119397071e-13             
   59,   17,-2.5884967144495499e-08, 1.7481722485008400e-07, 1.4733803257855438e-13, 1.4932076865591808e-13             
   59,   18, 1.2065473975345600e-08,-3.0362188443885602e-08, 1.6295766071752951e-13, 1.6401132792510531e-13             
   59,   19, 2.6311760396316701e-08,-4.7058858038065799e-08, 1.6848989242398635e-13, 1.6978283053574999e-13             
   59,   20,-3.0671283253045903e-08, 5.0116231798874202e-08, 1.7750723016178712e-13, 1.7895701317660375e-13             
   59,   21, 7.5765519238771197e-08, 1.3610207745497099e-07, 1.9415158604301517e-13, 1.9393037710940073e-13             
   59,   22, 1.2185080874492700e-08,-1.5372965663696500e-07, 1.9515497110795232e-13, 1.9285005984771801e-13             
   59,   23,-2.3519694990885800e-08, 2.7970333677355700e-08, 2.1873454456923603e-13, 2.1848055185681301e-13             
   59,   24,-6.4134560702437200e-08, 1.8692270226183500e-07, 2.0913889668622266e-13, 2.0765021463226341e-13             
   59,   25, 5.5220417013931897e-08,-7.9832115567587801e-09, 2.4461215449054169e-13, 2.4365211112341933e-13             
   59,   26, 1.2794435500907100e-08,-9.0866221792533797e-08, 2.2792442856940070e-13, 2.2777818064205363e-13             
   59,   27, 6.0523011549714500e-09, 6.6025695907951600e-08, 2.6749546549330767e-13, 2.6833339395722669e-13             
   59,   28,-4.2320728405347701e-08, 1.9315479913410001e-08, 2.5111952486887453e-13, 2.4986295590189999e-13             
   59,   29,-7.4070936620422102e-08, 1.2564445739444699e-07, 2.9063737390602583e-13, 2.9110398330679779e-13             
   59,   30, 4.8589171388914302e-08,-1.7258375708901400e-07, 2.7778262109914377e-13, 2.7864872233037610e-13             
   59,   31,-1.6722958851139599e-07, 1.2812297135582199e-08, 3.1324866391396730e-13, 3.1225078550937916e-13             
   59,   32,-5.5649166464404101e-08, 3.7564697692786698e-08, 3.0637845738526255e-13, 3.0644586653683022e-13             
   59,   33, 2.8395316194507598e-07, 5.8711142098034198e-08, 3.3643657033500121e-13, 3.3553809553550879e-13             
   59,   34, 1.9739136770416001e-08, 3.8406354786337902e-08, 3.3901246963149741e-13, 3.4249970108060003e-13             
   59,   35, 7.4465323396275000e-08, 1.8551641861017400e-09, 3.6123052109050261e-13, 3.6019404244688278e-13             
   59,   36, 1.0835409981389900e-07, 2.7572094210960401e-07, 3.7128887670145068e-13, 3.7042659823876100e-13             
   59,   37,-1.8855834010317701e-07,-1.9175469622306800e-07, 3.8807037810099581e-13, 3.8624243280102036e-13             
   59,   38,-2.0264501081772200e-08, 8.6561297239910497e-08, 4.0120499958369051e-13, 4.0324732754584260e-13             
   59,   39,-7.3567397387571397e-08, 8.1185850694197600e-08, 4.1518841844565273e-13, 4.1634168708650172e-13             
   59,   40,-1.2982708097811499e-07,-2.3111035131663001e-07, 4.3654250357450704e-13, 4.3620605813971704e-13             
   59,   41, 1.3157033351293800e-07, 2.9093731240931201e-09, 4.4841646248176795e-13, 4.4691047531799378e-13             
   59,   42, 4.5773278797755401e-08,-3.0069670587171198e-08, 4.7662139427324024e-13, 4.7732304594291343e-13             
   59,   43, 9.5294699441055099e-08, 4.1587509076273498e-08, 4.7843500151379047e-13, 4.7875655467947957e-13             
   59,   44, 1.6304806444796800e-07, 5.2094513109439002e-09, 5.2150247661669802e-13, 5.2089914669029088e-13             
   59,   45,-3.8391268519258701e-08, 1.4648226380668001e-07, 5.1395364264111948e-13, 5.1399201144549140e-13             
   59,   46,-1.6273919067342599e-07,-2.0281816141423200e-07, 5.7217494719620518e-13, 5.7110739747155463e-13             
   59,   47, 3.5354385302871800e-09, 7.3579628685583202e-08, 5.5242142368175602e-13, 5.4994718402254915e-13             
   59,   48, 3.8580422455059399e-08,-8.6499920832166501e-08, 6.2711778351096481e-13, 6.2701044933326014e-13             
   59,   49, 1.8359243069319400e-08, 1.4226390360584400e-07, 6.0100758130938191e-13, 6.0250713617860895e-13             
   59,   50,-1.9191465417649300e-07, 9.7992263693789794e-08, 6.8376608531880953e-13, 6.8386951243584454e-13             
   59,   51, 1.3059504357269201e-07,-2.7120669483630301e-08, 6.7982994900146771e-13, 6.7845871402158065e-13             
   59,   52, 6.2188151861462897e-09, 2.2205343300929901e-08, 7.4185527003658092e-13, 7.4243978312947097e-13             
   59,   53,-1.0450400977981100e-07,-1.2295558462126900e-07, 7.9435265223287466e-13, 7.9463461913874395e-13             
   59,   54, 6.1583435083684201e-08, 3.8066663091758101e-08, 8.1808880650522704e-13, 8.1671869179589852e-13             
   59,   55, 1.5418477401717399e-07,-1.7977043344057798e-08, 9.5338571664378469e-13, 9.5562536839423114e-13             
   59,   56, 7.8934242173092296e-08,-5.5817669719253098e-08, 9.6021872944947802e-13, 9.6176588328951285e-13             
   59,   57, 3.5833670273670703e-08, 1.3745777728942900e-08, 1.1710986675119711e-12, 1.1689461831671359e-12             
   59,   58, 1.8463401278305901e-07,-6.2998447083594502e-08, 1.2787145219309324e-12, 1.2823067182327324e-12             
   59,   59, 9.3384773495932598e-08, 7.9099062870052999e-08, 2.0059453904050576e-12, 2.0008401110922927e-12             
   60,    0, 2.0404527891770001e-09, 0.0000000000000000e+00, 8.5013692502853225e-14, 0.0000000000000000e+00             
   60,    1, 6.7677098662085900e-08,-3.6379405164288503e-08, 8.6226074156849569e-14, 8.9843129672278166e-14             
   60,    2, 1.6883111482088001e-07,-7.4999636187441496e-08, 8.5168607671376592e-14, 8.7595134314852896e-14             
   60,    3, 3.0865189523152697e-08, 6.4075313318170503e-08, 8.8419766033215558e-14, 9.3127107787254911e-14             
   60,    4, 4.2623356700108298e-08,-5.7906325205972999e-08, 9.3583347760069010e-14, 8.9078501383476137e-14             
   60,    5, 8.4620620630662998e-08, 1.7032499935972900e-07, 8.8449026495508503e-14, 8.8328571692733584e-14             
   60,    6,-3.7502446141156503e-08, 3.6244143886526798e-08, 8.8618377730433765e-14, 9.6350119924920124e-14             
   60,    7, 9.9836866589526103e-08,-9.7726093174835704e-08, 9.8455662493003232e-14, 9.3891978754717644e-14             
   60,    8,-8.0085091503818894e-08,-2.6996172179786100e-07, 1.1544112931038458e-13, 9.7848504571388184e-14             
   60,    9,-1.2650224763325901e-07,-3.0413113130849298e-07, 1.0859544824313715e-13, 9.8150070813967309e-14             
   60,   10, 5.2404439481099998e-08,-2.8166737922045999e-08, 1.2568645972110240e-13, 1.1993825402917828e-13             
   60,   11,-2.3968704181111299e-07,-1.1487780886843500e-07, 1.0475183088142784e-13, 1.0327549914296245e-13             
   60,   12,-7.6774691741883999e-08,-1.1868614792333100e-07, 1.2709686149988685e-13, 1.2647367439173608e-13             
   60,   13, 8.8170361224969596e-08,-7.5727793832858306e-08, 1.1270175533092386e-13, 1.1335217620622901e-13             
   60,   14, 4.3746509497901299e-08, 1.3076891589567401e-07, 1.4266097644125329e-13, 1.4500984992400479e-13             
   60,   15, 2.6082777485394700e-08, 1.4510555302005800e-07, 1.2598048995685136e-13, 1.2343261842227609e-13             
   60,   16, 1.4884713704699999e-08, 1.1334114717714501e-08, 1.6217559249280447e-13, 1.6469993635120818e-13             
   60,   17,-1.5161861830265101e-07,-7.5366120960774106e-08, 1.3888479365533167e-13, 1.4238857799152645e-13             
   60,   18, 1.7641361150619300e-07,-2.1506298197092500e-08, 1.8183403223026610e-13, 1.8139203010386413e-13             
   60,   19, 5.5809620946775700e-09,-3.1733817603712201e-08, 1.6131786329074507e-13, 1.6490303429142714e-13             
   60,   20, 5.5016009087185102e-08,-1.2448821407152701e-08, 1.9597298666827391e-13, 1.9669209007347083e-13             
   60,   21,-1.5353219493136399e-07, 3.9293037802463802e-08, 1.8650280075150362e-13, 1.8596400429757281e-13             
   60,   22,-6.7332891429632806e-08, 9.9097463711373400e-09, 2.1064557749124999e-13, 2.0918394395924689e-13             
   60,   23, 1.4833531593731300e-08, 1.1609509857297499e-07, 2.1322892011592343e-13, 2.1349024344309123e-13             
   60,   24,-1.7190418120016199e-08,-6.7009467167013802e-08, 2.2155335964486765e-13, 2.2067335556439834e-13             
   60,   25, 1.8237088978309801e-08,-1.1821996666672400e-07, 2.3890711318633018e-13, 2.3827328740492036e-13             
   60,   26,-5.7904972926565899e-08,-2.1890509793608901e-08, 2.3878192449635360e-13, 2.3530942136597060e-13             
   60,   27,-1.1504822029183000e-07,-1.4527331678422801e-07, 2.6449994585256009e-13, 2.6413683840330518e-13             
   60,   28,-6.5019954173950406e-08,-6.8405945943710796e-08, 2.5528149362716469e-13, 2.5581042220114861e-13             
   60,   29, 1.2457607461735201e-09, 5.7723507906135703e-08, 2.8704364720448445e-13, 2.8892812508149434e-13             
   60,   30, 6.4393764039107397e-08, 4.3209675292098101e-08, 2.7990203519223896e-13, 2.7943400390416954e-13             
   60,   31,-6.9971814084211301e-08, 8.5603642287666605e-08, 3.1369602884052213e-13, 3.1426819418994503e-13             
   60,   32, 6.1614450274830404e-09, 6.8362332622667605e-08, 3.0818229888957836e-13, 3.0753830222885437e-13             
   60,   33, 5.6622795594802399e-08,-1.4188641912425099e-07, 3.3983211714055517e-13, 3.4082769796104094e-13             
   60,   34,-8.2348826610071903e-08, 3.5967657739032502e-08, 3.4065808306503110e-13, 3.4066976128966863e-13             
   60,   35, 4.4426806444210000e-08, 6.6413698069584899e-08, 3.7007784641281348e-13, 3.7078528516536424e-13             
   60,   36,-2.4989520842054501e-08,-1.1143467783202799e-07, 3.7462859898280725e-13, 3.7536323199608008e-13             
   60,   37,-1.3425148143001200e-07,-1.2378503955958200e-07, 4.0381552272701934e-13, 4.0111414820294716e-13             
   60,   38,-7.0254898700884205e-08,-4.9265783925792803e-08, 4.1240773049854979e-13, 4.1063360508898789e-13             
   60,   39,-5.7993034499890198e-08,-7.3271238686062605e-08, 4.3877671707230818e-13, 4.3526436187585845e-13             
   60,   40, 2.9336581361823999e-08, 3.0213863961996098e-08, 4.4913671520152201e-13, 4.4792075294696028e-13             
   60,   41, 1.5093623907144100e-07, 1.0210748660419800e-08, 4.7905908644012259e-13, 4.7702914058589436e-13             
   60,   42,-1.0150620449287499e-07, 3.0560252479768803e-08, 4.8835310984355552e-13, 4.8909858391849313e-13             
   60,   43,-9.2616701886133605e-08,-1.0666033352336799e-08, 5.2497222828943204e-13, 5.2510701678092136e-13             
   60,   44,-7.1330612522357106e-08, 1.1140441597814199e-07, 5.2919312037063097e-13, 5.3121154508650294e-13             
   60,   45,-2.1772957153099800e-07,-4.8963964619594598e-08, 5.7586290884403456e-13, 5.7764474227557273e-13             
   60,   46,-1.5720758092808399e-08,-4.4005215996054003e-08, 5.7598211634460053e-13, 5.7583219097415386e-13             
   60,   47, 1.8222807347791799e-08, 2.6121583227612801e-08, 6.3548301930639514e-13, 6.3399664113604889e-13             
   60,   48, 7.2210725464169495e-08,-3.7255007145790503e-09, 6.3002712020286777e-13, 6.2999517777134059e-13             
   60,   49,-1.5924153041181101e-08, 1.2777638144780199e-07, 6.9520796197474966e-13, 6.9704315451654501e-13             
   60,   50,-6.4078224477589394e-08,-8.3956261806359902e-08, 7.0046424982322726e-13, 7.0122302112945535e-13             
   60,   51, 4.6931015889298197e-08,-7.5630375280517903e-08, 7.5883493349414406e-13, 7.5626207459751558e-13             
   60,   52,-1.2703845680231701e-07,-6.8025584554675306e-08, 8.0637294588818980e-13, 8.0681819108764191e-13             
   60,   53,-1.1386317542264500e-07,-2.4806717891944901e-08, 8.1387226085795867e-13, 8.1467062346726276e-13             
   60,   54, 1.7337959940345800e-07, 6.0764969912564295e-08, 9.6156472327436805e-13, 9.6378956676591040e-13             
   60,   55,-5.4238401731754401e-08,-5.6790837930680197e-08, 8.7956844083130378e-13, 8.8206158682858974e-13             
   60,   56,-1.9708552184005700e-07, 2.3742433297583801e-08, 1.1769041567478744e-12, 1.1770020429407757e-12             
   60,   57,-1.7136472073745401e-07,-3.8800267300813599e-08, 1.0092264317643641e-12, 1.0093945149982769e-12             
   60,   58, 1.9230013096274901e-08, 6.5628603140791594e-08, 1.4743105501861683e-12, 1.4792027113378512e-12             
   60,   59,-1.5396382530439801e-07,-5.3848057717735600e-08, 1.3121768901343362e-12, 1.3142971729539931e-12             
   60,   60,-1.3598164517193701e-07,-1.1062615611796200e-08, 2.4541022600854367e-12, 2.4525253675385045e-12             
   61,    0, 1.0629917162440999e-07, 0.0000000000000000e+00, 8.9122074499057411e-14, 0.0000000000000000e+00             
   61,    1, 3.2038457408999198e-08, 9.0425006400770396e-08, 8.9020952255202992e-14, 9.2579163655159799e-14             
   61,    2, 4.7241891260763403e-08, 1.6889340233543101e-07, 8.8754801034482815e-14, 8.6112101044380234e-14             
   61,    3,-1.3635506394855200e-08, 4.3148171744805602e-08, 9.0676967245226281e-14, 9.0984675395035204e-14             
   61,    4, 7.0099608411788197e-09,-6.7180816931144300e-09, 8.6482947382614219e-14, 8.9926897867215075e-14             
   61,    5,-1.3727475789473100e-07,-3.6336398685481500e-08, 9.0847364959910922e-14, 9.4826524066373020e-14             
   61,    6, 1.7944498504089099e-07,-9.7612236066694696e-08, 9.2024991281771850e-14, 9.5974822423765107e-14             
   61,    7,-4.5363570315255099e-08, 1.9693621590338200e-07, 9.4109103470636719e-14, 9.6790099121112601e-14             
   61,    8,-3.1462398666340599e-08, 8.4799018625463398e-08, 1.0935153862696558e-13, 9.5112668656666281e-14             
   61,    9, 6.3460784163941598e-08, 1.5007017092584500e-07, 9.8468562238721593e-14, 1.0323126998370518e-13             
   61,   10,-6.7197743521936102e-08,-8.7331783578982196e-08, 1.0604941628438647e-13, 1.0459848366664215e-13             
   61,   11, 1.1531517161456200e-07, 1.0764162126873599e-08, 1.0649015897611616e-13, 1.0691038434118762e-13             
   61,   12, 5.1771868817362700e-08, 9.1124257261356604e-08, 1.1135737523759509e-13, 1.1316337484623917e-13             
   61,   13,-4.2548167868306301e-08,-4.4161090321275497e-08, 1.1817696129286002e-13, 1.1363805000775424e-13             
   61,   14,-1.2143480738476600e-08, 9.1282322948280503e-08, 1.2759723574192083e-13, 1.2704675308829267e-13             
   61,   15,-6.4860482671295794e-08,-8.8152180808177295e-08, 1.2638847532066013e-13, 1.2867406832660010e-13             
   61,   16, 1.2585030937525001e-07,-1.4627839895535901e-07, 1.4308114926848493e-13, 1.4382660469556836e-13             
   61,   17, 2.5602310334708099e-08, 4.9882007874097902e-08, 1.4917597212013553e-13, 1.4290316439472566e-13             
   61,   18,-6.1170194899096000e-08,-1.3993231886282400e-07, 1.6061361875528782e-13, 1.5868149008867199e-13             
   61,   19,-6.2624600490967902e-08, 1.4091185717719900e-07, 1.6337634819552541e-13, 1.6988534014166599e-13             
   61,   20,-2.4949731366533501e-07, 1.3547213975311101e-07, 1.7565768437831544e-13, 1.7475305667654515e-13             
   61,   21, 3.8510910733641399e-08, 3.8398792212330103e-09, 1.8766072706168562e-13, 1.9377832280550390e-13             
   61,   22,-1.4059866995513999e-07, 2.4715642548129102e-08, 1.8865789582653974e-13, 1.8852452976296665e-13             
   61,   23, 7.4594366634295994e-08, 7.4119660916495196e-08, 2.1191669898845604e-13, 2.1079654258943131e-13             
   61,   24, 2.9529701701100401e-08,-1.8034400932945399e-07, 2.0680815118510298e-13, 2.0280300647699209e-13             
   61,   25,-2.0861950193674201e-09, 1.5836403286683201e-07, 2.3569274673562809e-13, 2.3294941596940480e-13             
   61,   26,-2.4573315008583801e-08,-3.3598605069117602e-08, 2.2259667860644061e-13, 2.2295320611230884e-13             
   61,   27, 2.7704096423384298e-07, 3.5113246091145500e-08, 2.5611798168581707e-13, 2.5677217494351182e-13             
   61,   28,-7.9427747420392706e-08, 9.9746451877590594e-08, 2.4135988667125684e-13, 2.4660961378939724e-13             
   61,   29, 8.7931658130399703e-08,-1.8381705657338500e-08, 2.7800602884582881e-13, 2.7847908893337755e-13             
   61,   30, 1.6075992062223299e-07,-1.1434872566229700e-07, 2.6560446064198281e-13, 2.6589010248802534e-13             
   61,   31,-2.5852945180043598e-08, 1.8933061457017801e-09, 3.0144038387477090e-13, 3.0029071361547540e-13             
   61,   32, 6.9298818204041296e-08,-1.5875028461616000e-07, 2.9246903561379880e-13, 2.9252850828861198e-13             
   61,   33,-4.1478834968628898e-08, 4.1379551511439999e-08, 3.2094621522665907e-13, 3.2082230531833211e-13             
   61,   34,-1.4780414515380501e-08, 1.3695772233171300e-07, 3.2029405084135487e-13, 3.2204065950241766e-13             
   61,   35,-2.0427460920158101e-07,-1.5507916889707299e-07, 3.4448378744949122e-13, 3.4369349339604987e-13             
   61,   36, 9.1845621193668295e-09, 6.3434381525848605e-08, 3.5150498811381352e-13, 3.5202507014475510e-13             
   61,   37, 2.3342558364025400e-08, 8.9987589257449103e-08, 3.6746001687263175e-13, 3.6789090160773046e-13             
   61,   38, 7.6596890030859295e-08,-2.7118567045784801e-08, 3.7919867227970269e-13, 3.7969945152990752e-13             
   61,   39, 6.6986585060450696e-08, 5.1025571131623899e-08, 3.9475231726115081e-13, 3.9487683124785038e-13             
   61,   40,-7.4568012298661197e-08, 7.0629080332847197e-08, 4.0958981653140413e-13, 4.0947757738380770e-13             
   61,   41, 9.7690574582423495e-08, 1.5118333902637300e-07, 4.2491832785949645e-13, 4.2600377888669063e-13             
   61,   42,-2.4680717571663100e-07,-9.0462341391189004e-09, 4.4352700959114331e-13, 4.4391998071359915e-13             
   61,   43, 1.2220840611528600e-07, 4.5832457573213599e-08, 4.5622749940405023e-13, 4.5635922315591073e-13             
   61,   44, 7.6469915117235705e-08,-7.8324497773758294e-08, 4.8366398689122472e-13, 4.8339675075042698e-13             
   61,   45,-5.2130321379704400e-08,-1.4508611964624200e-08, 4.8546627626021292e-13, 4.8565047984328105e-13             
   61,   46,-1.9927935584331299e-09, 1.1347875432772599e-07, 5.2746512194037946e-13, 5.2709230396462038e-13             
   61,   47,-3.1604313035040999e-08, 6.8639282537742798e-08, 5.2047154529611031e-13, 5.1806810306724372e-13             
   61,   48, 6.4142575073363496e-08, 8.8475711728589301e-09, 5.7828005351974849e-13, 5.7835093186584615e-13             
   61,   49, 9.0003999888406499e-09,-1.5827310004359901e-07, 5.5406094605436828e-13, 5.5534822518013507e-13             
   61,   50, 6.9329750156791906e-08,-1.1004352728888900e-07, 6.3409300600186288e-13, 6.3385051920353405e-13             
   61,   51, 3.8601738420252597e-08, 1.1351109613906101e-07, 6.0563197499740683e-13, 6.0498831840136131e-13             
   61,   52, 6.1960818566986699e-08,-2.7195852251986200e-08, 6.9051746618497222e-13, 6.9011928545507511e-13             
   61,   53, 2.4208863151811399e-09, 1.7054697214832400e-07, 6.8405073475706689e-13, 6.8356940727515319e-13             
   61,   54,-2.7453642656261799e-08,-1.1774378930239500e-07, 7.4620522572358551e-13, 7.4625450594517360e-13             
   61,   55,-1.7151383595621099e-07,-1.1936193256856200e-07, 8.0297249284723585e-13, 8.0380673504121241e-13             
   61,   56, 1.0109965967376600e-07,-7.0619002858719301e-08, 8.1575472566554711e-13, 8.1725169027784096e-13             
   61,   57, 9.0287752967918903e-08,-1.1480656514641000e-07, 9.6824308129578643e-13, 9.6823215734176556e-13             
   61,   58,-9.3167452366072104e-08, 1.4407591693028399e-07, 9.5475286366988823e-13, 9.5858290216751310e-13             
   61,   59, 5.5709819003146799e-08,-3.7130267038124600e-08, 1.1833087315960368e-12, 1.1816224442625012e-12             
   61,   60,-3.7680871580269000e-08, 4.8132759616400299e-08, 1.2857551211784922e-12, 1.2859257618441564e-12             
   61,   61, 1.9721953537629499e-07, 4.6261688469530202e-08, 1.9990928401129466e-12, 2.0064105514406102e-12             
   62,    0, 8.9842524308078601e-08, 0.0000000000000000e+00, 8.7682991340273646e-14, 0.0000000000000000e+00             
   62,    1, 1.2501441746323299e-07, 6.8885293767689996e-08, 8.6812836112163000e-14, 8.7867622601832316e-14             
   62,    2,-2.7381677788373000e-08,-9.3260568761942302e-09, 8.6431169017205575e-14, 8.9419680959589155e-14             
   62,    3, 1.1272162804275901e-08,-9.1143358581685900e-08, 8.7516901895212064e-14, 8.8070996602743356e-14             
   62,    4,-3.5234542826784198e-08, 7.4130574144888394e-08, 9.0178195545652542e-14, 8.8360870701392105e-14             
   62,    5, 8.7574255816155803e-08,-3.9624972538192403e-08, 9.2864425458819615e-14, 9.1108726908352511e-14             
   62,    6,-6.1043372893320703e-08, 7.6233256086139896e-08, 9.7301016498805718e-14, 9.2729744412618892e-14             
   62,    7,-2.6934891585859200e-08,-2.0355463030490799e-07, 9.2446658222602129e-14, 9.7339249787130732e-14             
   62,    8,-7.9381710912517894e-08,-2.8178302852574001e-08, 9.8918150789690978e-14, 9.6407203304950246e-14             
   62,    9,-2.3131495275069701e-08, 4.9572145913560700e-08, 9.8178457327892532e-14, 9.9467475785436831e-14             
   62,   10, 1.6532785872549600e-07,-3.4004130908019101e-08, 1.1335990880605820e-13, 1.0718126282988281e-13             
   62,   11, 1.1377456728486999e-07, 1.7989261875655800e-07, 1.0661915598331527e-13, 1.0480363654166412e-13             
   62,   12,-1.2244709791441399e-07,-8.1576723490811803e-08, 1.2354721325178164e-13, 1.3551449077213413e-13             
   62,   13, 2.0782557520946999e-07,-2.1244173389317701e-08, 1.1239153229174523e-13, 1.1255945446753215e-13             
   62,   14,-1.2780342742737300e-08,-4.3750278893819499e-09, 1.4318697953524019e-13, 1.4310143779316269e-13             
   62,   15,-8.4230809542805097e-09,-1.8696483465184700e-07, 1.2303875516194148e-13, 1.2464596971624376e-13             
   62,   16, 6.2772769393087501e-08, 1.2649535288246900e-07, 1.5941036368282815e-13, 1.5834923271424864e-13             
   62,   17,-5.7317728496357598e-08, 1.8744472164287699e-08, 1.4131010131131943e-13, 1.3930279494761452e-13             
   62,   18, 9.8951145126164598e-08, 8.2418631051734605e-08, 1.7633183742277644e-13, 1.7664890976461629e-13             
   62,   19,-8.4896271094045603e-08, 4.4519939194151798e-08, 1.5666847154562205e-13, 1.5927194791096781e-13             
   62,   20, 4.9018541054042799e-08,-1.0257868842816700e-07, 1.9137267221154149e-13, 1.9142724026333307e-13             
   62,   21, 2.3842883242294899e-08,-1.6230695036569099e-08, 1.8241569951538340e-13, 1.8170197118128337e-13             
   62,   22, 2.4535961790466300e-08,-6.4561100290675195e-08, 2.0431410349693031e-13, 2.0419581254662954e-13             
   62,   23, 3.2725195646317100e-09, 6.7263840224419395e-08, 2.0590432658025511e-13, 2.0444921322602830e-13             
   62,   24, 6.3176394731575101e-09,-8.5861786082405502e-08, 2.1672468540613315e-13, 2.1641648149961391e-13             
   62,   25, 5.6700140640726403e-08, 1.6941732687951899e-08, 2.2991055073570187e-13, 2.2938176544945397e-13             
   62,   26, 4.9079191136546903e-08, 6.3496843099514303e-08, 2.2941302731131233e-13, 2.2982005405524331e-13             
   62,   27, 1.9832573966477900e-08, 6.0225502308509099e-08, 2.5370800517512196e-13, 2.5239247116039992e-13             
   62,   28,-5.9216097812401502e-08, 3.6560000547196900e-08, 2.4564671237779915e-13, 2.4610438861804142e-13             
   62,   29, 3.5126607905072602e-08,-1.0262380605627500e-08, 2.7690288260385551e-13, 2.7762781428031815e-13             
   62,   30,-6.4330462908645094e-08, 6.0593782014788596e-08, 2.6806979405802423e-13, 2.6883252034715810e-13             
   62,   31,-2.0038019515656699e-07, 9.1237169847480594e-08, 3.0123710667842511e-13, 3.0044474442928648e-13             
   62,   32, 1.5029099681580400e-07, 1.1212960662137800e-07, 2.9386878325348197e-13, 2.9562795102120854e-13             
   62,   33,-4.7696664628182900e-08,-6.6706580071112600e-08, 3.2508987762570326e-13, 3.2840158642064270e-13             
   62,   34, 1.1235925654422700e-07,-5.5105554520214100e-08, 3.2339678610982158e-13, 3.2317674929593781e-13             
   62,   35,-6.3588878699145702e-08,-3.6557812704192297e-08, 3.5150272412353275e-13, 3.5412290712989815e-13             
   62,   36, 1.2735884861291701e-07,-2.4812774171291601e-08, 3.5536439096178128e-13, 3.5592157768267760e-13             
   62,   37,-1.0160800440485900e-07,-9.4923456169378805e-08, 3.8273119254803029e-13, 3.8256456267258524e-13             
   62,   38, 9.2308513772803602e-08, 4.6124469443462403e-08, 3.8950635366165325e-13, 3.8780135115310916e-13             
   62,   39, 4.7023222404987802e-08, 2.1731449779840199e-07, 4.1500985710228667e-13, 4.1207001696149010e-13             
   62,   40, 1.6117035422011802e-08,-1.4490669210832599e-07, 4.2419022255372442e-13, 4.2350199292530916e-13             
   62,   41, 2.3006902042846798e-08,-1.0065798959358100e-07, 4.4936198423849824e-13, 4.4675961431391811e-13             
   62,   42,-3.5662930665596198e-08,-1.2652146940550601e-08, 4.6041334003534004e-13, 4.6083595244230586e-13             
   62,   43, 2.8242996184449500e-08,-3.8573803215647599e-08, 4.8837871639748850e-13, 4.8862933699598723e-13             
   62,   44,-3.0375360446845800e-08,-1.0054941473888100e-07, 4.9988324555247446e-13, 5.0049541438505264e-13             
   62,   45,-3.0907052666458702e-08, 8.5189842173344095e-08, 5.3365575428884720e-13, 5.3518972535251476e-13             
   62,   46, 2.2169941710789399e-08, 1.5161806170210501e-07, 5.4021790027581919e-13, 5.3940778712785037e-13             
   62,   47, 7.4988285835085598e-08,-1.4500675186057199e-07, 5.8588940662009911e-13, 5.8443434794420198e-13             
   62,   48, 4.2195123801497003e-08, 7.5090024277776104e-08, 5.8508545419456259e-13, 5.8494066960141756e-13             
   62,   49, 1.3935944624405700e-08, 7.1987366457060195e-08, 6.4115701111313028e-13, 6.4271572562566840e-13             
   62,   50, 1.2195611194215000e-07, 1.6697951875366900e-08, 6.3792470677470227e-13, 6.3825897907495985e-13             
   62,   51,-8.8098794844107594e-08,-1.1893835323467800e-08, 7.0333365707171941e-13, 7.0107254626299976e-13             
   62,   52,-9.3290377231110995e-08,-2.2139195121463899e-08, 7.0885893779782709e-13, 7.0935741578169291e-13             
   62,   53,-7.3154649816093699e-08,-1.2575433182389000e-08, 7.6105402062284058e-13, 7.6199144500854217e-13             
   62,   54,-3.7280070021401802e-09,-1.0690437347643001e-07, 8.1480358659473389e-13, 8.1685684780869134e-13             
   62,   55,-3.6991089113709102e-10, 5.6101188897093700e-08, 8.1459888394215012e-13, 8.1538268963750411e-13             
   62,   56, 1.1549572223332800e-07, 8.4713519926299206e-08, 9.7375606462268442e-13, 9.7382966287940096e-13             
   62,   57,-1.2556824355411400e-08, 2.0355554670570001e-08, 8.7624090929643787e-13, 8.7796479952086782e-13             
   62,   58,-7.0563184564830104e-08, 7.1472077279895997e-08, 1.1862202720784937e-12, 1.1919647983010999e-12             
   62,   59, 3.6015761367715600e-08,-2.3110041551515500e-07, 1.0027848510877979e-12, 1.0040044886615766e-12             
   62,   60,-2.2505042465444100e-08, 9.1658209688155695e-08, 1.4846173142116336e-12, 1.4821825936995245e-12             
   62,   61, 5.5187626476833503e-08,-6.6763630115868902e-08, 1.3182429197582866e-12, 1.3180383773100079e-12             
   62,   62,-9.2687120765605605e-08, 8.0540070209500002e-08, 2.4469430309196407e-12, 2.4425384443034718e-12             
   63,    0, 5.9327159394375000e-08, 0.0000000000000000e+00, 8.6565017244387744e-14, 0.0000000000000000e+00             
   63,    1,-4.4169864739901101e-08,-1.0068304488507501e-08, 8.9172838378071478e-14, 8.8128044003671899e-14             
   63,    2,-2.8362410780760399e-09, 1.3789089096644601e-07, 8.7346237310315215e-14, 8.8047177587846611e-14             
   63,    3, 7.4787650104693294e-08, 4.0426503600480403e-08, 8.9933743902573832e-14, 8.9661315990804276e-14             
   63,    4,-9.3102397959202602e-08,-2.8266932808696801e-08, 9.7917821756870673e-14, 8.9308447821839679e-14             
   63,    5,-1.1878866746804199e-07, 2.1583127014681799e-07, 9.0365375185573763e-14, 9.1823692280267359e-14             
   63,    6, 7.4035157004112995e-08,-5.4485900431987402e-08, 9.6825453232860551e-14, 9.8483705007709452e-14             
   63,    7,-9.0890381115197600e-08,-7.1514102056647701e-09, 9.4629365055330278e-14, 9.4447582267022270e-14             
   63,    8, 6.9784157428341003e-09,-4.1554473119057103e-08, 9.9154129373881276e-14, 9.7575316289554497e-14             
   63,    9,-5.9054409296878697e-08,-9.9174385511808599e-08, 1.0384520451171772e-13, 9.8846586924095897e-14             
   63,   10,-4.0625941286395101e-08,-1.3448617567768499e-07, 1.0210144454765621e-13, 1.0740314006472734e-13             
   63,   11,-8.0573280776205203e-08, 2.1079924855884101e-08, 1.1230503199260223e-13, 1.0712005817935762e-13             
   63,   12, 9.9199396273049800e-08,-7.8358447682045500e-08, 1.1429475191441007e-13, 1.1324151341349797e-13             
   63,   13, 2.3983961521655500e-08, 7.2491161573329498e-10, 1.1430925155635962e-13, 1.1462871549915718e-13             
   63,   14,-1.2265553886518599e-08,-3.4653339211155201e-08, 1.2623153505337523e-13, 1.2619186345451080e-13             
   63,   15, 1.0969363689546500e-07, 6.8256521640293801e-08, 1.2651516120170038e-13, 1.2583107924917879e-13             
   63,   16,-8.6550541570363195e-08, 1.7498906294866800e-07, 1.4623494152232814e-13, 1.4115487157781872e-13             
   63,   17,-3.5806282044089199e-09, 1.6414425479237501e-07, 1.4132376030299696e-13, 1.4318686122766889e-13             
   63,   18,-5.4980757601914000e-08,-1.8665290775196101e-08, 1.5930897379224991e-13, 1.5582970448485712e-13             
   63,   19,-7.5025590208884606e-08, 4.1183848213265199e-08, 1.5814040927037423e-13, 1.6096108252005083e-13             
   63,   20,-4.9726101565920798e-08, 1.6963515908480602e-08, 1.6968108376649876e-13, 1.7291226559642452e-13             
   63,   21,-1.2167432023100201e-07,-1.0717701717706700e-07, 1.8118241552872231e-13, 1.8067834366199324e-13             
   63,   22, 5.8019536471318196e-09, 4.5144050128590401e-08, 1.8684452745344968e-13, 1.8471416292954757e-13             
   63,   23, 1.5928569025312900e-07,-5.1775091924464596e-09, 2.0360057859807925e-13, 2.0233610630497424e-13             
   63,   24,-8.4964822606578805e-08, 2.5299843223296402e-08, 2.0025926310635777e-13, 1.9766354960128344e-13             
   63,   25,-1.1294546734452500e-07, 1.3418026244975099e-07, 2.2595511300267942e-13, 2.2465787929256489e-13             
   63,   26, 4.6595197538156501e-08,-5.5184445252828998e-08, 2.1410795443512433e-13, 2.1655011588194998e-13             
   63,   27,-4.5489083566002597e-08,-1.8879370047439101e-07, 2.4664249954304595e-13, 2.4665953912266549e-13             
   63,   28,-1.2984138887773200e-07, 5.7841364378619200e-08, 2.3437801721182486e-13, 2.3398269635527442e-13             
   63,   29,-6.7611674125132395e-08, 3.6099864939898598e-08, 2.6690965161528140e-13, 2.6714139916837653e-13             
   63,   30, 8.5697727383472706e-08,-7.0467859539924897e-08, 2.5667498436521641e-13, 2.5637011310775814e-13             
   63,   31,-5.7564130880692601e-08, 7.3206440226904804e-09, 2.8769487571786216e-13, 2.8743156426872269e-13             
   63,   32, 3.5947161009949400e-08,-7.4408562548842503e-08, 2.8024732825673590e-13, 2.8040421339743942e-13             
   63,   33,-1.5320572344511700e-08,-8.4782026620287005e-08, 3.0794506466092887e-13, 3.0774705165039682e-13             
   63,   34, 6.7597092565005806e-08,-2.6243330304575900e-08, 3.0644333717050450e-13, 3.0732773526444087e-13             
   63,   35,-1.2379593795254600e-07,-2.4229590004887001e-08, 3.2894193742059906e-13, 3.3019906842239333e-13             
   63,   36, 1.0888873254169100e-07, 6.3527823879482003e-08, 3.3424732820465661e-13, 3.3309374304725720e-13             
   63,   37,-3.1381153612778098e-08, 1.6053519522655301e-07, 3.5177514580926671e-13, 3.5239562301107289e-13             
   63,   38, 1.3657529898043100e-08, 5.2376350168501903e-08, 3.6167137912636973e-13, 3.6136868080830136e-13             
   63,   39, 3.1695190194512502e-08, 9.0153983477734502e-09, 3.7613026933624223e-13, 3.7623411581612563e-13             
   63,   40,-2.5004217892181802e-08,-1.0274793530160400e-07, 3.8711065229291843e-13, 3.8725386819478263e-13             
   63,   41, 1.1235033170369000e-07, 7.4549939060360007e-09, 4.0446962810810599e-13, 4.0361160986848978e-13             
   63,   42, 5.1166724400580002e-08,-3.6599241924869303e-08, 4.1628050527379198e-13, 4.1645028991399078e-13             
   63,   43,-4.9928248450866097e-08, 3.8999921947954901e-08, 4.3433254591485418e-13, 4.3402159164093477e-13             
   63,   44,-5.7809667075367697e-08, 9.8717700772813903e-08, 4.5075788046672133e-13, 4.5054778952439673e-13             
   63,   45,-2.8232891032269600e-08, 1.4937273808644299e-07, 4.6473626968509877e-13, 4.6520340762333169e-13             
   63,   46,-7.0458187336039594e-08,-6.0384935807609000e-08, 4.9058995670080577e-13, 4.9021268953592840e-13             
   63,   47,-3.8946710864082097e-08,-9.5952940256003803e-08, 4.9400616031192213e-13, 4.9195184622940623e-13             
   63,   48, 5.8570907341547900e-08, 1.2839336647885500e-07, 5.3406126296960097e-13, 5.3379880267461634e-13             
   63,   49,-1.0001690806965100e-07,-2.0595537106117902e-08, 5.2467162912168858e-13, 5.2515731402624569e-13             
   63,   50,-8.1338803186529200e-08,-2.5126269555662599e-08, 5.8557684096252878e-13, 5.8531754967835334e-13             
   63,   51,-4.2105434609962903e-08, 1.5721011653242499e-08, 5.5905562338029670e-13, 5.5851676174601263e-13             
   63,   52, 7.1160358560166802e-08,-1.2314828186440199e-07, 6.4146832246925862e-13, 6.4155339473225988e-13             
   63,   53, 1.1868142229404600e-07, 5.3126478098751702e-08, 6.0959537346686850e-13, 6.0955095846658081e-13             
   63,   54, 7.4837036698318203e-08,-2.3665221379429001e-09, 6.9705378133136663e-13, 6.9747788485801185e-13             
   63,   55,-1.1605621056045200e-07,-8.3227955089945904e-08, 6.8887740766988966e-13, 6.8989482443937810e-13             
   63,   56, 6.2289805762324601e-08,-1.5154777733107500e-08, 7.5084729442679068e-13, 7.5120523609813471e-13             
   63,   57,-3.4650873187950298e-08, 3.0855493751566103e-08, 8.1386986994036619e-13, 8.1285011894916209e-13             
   63,   58,-2.6704842302520701e-08,-1.2597537531380800e-07, 8.1508490187223476e-13, 8.1771402638484045e-13             
   63,   59,-1.3001094802160199e-08,-4.5982572437640197e-08, 9.8344229021835703e-13, 9.8238085451385916e-13             
   63,   60,-8.8478498286668600e-08, 3.9513375460700798e-08, 9.5295994616397150e-13, 9.5428156057270385e-13             
   63,   61, 2.0554618680688900e-08,-1.0616816095930100e-08, 1.1930755163087655e-12, 1.1978503798745913e-12             
   63,   62,-1.1016001606183100e-07,-1.5191830382522200e-08, 1.2914881864989735e-12, 1.2958888980992579e-12             
   63,   63,-9.5971648340744600e-08,-6.6305372101212903e-08, 1.9991888430853899e-12, 2.0085468630133243e-12             
   64,    0, 1.1568099368306500e-07, 0.0000000000000000e+00, 8.8168296613256626e-14, 0.0000000000000000e+00             
   64,    1, 1.9392042200931001e-08, 2.7628443930928500e-08, 8.8182444952554274e-14, 1.0220153328581505e-13             
   64,    2, 1.4276317568217799e-07,-4.5394316872736199e-08, 9.0757214668854316e-14, 8.9308411070130721e-14             
   64,    3,-1.0435427275953900e-07,-1.6289892069575300e-07, 8.8564231291129450e-14, 9.0545052141577609e-14             
   64,    4,-7.5043570831277600e-08, 6.7916448829148000e-08, 9.8687735730942868e-14, 8.8597553144499957e-14             
   64,    5, 9.4519731260879205e-08,-7.3021539214704799e-08, 8.9106521669142339e-14, 9.1416478100777088e-14             
   64,    6, 1.6161119864119699e-08,-5.7464358984496699e-08, 9.6091692920412532e-14, 9.8628329776038794e-14             
   64,    7, 1.3150000857202801e-07,-1.2259929502597200e-07, 9.4193431430469943e-14, 9.3558198900862269e-14             
   64,    8,-4.8011423465994797e-08,-1.2678093071343500e-08, 9.9080975500544601e-14, 1.0336247988271160e-13             
   64,    9, 1.2686322993427501e-07,-1.6072999590891399e-08, 1.0537596061330988e-13, 9.8661254810496704e-14             
   64,   10,-2.2513400576177400e-08, 2.4194896673097702e-07, 1.0671112773645684e-13, 1.1241713000431887e-13             
   64,   11, 7.7208308876715699e-08, 1.2824904436775301e-07, 1.1614364711807862e-13, 1.0462537666801234e-13             
   64,   12,-7.4914670308223104e-09, 5.3658719751149602e-08, 1.2593978376137365e-13, 1.2069424986311586e-13             
   64,   13, 5.8918958772888897e-08, 1.0774518677409901e-07, 1.1100580824936992e-13, 1.1125856400495814e-13             
   64,   14, 4.0261034263779801e-08,-1.4513512225949300e-08, 1.3553042750362691e-13, 1.3649361465508597e-13             
   64,   15,-6.4403301385899507e-08,-1.1494768241074200e-07, 1.2178567617628353e-13, 1.2296003446591258e-13             
   64,   16, 3.8022464820348402e-08,-3.4880840533196998e-08, 1.6557071297193976e-13, 1.5457462922457995e-13             
   64,   17, 8.2073719413884697e-09,-2.7078442896354700e-07, 1.3611787349583104e-13, 1.3801858852996317e-13             
   64,   18,-9.1411824049296201e-08, 2.5528136968169001e-08, 1.8128230414043855e-13, 1.7113642060267658e-13             
   64,   19, 7.3741133821050196e-09,-8.6620953857396905e-08, 1.5369522461297811e-13, 1.5496074453744651e-13             
   64,   20, 1.8053716414159899e-08,-2.9436017029706801e-08, 1.8686182207365675e-13, 1.8705379631390542e-13             
   64,   21,-5.4008667404949102e-08, 5.6407172014430403e-08, 1.7626432169459223e-13, 1.7744723697795501e-13             
   64,   22, 1.5547239765778100e-07, 6.8556740814409400e-08, 2.0115578481436194e-13, 2.0035441399338043e-13             
   64,   23,-6.8641383433135696e-08, 5.3473011832132803e-08, 1.9986848156151856e-13, 1.9892249938793426e-13             
   64,   24, 6.6313213487774302e-09, 6.3286631282373694e-08, 2.1190459960136318e-13, 2.1121078777725446e-13             
   64,   25,-3.3583749778425999e-08, 4.0941498960368903e-08, 2.2165115722778010e-13, 2.2206639626369151e-13             
   64,   26, 1.6027906685556501e-07,-1.9077923618260799e-08, 2.2409704481233685e-13, 2.2433143869623555e-13             
   64,   27,-9.1189918694809300e-08, 4.6010502642615000e-08, 2.4433938201799928e-13, 2.4465284905579216e-13             
   64,   28,-7.7319759796081797e-09, 3.1797537215311698e-08, 2.3955794942852939e-13, 2.3870228574930413e-13             
   64,   29,-2.8083792174934099e-09, 1.6528170733161701e-08, 2.6565532388883620e-13, 2.6679737740536401e-13             
   64,   30, 1.3227834961600099e-07,-1.2221720938940699e-07, 2.5756797182894877e-13, 2.5826864839914939e-13             
   64,   31,-6.6618699844645098e-08,-1.6273155183074200e-08, 2.8946895161735779e-13, 2.9037721739513463e-13             
   64,   32, 6.1270622674591106e-08,-1.3351798975217100e-08, 2.8261926790341209e-13, 2.8262339996646037e-13             
   64,   33,-1.3851776799937301e-07,-1.5288364429131799e-07, 3.1153913207249446e-13, 3.1337277444758577e-13             
   64,   34,-8.9107030314794006e-08,-3.6671695489718297e-08, 3.1072191557964321e-13, 3.0798672573897224e-13             
   64,   35, 9.0853600178029099e-08,-1.1307080703509999e-07, 3.3763774544879515e-13, 3.3822626661536590e-13             
   64,   36,-1.5886568283081902e-08, 1.0961446774785200e-07, 3.3789274707863235e-13, 3.3822605456989481e-13             
   64,   37, 2.0059446083664499e-08,-3.1083052023206901e-08, 3.6510491820502080e-13, 3.6335396564542277e-13             
   64,   38,-1.2166555681066901e-07, 5.0716627053395601e-08, 3.6978814515239837e-13, 3.6868017110366811e-13             
   64,   39,-6.0822942410275499e-08,-8.2918814669310906e-08, 3.9536498295397166e-13, 3.9209729714088401e-13             
   64,   40, 5.5336854118897002e-11,-7.1438161370452203e-09, 4.0171745519720565e-13, 4.0096383162483200e-13             
   64,   41,-1.0566393671554300e-07, 3.5889907126362697e-08, 4.2507283003328653e-13, 4.2345339710734240e-13             
   64,   42,-2.3379755527230202e-08, 3.2640995026334700e-08, 4.3576905176810979e-13, 4.3718605202897859e-13             
   64,   43,-1.4945736256066601e-07, 9.2448494649038401e-08, 4.5912640740838873e-13, 4.5877137078229881e-13             
   64,   44,-7.3419066170929705e-08,-1.1458908808328800e-07, 4.7237137529724008e-13, 4.7301395657599134e-13             
   64,   45,-2.2822386672143700e-08,-8.9618493504749597e-08, 4.9805556478814582e-13, 4.9893029701411906e-13             
   64,   46, 6.1311293619915703e-08,-4.2225862648784700e-08, 5.1200445076372266e-13, 5.1133416217816735e-13             
   64,   47, 5.0949596369135502e-08, 4.1186600332236698e-08, 5.4363013081693031e-13, 5.4313894742735121e-13             
   64,   48, 3.7263674093946499e-11, 1.5199949325425600e-07, 5.5032498951677102e-13, 5.4977403845622493e-13             
   64,   49,-1.0883789662964900e-07,-1.6007651508256698e-08, 5.9253488213244338e-13, 5.9327902552433498e-13             
   64,   50,-2.6644825094571601e-08, 3.6735878059982601e-09, 5.9495965794573886e-13, 5.9427010060898154e-13             
   64,   51,-1.1342470593522399e-08,-3.0689039932123303e-08, 6.4985595815538874e-13, 6.4812984410412004e-13             
   64,   52, 1.3447878498493500e-07,-2.7821015479219501e-08, 6.4663518155886745e-13, 6.4642691510991653e-13             
   64,   53, 3.1810899716950998e-08,-1.0681581057772600e-07, 7.0788420584222441e-13, 7.0920091133069031e-13             
   64,   54,-1.0179585268533000e-07,-2.9590162072424101e-08, 7.1699297297943511e-13, 7.1852523012753201e-13             
   64,   55, 7.7134176457876998e-08,-7.3006453553954201e-08, 7.6589633020140630e-13, 7.6647467418171212e-13             
   64,   56, 6.6142589352676094e-08, 7.7901446499791096e-08, 8.2492642944080369e-13, 8.2518390001373406e-13             
   64,   57,-3.7298814185638602e-08,-5.8161725062524501e-08, 8.1607292295004161e-13, 8.1758266527018391e-13             
   64,   58, 5.5576356996713001e-08, 6.9951615310583605e-08, 9.8258042473298998e-13, 9.8767935091789050e-13             
   64,   59, 1.6421418529563700e-07,-3.3315424501953803e-08, 8.7447040232358895e-13, 8.7514229480077601e-13             
   64,   60, 1.2200440341850801e-07,-3.2702981618730902e-08, 1.2018798408139558e-12, 1.2002904784201006e-12             
   64,   61,-2.3235874706625302e-08, 2.0643728962195099e-07, 9.9900111486215350e-13, 9.9942225346502211e-13             
   64,   62, 1.3811381155105699e-07, 9.3138347962898794e-08, 1.4920757660613674e-12, 1.4885241562070888e-12             
   64,   63,-8.9761457108184102e-08,-2.4012418669803401e-08, 1.3276376301009549e-12, 1.3232072870544647e-12             
   64,   64, 1.1980842456306101e-07, 8.2844073337224698e-08, 2.4377387539307317e-12, 2.4368668349673302e-12             
   65,    0, 3.7235304964965602e-08, 0.0000000000000000e+00, 9.2330936019095601e-14, 0.0000000000000000e+00             
   65,    1,-1.1628490442169200e-07,-7.8046701087221297e-08, 8.9726378182565444e-14, 9.1670256747396464e-14             
   65,    2, 2.4466663160825099e-08, 1.1037973826829100e-07, 9.2414603008495835e-14, 9.1823786883918916e-14             
   65,    3, 2.0653063562639400e-07, 9.1520633837918206e-08, 9.1897661163188453e-14, 9.5051917831420492e-14             
   65,    4, 1.2554440684018899e-07, 2.2951401628264901e-08, 9.1934943743994832e-14, 1.0474364681317902e-13             
   65,    5, 9.8330733441732400e-08, 3.1684808025922398e-08, 9.0282240913257917e-14, 9.5552793447929475e-14             
   65,    6, 2.8630870237201001e-08,-2.2705096040755399e-08, 9.4477422097801223e-14, 9.5194947020068301e-14             
   65,    7,-4.1878723931949299e-08, 1.1348999528928299e-07, 9.5959885509500978e-14, 9.7577535235456308e-14             
   65,    8, 8.0596801142869904e-08, 1.1769861937051700e-07, 1.0109127154855058e-13, 9.6902333727259337e-14             
   65,    9, 1.1625663175470300e-07, 2.2868022717594501e-08, 1.0004553874287078e-13, 9.9178952392538839e-14             
   65,   10,-3.1228989372427398e-08,-1.4393589949804299e-07, 1.0748180198285259e-13, 1.0306786378414586e-13             
   65,   11,-7.8151906611934202e-08,-2.2433006476295100e-07, 1.0818338209749386e-13, 1.0813299170823946e-13             
   65,   12,-5.0444607055804698e-08, 3.3766841347250103e-08, 1.2453654550134981e-13, 1.1327454714751891e-13             
   65,   13,-5.4761691768141101e-08,-1.1649704431681400e-07, 1.1404190824882225e-13, 1.1447580011299392e-13             
   65,   14,-4.0871635192671199e-08,-1.4396872309923299e-07, 1.2612947465819489e-13, 1.2325509150959461e-13             
   65,   15,-4.3011384202600802e-08,-5.1871286532267901e-08, 1.2666997144129090e-13, 1.2340003754344607e-13             
   65,   16, 5.5020251272152198e-08,-1.3604361177157700e-08, 1.3853132675959403e-13, 1.3643474890949668e-13             
   65,   17, 5.5138364477318700e-08, 7.8138524262231596e-08, 1.3667690499474056e-13, 1.3702929173094746e-13             
   65,   18,-4.4948948608177800e-08, 8.2804581769577695e-08, 1.5371043540847380e-13, 1.5506243310943147e-13             
   65,   19, 9.7651569515053503e-08,-7.8590521994460698e-09, 1.5752033521212161e-13, 1.5484649662299283e-13             
   65,   20, 5.6151936306478800e-08, 9.5969366236459499e-08, 1.6764119961020643e-13, 1.6881953138136525e-13             
   65,   21,-4.2374719034596796e-09,-1.9416206658780999e-08, 1.7657029544526422e-13, 1.7690427414628160e-13             
   65,   22, 9.2245534563828204e-08, 7.0900691966420704e-08, 1.8215592792756869e-13, 1.8158042057451043e-13             
   65,   23,-9.1497598079725098e-08,-1.0273601525034201e-07, 1.9707142457331105e-13, 1.9697080459000141e-13             
   65,   24, 2.2559450103585901e-08,-4.3685357216573998e-08, 1.9872042656975190e-13, 1.9390089390589610e-13             
   65,   25, 6.4065681524961898e-08,-5.8758210709221001e-08, 2.1755325419143592e-13, 2.1645938994683680e-13             
   65,   26,-4.1747321754809300e-08, 7.3855383196083603e-09, 2.1144513973756889e-13, 2.0979175347517070e-13             
   65,   27,-2.6965128610795301e-08,-1.1953459679338001e-07, 2.3723596539151272e-13, 2.3839965978304317e-13             
   65,   28, 1.3593260894125701e-07, 1.8827977292528001e-08, 2.2777048132085286e-13, 2.2747352723405585e-13             
   65,   29,-9.6217919320335598e-08,-1.3537711759629900e-08, 2.5793994515841997e-13, 2.5941502522884178e-13             
   65,   30, 5.8933580036635600e-08,-1.4792642947759200e-07, 2.4743001638446050e-13, 2.4685742079302716e-13             
   65,   31, 4.6740841492658801e-08, 2.6456887855410001e-08, 2.7697439461813064e-13, 2.7760957952272710e-13             
   65,   32, 1.4946689532899200e-07, 3.8126234019111401e-08, 2.7051240814611849e-13, 2.7050768952276356e-13             
   65,   33,-1.1881112895886000e-07,-6.4394359348061097e-09, 2.9657368296253672e-13, 2.9691164469231804e-13             
   65,   34, 6.7129199439406506e-08, 1.3094070111505199e-07, 2.9396281217907235e-13, 2.9436408503467882e-13             
   65,   35, 3.8218066547743000e-08, 1.0778415378150200e-07, 3.1716837578738943e-13, 3.1617107887532958e-13             
   65,   36, 4.5744315567065000e-08, 1.1962740568344500e-07, 3.1903373691413917e-13, 3.1987404958698605e-13             
   65,   37, 1.1325201215973700e-07,-1.3515531823786100e-07, 3.3751291809782283e-13, 3.3819457024264455e-13             
   65,   38,-9.1258746152348896e-08,-7.0039824703471603e-08, 3.4727516484329937e-13, 3.4495364211826764e-13             
   65,   39, 4.0634658395811498e-08,-1.7705796890947501e-07, 3.6035797182295500e-13, 3.6029558199113334e-13             
   65,   40, 6.2579006106499096e-08, 5.9909837549287594e-08, 3.7104917887448420e-13, 3.6968095401402972e-13             
   65,   41,-9.3511628338192804e-09, 5.2986028183718600e-09, 3.8555094016247280e-13, 3.8514675119639031e-13             
   65,   42,-4.5397973308277703e-08, 6.3548784441740804e-08, 3.9442125889771251e-13, 3.9539050015100028e-13             
   65,   43,-1.3760376443302800e-07, 3.9556661222579099e-08, 4.1376235298990919e-13, 4.1352125862108319e-13             
   65,   44, 2.9714621782047799e-08, 4.4976542074781898e-08, 4.2411588811006747e-13, 4.2444830182379976e-13             
   65,   45,-2.1788215195320800e-08, 8.7147511952021603e-08, 4.4398852321798656e-13, 4.4346209441335973e-13             
   65,   46, 9.7946848783761904e-08, 8.3086026290892696e-08, 4.5759475348007121e-13, 4.5725855816258646e-13             
   65,   47, 1.2268008586565399e-07,-7.1357494318531994e-08, 4.7458285760441133e-13, 4.7343923337934658e-13             
   65,   48, 5.2299364006166103e-08,-5.2508084843193098e-08, 4.9785104245266469e-13, 4.9719503278679132e-13             
   65,   49,-5.4757499604033201e-09,-9.5988214308259993e-08, 5.0036552703713356e-13, 5.0083139547120674e-13             
   65,   50, 1.6863470445463998e-08,-6.5237379808564803e-08, 5.4090830473753357e-13, 5.4091170194680121e-13             
   65,   51, 1.4917441333590899e-07,-7.6474935887247002e-09, 5.3166047865049572e-13, 5.3030252974122834e-13             
   65,   52, 6.1211536853382601e-08, 8.6792864520953305e-08, 5.9326167854467248e-13, 5.9312948918268078e-13             
   65,   53, 2.9593361372928101e-08, 1.3107628566709901e-07, 5.6389175728696636e-13, 5.6337110018285849e-13             
   65,   54,-4.3224425487354697e-08, 6.6941035277458200e-08, 6.4956790962413690e-13, 6.4993921180834928e-13             
   65,   55, 8.5851839202620106e-08,-3.3867842385645900e-08, 6.1429879698321519e-13, 6.1496433920165584e-13             
   65,   56,-9.7138364253283706e-09, 1.1191902118167500e-07, 7.0512648993979662e-13, 7.0513039249447682e-13             
   65,   57, 3.6563946221954202e-08, 3.0914697523303402e-08, 6.9672482475340662e-13, 6.9506903289477103e-13             
   65,   58, 4.3653616300093599e-09, 1.8524392531620301e-08, 7.5553621135497540e-13, 7.5763063717867248e-13             
   65,   59, 4.0983056892086598e-08, 2.8527332634591500e-08, 8.2444787786099446e-13, 8.2437522815903067e-13             
   65,   60,-1.4914697480501200e-07,-6.4770552370172596e-08, 8.1676528943370560e-13, 8.1759834089098393e-13             
   65,   61,-8.2576600020412201e-08,-1.9345997583843901e-08, 9.9655929012579129e-13, 1.0001868876352976e-12             
   65,   62, 4.9411510838006999e-08,-1.5047235503728500e-07, 9.5043586858905518e-13, 9.5377653023325853e-13             
   65,   63, 3.2474414780789098e-08, 2.6286976651864699e-08, 1.2068928719599549e-12, 1.2111786598731972e-12             
   65,   64, 1.8117253148859301e-07,-1.6618869365811300e-07, 1.3035830078003947e-12, 1.3042816690772989e-12             
   65,   65,-5.7552742947276798e-08,-7.9696089142024998e-08, 2.0026836141580320e-12, 2.0105105727243324e-12             
   66,    0, 7.1006896749466797e-08, 0.0000000000000000e+00, 9.6850470687887255e-14, 0.0000000000000000e+00             
   66,    1, 2.7499277210161301e-08, 1.3388981857109401e-07, 8.9149093206254913e-14, 9.0453693450215849e-14             
   66,    2,-9.0241993357700600e-09,-4.7361364815695203e-08, 9.3616352625460861e-14, 9.5971236924204293e-14             
   66,    3,-2.0685289730665399e-07,-3.6418373733343899e-08, 9.1097081348187136e-14, 9.0886836116650698e-14             
   66,    4,-3.5370343564360700e-08,-5.0306563071835698e-08, 9.0970157069148562e-14, 1.0136777901587880e-13             
   66,    5,-3.0088006912085402e-08,-1.1178982047895901e-09, 9.1759422852701912e-14, 9.3255069285890004e-14             
   66,    6,-6.5168513240726499e-08,-1.2296398976102500e-08, 9.1948003604666884e-14, 9.3352973103091577e-14             
   66,    7, 1.5921274171772599e-08,-3.0179930944686503e-08, 1.0007120524581273e-13, 9.5025637124036977e-14             
   66,    8, 2.8473123374110100e-08,-1.5153217992445501e-07, 9.8663259113942368e-14, 9.7213863580080601e-14             
   66,    9,-2.0980209857724399e-08,-6.5272501505419406e-08, 1.0017089260885096e-13, 9.8529448094420096e-14             
   66,   10,-2.8567922262889500e-08, 6.3831116613964098e-08, 1.0971858780253435e-13, 1.0653654617295716e-13             
   66,   11,-5.3055124686551902e-08, 2.4091441904237398e-07, 1.0677016785437846e-13, 1.0591836917087457e-13             
   66,   12, 9.8847615123246105e-08, 5.8113081130059998e-08, 1.2276226272003026e-13, 1.1856930098301595e-13             
   66,   13,-5.5976949202907597e-09,-4.8115128296655997e-08, 1.1328386889588277e-13, 1.1214673953421510e-13             
   66,   14,-2.8348616792804500e-08, 6.3713614003710798e-08, 1.3519845811884184e-13, 1.3343457425856358e-13             
   66,   15,-3.3598713341562297e-08,-7.3396250001234495e-08, 1.2254354268126051e-13, 1.2030139256306125e-13             
   66,   16, 4.1008391980252702e-08, 7.9282187105812995e-08, 1.4953721820858598e-13, 1.5028201893420086e-13             
   66,   17,-5.3425445202812302e-08, 1.2089667683362200e-07, 1.3338133738443642e-13, 1.3476380163580070e-13             
   66,   18, 7.2058342399684506e-08,-1.0006708732883300e-07, 1.6926776575553539e-13, 1.6787359242467763e-13             
   66,   19,-2.7171970146568299e-08, 2.7863293509651002e-09, 1.5073867243180904e-13, 1.5176136262047992e-13             
   66,   20, 6.7787082395269897e-09, 1.2454922053923699e-07, 1.8330062709220926e-13, 1.8342115113903159e-13             
   66,   21,-2.7745743811362600e-08,-2.0729235497217600e-08, 1.7238994519498058e-13, 1.7118320636217982e-13             
   66,   22,-4.7259376823143502e-08,-3.2886688286267900e-09, 1.9683023480871731e-13, 1.9575678192407453e-13             
   66,   23, 3.9882504438827502e-08, 1.2113720561825799e-07, 1.9521638929262609e-13, 1.9355978776183080e-13             
   66,   24, 1.5881262933038799e-07, 9.7979954939538500e-08, 2.1059553343013498e-13, 2.0701521644764046e-13             
   66,   25,-3.3589727541411801e-08, 7.4248867810330003e-08, 2.1477754168342471e-13, 2.1646846005155983e-13             
   66,   26, 6.0664079715528199e-08,-8.2803458781638593e-09, 2.1866637084099807e-13, 2.1912137941678999e-13             
   66,   27,-9.4105785029130704e-08,-5.8147040296508797e-08, 2.3691323803146223e-13, 2.3587189294627172e-13             
   66,   28,-7.6595110743264497e-08, 1.1331971396984500e-07, 2.3372862978438794e-13, 2.3218513320966737e-13             
   66,   29, 3.2160237657383697e-08,-4.2920680434327302e-08, 2.5674269679487043e-13, 2.5842759883048230e-13             
   66,   30, 8.4000890990000194e-08,-1.1777780218746200e-07, 2.5125715239450890e-13, 2.5070450341689197e-13             
   66,   31,-1.2477266635977400e-07, 2.0581483966022300e-07, 2.7962624756155637e-13, 2.7856897725068050e-13             
   66,   32,-5.6443772046747701e-08,-4.6027877958973100e-08, 2.7221823548933716e-13, 2.7066030792916605e-13             
   66,   33, 8.0245582301261596e-08,-3.7504047908274800e-08, 3.0098978401560895e-13, 3.0187877157713579e-13             
   66,   34, 7.6493786849450706e-11,-6.2376198598654305e-08, 2.9611026509395276e-13, 2.9538700783043848e-13             
   66,   35, 1.2103021452551399e-08,-6.3530131743854698e-08, 3.2411305229769379e-13, 3.2482438805625072e-13             
   66,   36, 8.0379332995260200e-08, 9.7428988914368898e-09, 3.2212250729224285e-13, 3.2226107109572184e-13             
   66,   37, 3.8141801327239497e-08, 5.3159927560016999e-08, 3.5061807922248043e-13, 3.4886474946689558e-13             
   66,   38,-9.7171998542394806e-08,-1.8713551657432001e-08, 3.5287237553730869e-13, 3.5138688605231584e-13             
   66,   39, 1.2287930633455501e-07, 1.4736649973988000e-07, 3.7834193346733855e-13, 3.7408084284425282e-13             
   66,   40, 2.2199548733933199e-08, 2.0541278683633101e-07, 3.8266638424556477e-13, 3.8169322876295503e-13             
   66,   41, 3.5759749623658302e-09,-7.7951909424663700e-09, 4.0657853962929127e-13, 4.0435574592942944e-13             
   66,   42, 1.2036458277342801e-07,-3.7218489580259401e-08, 4.1305008663905432e-13, 4.1376567894037389e-13             
   66,   43,-5.4130181843237602e-08, 2.0592583259450901e-08, 4.3472023618308517e-13, 4.3661707265534387e-13             
   66,   44, 1.4073010273917700e-07, 6.8296979699349400e-08, 4.4762214257877222e-13, 4.4827536526544965e-13             
   66,   45,-3.0059573913369602e-08, 2.7667944964454900e-08, 4.6882836135830163e-13, 4.7097923975123751e-13             
   66,   46, 7.6335336563092299e-08,-4.1765014605622200e-08, 4.8468819978740761e-13, 4.8387555091651613e-13             
   66,   47,-1.4619218165745399e-07,-1.5508883446858100e-08, 5.0835952191461853e-13, 5.0765394875034812e-13             
   66,   48, 3.7686563393087197e-09,-2.4863601299395199e-08, 5.2351972866201997e-13, 5.2345205386681181e-13             
   66,   49,-5.7416031222628703e-08, 2.6303575534125601e-08, 5.5093442294008105e-13, 5.5243075939034407e-13             
   66,   50,-2.9967722215183603e-08,-1.6004557646996500e-09, 5.6093112440547571e-13, 5.6050973461917696e-13             
   66,   51,-4.2245308952620803e-08,-1.9309482793405898e-09, 6.0139013613123056e-13, 5.9958376208919830e-13             
   66,   52,-9.1381234652110607e-08,-2.9478771607681399e-09, 6.0463179360905461e-13, 6.0413512685351172e-13             
   66,   53,-4.6880090494173099e-08,-9.3120858183654205e-08, 6.5529687360429423e-13, 6.5688231595800184e-13             
   66,   54,-3.7930094014238703e-08,-8.2610879518692003e-08, 6.5507877795437014e-13, 6.5646499292175428e-13             
   66,   55,-1.1552007197457800e-07,-1.0738292860156400e-07, 7.1472859095347544e-13, 7.1547132189904028e-13             
   66,   56, 4.2802477633989098e-08,-1.8093982936946700e-08, 7.2659448412854198e-13, 7.2651306509294460e-13             
   66,   57,-4.9181738045596398e-08,-1.1733368424191000e-07, 7.7060324747345661e-13, 7.7238979088351755e-13             
   66,   58,-6.3645909932022804e-08, 3.4783115040759597e-08, 8.3229963138959782e-13, 8.3656769258243499e-13             
   66,   59, 4.9272518721603798e-08,-3.7403140619778002e-09, 8.1923839876195845e-13, 8.2011057215789128e-13             
   66,   60,-1.3114654139144900e-07,-1.1956731576755199e-07, 9.9676530711152771e-13, 9.9586203613570182e-13             
   66,   61,-3.6009567238889503e-08, 2.0478178148616801e-08, 8.7386804028682265e-13, 8.7356721000215405e-13             
   66,   62, 4.5343512173395897e-09, 4.6308236255266602e-11, 1.2141597549944014e-12, 1.2124536871992482e-12             
   66,   63,-8.6723685687832600e-08,-2.0234043445362199e-08, 9.9887935421062953e-13, 9.9367178451800295e-13             
   66,   64,-8.2504392401636502e-08, 2.0891656451914300e-07, 1.4982144540222763e-12, 1.4963339205861570e-12             
   66,   65,-1.3972426696663501e-07, 4.6267835397008999e-08, 1.3369454974449309e-12, 1.3328765617608151e-12             
   66,   66,-1.0655907409141899e-07, 7.2629662253201296e-08, 2.4350764691005399e-12, 2.4275084319935689e-12             
   67,    0,-2.5477808530425100e-07, 0.0000000000000000e+00, 9.6166917866668530e-14, 0.0000000000000000e+00             
   67,    1,-4.8918272128715301e-08,-1.0319692991688101e-07, 1.0053947536271864e-13, 1.0551483937890924e-13             
   67,    2, 6.6240040053207595e-08,-1.3857744727766999e-07, 9.3900802517810005e-14, 9.2011062467527013e-14             
   67,    3, 1.4106933584670801e-07,-8.5817383605964505e-09, 9.3988909713093276e-14, 9.6830234445252606e-14             
   67,    4,-5.1582004901655097e-08, 4.5109160579285298e-08, 9.2051035523690922e-14, 9.2020507169466090e-14             
   67,    5,-1.2908915436421400e-07, 7.4179906635624306e-08, 9.4376453090618105e-14, 9.6454898967800784e-14             
   67,    6,-3.4550122155920999e-08, 2.6604338613941001e-08, 9.3993230236527268e-14, 9.7745240078664034e-14             
   67,    7,-4.6439621506172899e-08, 4.4763852887062701e-08, 1.0279893190356846e-13, 9.7208498282085668e-14             
   67,    8,-3.5952109293097403e-08, 1.0899072460224001e-07, 9.8818595395143491e-14, 1.0035608228293106e-13             
   67,    9,-1.0590480517284000e-07, 9.5465583744617200e-08, 1.0288739002618731e-13, 1.0067809262715739e-13             
   67,   10,-5.4335991327364898e-08, 3.0318552469090100e-08, 1.0363010675802059e-13, 1.0267212201888036e-13             
   67,   11, 6.1494365617021503e-08,-1.2342603268600999e-07, 1.0701340308763873e-13, 1.0848408598253002e-13             
   67,   12,-1.9183833242779801e-08,-6.6396285640907899e-08, 1.1948587015365218e-13, 1.1282161419475734e-13             
   67,   13, 4.1324887321764200e-08,-1.5969623067874001e-07, 1.1847204170253623e-13, 1.1348538625229303e-13             
   67,   14,-4.6321831103347203e-08,-1.0606969240900500e-07, 1.2444907515890967e-13, 1.2219828350782098e-13             
   67,   15,-5.6935067559003097e-08, 2.9939238323697602e-08, 1.2240648441541732e-13, 1.2154416016280947e-13             
   67,   16, 6.6185346183993295e-08, 8.7642808855693202e-08, 1.3547031473153804e-13, 1.3508155017414835e-13             
   67,   17, 3.5561585195123603e-08,-6.9408797565609005e-08, 1.3909901233912535e-13, 1.3574478092020365e-13             
   67,   18, 2.5412842284910801e-08, 1.0647507281679401e-07, 1.4997462986330343e-13, 1.5054180956913818e-13             
   67,   19,-5.5663167633865099e-08, 1.2074320642787601e-07, 1.5199145101196318e-13, 1.5086852416966364e-13             
   67,   20,-3.8738117422646597e-08, 3.0800938251757097e-08, 1.6674078040773920e-13, 1.6570626724763437e-13             
   67,   21,-7.3433154026195006e-08, 4.7840528445830101e-08, 1.7159120982601157e-13, 1.7111466853268607e-13             
   67,   22, 1.4102759826674601e-07, 7.1794465252682005e-08, 1.8044908118020523e-13, 1.7863306502098412e-13             
   67,   23, 8.0244869388998004e-08,-2.0972368060357200e-07, 1.9289083657907429e-13, 1.9238701823216575e-13             
   67,   24, 3.7442665644259198e-08, 7.7109189481006998e-08, 1.9383225126277146e-13, 1.9226887428528013e-13             
   67,   25,-1.8903199970609899e-07, 1.1352904375847900e-07, 2.1119079419142931e-13, 2.1252590918089189e-13             
   67,   26, 9.1381627769096705e-08,-1.0605508008778600e-07, 2.0621054860510724e-13, 2.0630605545262197e-13             
   67,   27, 6.6722536192406597e-08, 1.9910231986406801e-08, 2.3114534128862823e-13, 2.3116431372813260e-13             
   67,   28, 4.6122989456148797e-08,-6.1701818555277300e-08, 2.2160959003464981e-13, 2.2249479316571207e-13             
   67,   29, 7.1043001660687406e-08,-9.9076234405974602e-08, 2.4791221478966114e-13, 2.4879303521791959e-13             
   67,   30,-1.3293180082133601e-07, 5.5629751737432898e-08, 2.4081092934194135e-13, 2.4022403849325542e-13             
   67,   31,-8.5616076173988507e-09, 4.3090257441971498e-08, 2.6699384243926765e-13, 2.6673326326626286e-13             
   67,   32, 1.0364596441364600e-07,-4.0667400299531303e-08, 2.6179204207512118e-13, 2.6167128439778661e-13             
   67,   33,-7.0377297873979806e-08, 8.9303342648305994e-08, 2.8537079502629821e-13, 2.8518333406342398e-13             
   67,   34,-6.2701348629767704e-08, 1.0560851661767900e-07, 2.8367774067998208e-13, 2.8426166563073462e-13             
   67,   35, 3.1892082557464998e-08,-3.0319362445950503e-08, 3.0353277506712048e-13, 3.0448832125018843e-13             
   67,   36,-9.3755237354094997e-08,-1.6267772394639599e-08, 3.0717261856053383e-13, 3.0624385461487781e-13             
   67,   37,-6.4773814931448405e-08,-9.2779264669095602e-08, 3.2396765805015281e-13, 3.2422267314316444e-13             
   67,   38, 4.7558730247041900e-08, 4.6728911151782702e-08, 3.3049275440362681e-13, 3.3072400180167663e-13             
   67,   39, 5.3543983955713598e-08,-1.4542649226607600e-08, 3.4590824581081112e-13, 3.4611076437998868e-13             
   67,   40,-1.1750484962246200e-07,-9.8279062155821997e-08, 3.5448867719789409e-13, 3.5414286344138433e-13             
   67,   41,-5.8757550132866097e-09,-6.6481498889217603e-09, 3.6936946884961303e-13, 3.6898435589673031e-13             
   67,   42, 4.6426338068669898e-08, 1.3391391991678599e-07, 3.7810720141391419e-13, 3.7835008398489795e-13             
   67,   43,-3.7852903492980197e-08,-4.2747165755737296e-09, 3.9498643643431100e-13, 3.9510862228594996e-13             
   67,   44, 5.7757789290111698e-08, 6.7648974437715203e-09, 4.0279568344368570e-13, 4.0214520579746311e-13             
   67,   45, 6.2309159335831501e-09,-2.0084236613698100e-07, 4.2368324133242872e-13, 4.2366767286609967e-13             
   67,   46,-5.2020527611524302e-08, 4.6714755098150103e-09, 4.3308029794308185e-13, 4.3164789708021893e-13             
   67,   47,-1.3131024044540301e-07,-5.5804466979864797e-08, 4.5425050105438527e-13, 4.5251895821359079e-13             
   67,   48,-2.1820618378729899e-08, 6.9283746456948697e-08, 4.6498935882027125e-13, 4.6466310558406673e-13             
   67,   49,-2.8814594407617900e-08, 9.5232882887207401e-08, 4.8250356520488459e-13, 4.8326092959780430e-13             
   67,   50,-7.7253128791293704e-08,-3.9174736402353098e-08, 5.0473223252121654e-13, 5.0405843839282139e-13             
   67,   51, 6.9246870020274696e-09, 2.0408096370546101e-08, 5.0885525275738537e-13, 5.0793950838067263e-13             
   67,   52, 5.9668664363595499e-08,-2.7758842271479000e-09, 5.4844914484874391e-13, 5.4802874805125863e-13             
   67,   53, 1.0569266801267100e-07, 9.8486557318202400e-08, 5.3729944911725544e-13, 5.3758416489885396e-13             
   67,   54,-1.1894028571865200e-08, 3.4210955484075600e-08, 6.0142709029462084e-13, 6.0156607912262282e-13             
   67,   55, 1.1751925837914100e-07, 6.7271847344422505e-08, 5.6903850402686114e-13, 5.6927009665357733e-13             
   67,   56, 1.9745809048662599e-07,-5.1991639260645598e-08, 6.5884953153777878e-13, 6.5846577522283875e-13             
   67,   57,-1.7108961766057899e-07,-3.6603209934934298e-08, 6.2086125541606145e-13, 6.2031334755926196e-13             
   67,   58, 4.3577715389104701e-08, 4.5450714011169403e-08, 7.1308238817867149e-13, 7.1422926947170929e-13             
   67,   59, 2.1927635455961001e-08,-5.6681548497866199e-08, 7.0372216465935235e-13, 7.0333672746621127e-13             
   67,   60,-1.3658296497485301e-08, 1.9189351342129700e-08, 7.6291194891059621e-13, 7.6289265874112036e-13             
   67,   61, 8.9166587372237500e-08, 1.2117965733971699e-07, 8.3509399495736130e-13, 8.3753151958039193e-13             
   67,   62, 1.2162670665764599e-07,-2.7645106117152000e-08, 8.1805707911599497e-13, 8.2004119563698981e-13             
   67,   63,-4.1804865699138503e-08, 1.1215791856858300e-07, 1.0136820438967720e-12, 1.0153793814224218e-12             
   67,   64, 1.4851221123041001e-07, 4.5525788188338502e-08, 9.5179223372769089e-13, 9.5184341595274847e-13             
   67,   65,-3.6717438483678601e-08,-2.0055597516624999e-07, 1.2215039871315584e-12, 1.2244774253711514e-12             
   67,   66, 8.2159420200141302e-08,-5.0611946658129300e-08, 1.3155003206473520e-12, 1.3169685846141599e-12             
   67,   67,-6.0559383040191600e-08,-2.8181459037449401e-08, 2.0106762787589179e-12, 2.0114434809711924e-12             
   68,    0, 7.7925722818354506e-08, 0.0000000000000000e+00, 9.1759861852190859e-14, 0.0000000000000000e+00             
   68,    1, 2.1860643494213999e-09,-1.3410880372536600e-08, 9.2935160232270570e-14, 9.3622621175312987e-14             
   68,    2,-1.4633080141750600e-08, 1.7499753513386201e-08, 9.2545047039163217e-14, 9.0982610096074856e-14             
   68,    3, 2.8391891766557299e-08,-1.4030460944304700e-08, 9.1485443095522716e-14, 9.4326407983395314e-14             
   68,    4,-4.7228620516396399e-08, 2.5687900277374801e-08, 9.1380096733147477e-14, 9.6598479834126302e-14             
   68,    5, 1.2342866040575999e-07, 5.1941774370413202e-08, 9.9269020571719067e-14, 9.6131318757473890e-14             
   68,    6,-2.0860424454053099e-08,-2.3008098209171101e-07, 9.5807742500746386e-14, 9.7795439699405825e-14             
   68,    7, 3.7291766549133698e-11,-1.0449530651089600e-07, 1.0465507057421355e-13, 9.9016216892843997e-14             
   68,    8,-2.9988721464995001e-08, 6.7641575093494303e-10, 9.9642754425766092e-14, 1.0107827587385950e-13             
   68,    9, 1.2493749323832499e-07, 5.1411412878252003e-08, 1.0255945996918284e-13, 9.8982342323677271e-14             
   68,   10, 2.4798321115049899e-08, 1.0731820045811901e-07, 1.0855423858583864e-13, 1.0661293840460079e-13             
   68,   11,-6.6632135986880903e-08, 4.4587992502526601e-08, 1.0574663504667517e-13, 1.0683385641623362e-13             
   68,   12, 7.6254879759474094e-08,-7.8564859274892096e-08, 1.1812563198495601e-13, 1.1847498519551879e-13             
   68,   13,-3.7536712554729399e-09,-5.8153679616850698e-08, 1.1177456741460948e-13, 1.1225122074751777e-13             
   68,   14,-2.4612445562237999e-08, 5.1072413024072297e-08, 1.3356791569142392e-13, 1.3327914651491605e-13             
   68,   15, 1.2234401947626499e-07, 1.6548763343213299e-07, 1.1950259594323782e-13, 1.2204771922101316e-13             
   68,   16,-4.2497628889703398e-08,-4.3576159331210297e-08, 1.4944231724423752e-13, 1.4985526920210123e-13             
   68,   17,-8.2933061724236002e-08,-1.2036995512781801e-08, 1.3295133122635416e-13, 1.3319472578370141e-13             
   68,   18, 8.2446506123048508e-09,-2.2892882370346999e-08, 1.6377584192569146e-13, 1.6466190429479297e-13             
   68,   19, 6.2389870352450604e-08,-6.4066297816844698e-08, 1.4862497437998781e-13, 1.4802308071743296e-13             
   68,   20, 2.3575650266182999e-08, 4.3142414507250700e-08, 1.7941362385794023e-13, 1.8154667860666130e-13             
   68,   21, 1.3028326289552299e-07,-3.4323491656268803e-08, 1.6703950562209202e-13, 1.6727926705971418e-13             
   68,   22, 8.3935006679067596e-08,-1.3220666860584500e-07, 1.9361868504384980e-13, 1.9193811841067696e-13             
   68,   23,-1.0160623092831399e-07, 3.9959993092654800e-08, 1.8784752903139279e-13, 1.8736421571829860e-13             
   68,   24,-5.4648936722318200e-08, 5.3145314732499201e-08, 2.0506506091609042e-13, 2.0347464594298404e-13             
   68,   25, 1.0090912227645899e-07,-9.5236482798552204e-08, 2.1003589652305273e-13, 2.0882874316501709e-13             
   68,   26, 1.4983994704769700e-07,-1.1353932738903700e-07, 2.1882338900421450e-13, 2.1481013135945196e-13             
   68,   27,-1.8150218762633499e-07,-9.8952963717033399e-08, 2.3167225067326761e-13, 2.3156274446482404e-13             
   68,   28, 1.1065667192530501e-07,-1.2125537460796199e-07, 2.2703349383583538e-13, 2.3011129227500808e-13             
   68,   29,-6.9746535396690401e-08, 1.2500110754674400e-07, 2.4997862129117308e-13, 2.5022838340374093e-13             
   68,   30,-2.6276744597658300e-08, 6.6177569795148998e-09, 2.4493228474445025e-13, 2.4279253989109836e-13             
   68,   31, 6.3413652001329798e-08, 5.7714851876547201e-08, 2.6978144391709019e-13, 2.7003762039725372e-13             
   68,   32, 9.9029560252950997e-08, 5.8736727750625802e-08, 2.6237208477988326e-13, 2.6215552077369308e-13             
   68,   33,-7.5224087533223503e-08,-1.9355591218548999e-08, 2.9060800290880245e-13, 2.9271816090431078e-13             
   68,   34, 6.3257257261703403e-08,-9.8487784483619403e-08, 2.8435308270513823e-13, 2.8425347699639078e-13             
   68,   35, 1.1927506375141400e-07,-2.7115319110822000e-08, 3.1323553995551744e-13, 3.1361528135215543e-13             
   68,   36,-6.3769158870538202e-08, 4.3835894104845601e-08, 3.0857563464482687e-13, 3.0994782693810837e-13             
   68,   37, 5.0357483422821302e-08, 4.1434265363775102e-08, 3.3775193757802969e-13, 3.3701256094806817e-13             
   68,   38,-1.6142277068944500e-07, 8.7650905501866698e-08, 3.3597593266414848e-13, 3.3505546609532735e-13             
   68,   39,-5.1270023982495200e-08,-8.0372493763686694e-08, 3.6363196617095290e-13, 3.6051533284811788e-13             
   68,   40, 2.2779729933396300e-08,-4.7633384153467200e-08, 3.6446863797955007e-13, 3.6349518505246119e-13             
   68,   41, 8.9358698642445006e-09, 7.9384423174561001e-08, 3.8879907089714947e-13, 3.8661905235928256e-13             
   68,   42, 3.2889385835966301e-08,-6.0686757519616396e-08, 3.9378365736675785e-13, 3.9415173347753093e-13             
   68,   43,-2.3706557009650901e-08,-1.5273880837978701e-08, 4.1601610943221360e-13, 4.1673440723862715e-13             
   68,   44, 4.1453017595060302e-08, 2.7563525523781900e-08, 4.2513011719230101e-13, 4.2598065058772737e-13             
   68,   45,-1.1408943713544400e-07, 4.1003673604848797e-08, 4.4550525536583654e-13, 4.4648009545961722e-13             
   68,   46,-1.9655426660774200e-07, 9.6177386477440602e-08, 4.6095917061832172e-13, 4.5941808832504085e-13             
   68,   47, 1.3868510766037400e-09,-1.1833979976992300e-07, 4.8012782987566532e-13, 4.8044037373310356e-13             
   68,   48,-1.9266277549384101e-08, 8.2397132829681195e-08, 4.9714500512495006e-13, 4.9597795484629763e-13             
   68,   49,-6.1707725199503901e-08,-8.1499853016207107e-08, 5.1638435546056178e-13, 5.1758138035219752e-13             
   68,   50, 8.9851422483778405e-08,-7.7916257795092199e-08, 5.3613390494542954e-13, 5.3420136656439674e-13             
   68,   51, 1.1555694115566100e-07,-1.3809921164415601e-07, 5.6070558108824390e-13, 5.5901188263162773e-13             
   68,   52,-1.4673084943728201e-08,-3.8950759908529798e-08, 5.7204676965733678e-13, 5.7123853782124836e-13             
   68,   53,-6.5525114853444897e-08, 6.6571134738399904e-08, 6.0745036016441829e-13, 6.0872075069580660e-13             
   68,   54,-4.4837856065634401e-08,-6.9783381979443999e-09, 6.1375083887922004e-13, 6.1520797702375998e-13             
   68,   55, 2.8046662958330900e-08,-4.1325025080520202e-08, 6.6302335333111969e-13, 6.6353699656713049e-13             
   68,   56,-7.9084904028580194e-08, 2.7626459751356701e-08, 6.6447394703036309e-13, 6.6472551492348720e-13             
   68,   57,-4.9043362191762801e-08, 9.2082165969064395e-08, 7.2101091511981953e-13, 7.2320983298285332e-13             
   68,   58, 3.5354572445135399e-08, 4.8474380092273602e-08, 7.3329401444137340e-13, 7.3732854728170994e-13             
   68,   59,-5.5959465099875499e-08,-3.4215389724239501e-08, 7.7697071805942120e-13, 7.7817222568262290e-13             
   68,   60, 9.7494367299647799e-08,-1.9508999288521302e-08, 8.4408875295757376e-13, 8.4362733335410593e-13             
   68,   61, 1.5797396069156200e-08,-6.2708259691868695e-08, 8.2338002506984404e-13, 8.2352873516380032e-13             
   68,   62,-4.6543010490970497e-08,-1.1193425757196800e-07, 1.0081522631900958e-12, 1.0069853468857693e-12             
   68,   63,-2.8643972301646501e-08,-5.7402556328993498e-08, 8.7524934824376779e-13, 8.7204587753362448e-13             
   68,   64, 8.9780210741316203e-10,-7.3071109035322006e-08, 1.2265763611178629e-12, 1.2246476914566663e-12             
   68,   65,-1.5688485363507700e-07, 6.7547618608825095e-08, 9.9641275012232212e-13, 9.9294442194253865e-13             
   68,   66,-3.5267355934796702e-08, 7.1533261358484503e-08, 1.5066819139504324e-12, 1.5024767387294852e-12             
   68,   67, 7.4998511223961806e-08, 5.0414809442015803e-09, 1.3466499186784718e-12, 1.3464011375041491e-12             
   68,   68, 9.6038395747939098e-08, 5.4922795458897100e-09, 2.4253048695120126e-12, 2.4270295382657654e-12             
   69,    0,-1.4352979870649999e-07, 0.0000000000000000e+00, 9.1946399709916263e-14, 0.0000000000000000e+00             
   69,    1,-3.7118929850179003e-08, 1.5204776207396299e-08, 9.7650112488305466e-14, 9.3086846487383142e-14             
   69,    2, 1.1531242014648399e-07, 1.2516025026671400e-07, 9.2897813432605423e-14, 9.2336265588394081e-14             
   69,    3,-3.2198574711536898e-08, 2.0074952266532000e-08, 9.3870915577322667e-14, 9.9422843333173605e-14             
   69,    4, 4.2100494054425697e-08,-3.1238697167996801e-08, 9.2339886867422499e-14, 9.9227950229150929e-14             
   69,    5,-1.4996352630081701e-07,-5.5683325421249998e-09, 9.7139429828162535e-14, 9.8792252181555580e-14             
   69,    6, 9.2707554111771300e-08,-1.0128196293483200e-07, 1.0155224089721270e-13, 1.0114046107642969e-13             
   69,    7, 6.4218849640327097e-09, 2.1857265443719399e-07, 9.8082897696674215e-14, 9.8380461775789245e-14             
   69,    8,-1.9266272286554600e-08, 5.7881378363060399e-08, 1.0201321039656995e-13, 9.9620985634640821e-14             
   69,    9,-3.2797253598945901e-08,-5.8985624177269698e-08, 1.0303626282811860e-13, 1.0351510482119734e-13             
   69,   10,-7.5666663395970797e-08,-1.1151588523449200e-07, 1.0841489933398193e-13, 1.0278562497933187e-13             
   69,   11, 1.1065449969959900e-07,-9.3957065150993294e-08, 1.0607521858566145e-13, 1.0765245929134715e-13             
   69,   12, 1.4038917547472399e-08, 4.9450568401061397e-08, 1.1056420113813650e-13, 1.1041475261933221e-13             
   69,   13,-9.4375524652862097e-08, 3.7416884407016999e-08, 1.2125602619648011e-13, 1.1463097250084679e-13             
   69,   14, 7.3664788308089802e-08, 1.8412986293336000e-07, 1.2321825246606060e-13, 1.2109664402621657e-13             
   69,   15, 6.6053872493777502e-08, 1.7343971194341400e-08, 1.2559038254574560e-13, 1.2405459167615159e-13             
   69,   16,-6.3438027816855804e-08,-3.8682139124047197e-08, 1.3453116376532504e-13, 1.3483380387541977e-13             
   69,   17, 2.8494424247007701e-08, 3.9269374773867399e-08, 1.3466784978927331e-13, 1.3396987208899947e-13             
   69,   18, 3.4945729556033703e-08, 7.4245670652304304e-08, 1.4936850947257257e-13, 1.4864443873601836e-13             
   69,   19, 9.6100925497984196e-08, 8.7417211616139606e-08, 1.4839322902751333e-13, 1.5292978108571507e-13             
   69,   20, 1.7027294647979699e-07,-8.2038656499791506e-08, 1.6303939513611859e-13, 1.6252644502539727e-13             
   69,   21,-1.6817488025672499e-07,-8.4078720351972297e-08, 1.6657488561117372e-13, 1.6734285337214889e-13             
   69,   22,-3.6266160813798703e-08, 1.3321338823290499e-07, 1.7713881657189122e-13, 1.7696104983343525e-13             
   69,   23,-5.5081871211874196e-09,-3.2964883492369502e-08, 1.8802332310480559e-13, 1.8460148681434077e-13             
   69,   24, 7.0008710912781506e-08, 1.5620562152265300e-08, 1.8972527488809773e-13, 1.8743096071832383e-13             
   69,   25, 3.8668514282358100e-08, 1.1041676537096801e-08, 2.0530508393136916e-13, 2.0529273518256826e-13             
   69,   26,-1.9117873137850300e-07,-1.6720462760527999e-08, 2.0228766490713542e-13, 2.0684416309047401e-13             
   69,   27, 2.1392353992903500e-07, 4.3062613133406901e-08, 2.2502096492011026e-13, 2.3071579512773923e-13             
   69,   28,-1.5674878481944999e-07, 1.6009740172850599e-07, 2.1726192349181586e-13, 2.1860656974830446e-13             
   69,   29,-5.9555126303121500e-08, 4.0744141250354702e-08, 2.4431562695592057e-13, 2.4257529917311794e-13             
   69,   30,-1.6347632145817999e-08, 8.3338287850296099e-08, 2.3425251238670859e-13, 2.3431006595241704e-13             
   69,   31,-1.6292672216340001e-08,-1.3269081630627200e-08, 2.5836645196347955e-13, 2.5772974321333786e-13             
   69,   32, 2.0413066797885799e-08,-5.9678180500653201e-08, 2.5443404147223910e-13, 2.5357927825194552e-13             
   69,   33,-2.1116208371653701e-08,-1.2898557796713199e-07, 2.7581669104772068e-13, 2.7539017574059095e-13             
   69,   34, 1.7084857423920000e-08, 1.1136034345418100e-07, 2.7547202924583957e-13, 2.7594315479620285e-13             
   69,   35,-7.3862938407231701e-08, 1.2836889617711200e-08, 2.9304878656245399e-13, 2.9327996310867141e-13             
   69,   36,-3.8465811384046099e-08,-8.0687058172853099e-08, 2.9643413984242337e-13, 2.9687704138903913e-13             
   69,   37,-3.6114201461866403e-08,-7.1540694099018198e-08, 3.1147463444055940e-13, 3.1204725029283561e-13             
   69,   38,-1.9768722039776800e-08,-1.3162297865589999e-08, 3.1831398260795845e-13, 3.1846642096038135e-13             
   69,   39, 7.4179503619155505e-08,-2.3666807727215601e-08, 3.3283745998822136e-13, 3.3228458388334391e-13             
   69,   40,-2.6646911872322501e-08, 6.7390767180468199e-09, 3.4127500795024171e-13, 3.4200718334166786e-13             
   69,   41, 1.4334678785550300e-07, 7.9723395335389705e-08, 3.5399144353766734e-13, 3.5469535268406824e-13             
   69,   42,-1.2753839945456799e-07, 3.6608333514584599e-09, 3.6376113748458069e-13, 3.6379529571860432e-13             
   69,   43,-4.0440777668293897e-08, 5.6946356639885898e-08, 3.7800855094557810e-13, 3.7860253211412982e-13             
   69,   44, 8.3126034439789198e-08,-1.3412216408813101e-08, 3.8616246308987030e-13, 3.8643927432698094e-13             
   69,   45,-4.5769779291613201e-09,-3.2166252941265501e-08, 4.0511997633659238e-13, 4.0497731510664394e-13             
   69,   46, 7.4055856987275999e-08,-6.2142969529775800e-08, 4.1022778947353126e-13, 4.0975142437952711e-13             
   69,   47, 4.8282020919600498e-08, 3.3036077238006101e-09, 4.3450827282122141e-13, 4.3337875755460974e-13             
   69,   48, 1.8499908248627802e-08, 1.5517530991392599e-07, 4.4010026539930113e-13, 4.3958154299451648e-13             
   69,   49, 2.3197804104299102e-08, 3.3762062318262897e-08, 4.6290039341513271e-13, 4.6352350317912341e-13             
   69,   50, 5.2875382200162797e-08,-1.2384971346696900e-07, 4.7268260674076797e-13, 4.7219566795249880e-13             
   69,   51, 5.5415582111651599e-08, 1.8521038146335801e-08, 4.9290349992375403e-13, 4.9096716846917618e-13             
   69,   52,-2.3366955914084399e-08,-4.9003190718341101e-08, 5.1181920087161570e-13, 5.1131365051368477e-13             
   69,   53,-4.3699888359219802e-08,-4.8677592679201197e-09, 5.1698002168388593e-13, 5.1660931399996044e-13             
   69,   54, 8.9287073096534900e-08,-1.3233274271036200e-07, 5.5593674581750299e-13, 5.5659136939532410e-13             
   69,   55,-2.0860896515861400e-07,-3.4624853411962000e-09, 5.4512883466142528e-13, 5.4473247469872789e-13             
   69,   56, 6.4335983164710802e-09,-2.2241478549835400e-09, 6.1042451900044602e-13, 6.0993449185056307e-13             
   69,   57, 4.2241907464228598e-09,-3.2363048755605500e-08, 5.7554719606698056e-13, 5.7517353519375945e-13             
   69,   58, 1.5765601458337501e-08,-1.4255269899842800e-07, 6.6759164486499213e-13, 6.6858555680642279e-13             
   69,   59,-6.9883594844230104e-08,-5.7232644829168797e-08, 6.2692905983536781e-13, 6.2708374909863277e-13             
   69,   60, 2.7320580103361699e-08,-1.9648970881134500e-08, 7.2287052388841075e-13, 7.2264115713173202e-13             
   69,   61,-3.2528999562554301e-08, 6.1159649596366103e-08, 7.1074719856130024e-13, 7.1339434477975266e-13             
   69,   62,-2.1374465368702599e-08,-3.3731968733239699e-08, 7.6861428890271651e-13, 7.7115427308231791e-13             
   69,   63, 9.0646234397047103e-09, 1.1177670545626801e-07, 8.4813875932622053e-13, 8.4994849821778906e-13             
   69,   64, 1.7304514433246900e-07, 5.2189752173396200e-08, 8.2112259717203178e-13, 8.2176609167973183e-13             
   69,   65, 1.3329201209066801e-07,-3.9735812747121003e-08, 1.0306979660168732e-12, 1.0321993232519321e-12             
   69,   66,-3.5085084144656399e-08,-7.9608307647807697e-08, 9.5206693616818151e-13, 9.5379738232806487e-13             
   69,   67,-1.4642659782150400e-09,-5.4120436137553797e-09, 1.2370748953364426e-12, 1.2378388031040696e-12             
   69,   68,-1.5393058833414401e-07,-3.7294576257229197e-08, 1.3309942811953885e-12, 1.3300331198048905e-12             
   69,   69,-4.7348779738394899e-08, 9.6611635191812601e-08, 2.0212067898327295e-12, 2.0130504935856870e-12             
   70,    0,-5.9661181344718404e-08, 0.0000000000000000e+00, 1.0175225923584425e-13, 0.0000000000000000e+00             
   70,    1, 7.6362762532569997e-08, 1.5836656520090900e-07, 9.4546540010368084e-14, 1.0096871422123198e-13             
   70,    2,-1.1055160071583300e-07,-1.0758431766579800e-07, 9.6225905459106277e-14, 9.4682414231072494e-14             
   70,    3,-7.9609871920140194e-08,-7.2600479207155902e-08, 9.3540191857884236e-14, 1.0354180033689816e-13             
   70,    4,-9.4161709840098999e-08, 2.7166032595051300e-08, 9.4256918516052590e-14, 9.4924593133336540e-14             
   70,    5, 4.8647356727722698e-08, 6.8762409343093400e-08, 9.5446069059040402e-14, 9.7186861245490842e-14             
   70,    6,-8.6034597371873507e-09,-3.5519645613516001e-09, 9.5686172980943362e-14, 9.7551468489782000e-14             
   70,    7, 5.4732539493507302e-08, 5.5626099929089997e-09, 9.8837752604914180e-14, 9.8294520140354609e-14             
   70,    8,-4.6252289529560802e-08,-1.0983618252367100e-07, 9.9491064035589300e-14, 9.8607588918468367e-14             
   70,    9,-1.4340984896931500e-08, 1.7530918694274899e-09, 1.0282700749791122e-13, 1.0149659548959003e-13             
   70,   10,-9.7737418063489693e-09, 3.9904085627700901e-08, 1.1044765552475047e-13, 1.0619084885810135e-13             
   70,   11, 8.0720983394292503e-08, 1.1480431860885100e-07, 1.0689790945418580e-13, 1.0861841760096426e-13             
   70,   12,-8.2976381797350197e-08, 5.9697619965967296e-08, 1.1686976248042964e-13, 1.1754417806732698e-13             
   70,   13, 3.8925653464179203e-08,-8.2255658005252103e-08, 1.1296511637800697e-13, 1.1357963439034318e-13             
   70,   14, 4.5520095663627001e-08,-4.4451661562850701e-08, 1.3369472023042043e-13, 1.3069781853365689e-13             
   70,   15,-5.0544940706449699e-08,-8.2316266405794195e-08, 1.2130365926754931e-13, 1.2012075795363994e-13             
   70,   16,-3.0961245625688899e-09,-3.3762859356534999e-09, 1.4571202402389737e-13, 1.4599462131275862e-13             
   70,   17,-3.6405406498711398e-08, 1.1668778781702299e-07, 1.3146641221863896e-13, 1.3232156656053810e-13             
   70,   18,-3.3245718587508003e-08,-4.6700397235569900e-08, 1.6336907269448139e-13, 1.6110526389775701e-13             
   70,   19, 4.4808493065261402e-08, 3.8266681558505198e-08, 1.4569093429034822e-13, 1.5103712310934546e-13             
   70,   20,-1.8777838878167700e-07,-8.0013033390417494e-09, 1.7636251773182529e-13, 1.7620341889666376e-13             
   70,   21,-5.3158859210548301e-08,-2.2031652807547901e-08, 1.6429280564579225e-13, 1.6597784927502558e-13             
   70,   22, 1.4521564442315701e-08, 8.6485132940320496e-09, 1.8998929740505943e-13, 1.8810987747141905e-13             
   70,   23, 6.7949817749501597e-08,-6.7920000633272406e-08, 1.8258926789756318e-13, 1.8220585605665993e-13             
   70,   24, 1.7872764688290799e-08,-1.2511315861710700e-08, 2.0549405586723874e-13, 2.0083081853003466e-13             
   70,   25, 7.0642896832228200e-08,-1.9219880519981001e-07, 2.0267260287486902e-13, 2.0275255380772653e-13             
   70,   26, 5.7254590227510602e-08,-4.6427280407868300e-08, 2.1250911690052532e-13, 2.1218699881943640e-13             
   70,   27,-3.2191842262034100e-08, 1.0442365432073000e-07, 2.2504580235935815e-13, 2.2294690382751833e-13             
   70,   28,-8.2695174119340903e-08,-1.1580589556506500e-07, 2.2318737582854955e-13, 2.2418789500676584e-13             
   70,   29, 1.1885067134629400e-07,-5.4950353984491600e-08, 2.4238339349359866e-13, 2.4256226228038175e-13             
   70,   30, 8.5631838855926294e-08, 7.7932423091966998e-08, 2.3871264140380651e-13, 2.3781135864753570e-13             
   70,   31, 1.1334569346270800e-08,-1.0481338469404899e-07, 2.6198496155256563e-13, 2.6368051882695242e-13             
   70,   32, 9.3371550573020998e-08,-3.6931535003343898e-08, 2.5425288725692730e-13, 2.5493831945132866e-13             
   70,   33,-1.2371706887374401e-08, 1.0081345354188100e-07, 2.8104141810243385e-13, 2.8235889461383196e-13             
   70,   34, 1.0226463219206600e-08, 6.2784455182171096e-08, 2.7494776902769684e-13, 2.7490827468906137e-13             
   70,   35,-6.8338108222283807e-08,-2.1139628571353700e-08, 3.0374630145581029e-13, 3.0444155361838850e-13             
   70,   36,-5.1888625520248998e-08, 6.7752550914676701e-08, 2.9704899719612804e-13, 2.9724720594811636e-13             
   70,   37, 7.8436972359992901e-08, 1.9869761010356399e-08, 3.2658127855733398e-13, 3.2501207445984508e-13             
   70,   38,-3.8724093408678498e-08, 1.7336344280088601e-08, 3.2195090406090006e-13, 3.2232096912784573e-13             
   70,   39, 8.9861188486815305e-08,-1.1103020736773999e-07, 3.5052193565176651e-13, 3.4737330415503096e-13             
   70,   40, 8.7159649459167394e-08,-2.6286243514088601e-08, 3.4908706327047083e-13, 3.4778132545389311e-13             
   70,   41, 1.5872579294454600e-08,-2.1917892253816401e-08, 3.7551738579081287e-13, 3.7295861153581423e-13             
   70,   42,-2.6758927952682399e-09,-1.3472369818170900e-07, 3.7571032017367912e-13, 3.7638507827547878e-13             
   70,   43, 3.2189389854508899e-08,-7.3619759545020894e-08, 4.0058088336172935e-13, 3.9970918574092718e-13             
   70,   44,-1.1299037937395300e-08,-1.0033320068689400e-07, 4.0560116006429926e-13, 4.0575763076051393e-13             
   70,   45,-2.1862667370101901e-09, 2.7085866188237802e-08, 4.2798127674898327e-13, 4.2769217203417609e-13             
   70,   46,-2.0038605804855800e-08,-9.8802654427130806e-08, 4.3798276896031491e-13, 4.3672117051028013e-13             
   70,   47,-5.1039809575917402e-08, 5.5514771423197102e-09, 4.5638218661148349e-13, 4.5596580472931450e-13             
   70,   48,-3.0980115460093597e-08,-4.1329343211011901e-08, 4.7225693203683596e-13, 4.7196402532072660e-13             
   70,   49, 7.0054372556159305e-08,-4.8148510785606600e-08, 4.8939335607229866e-13, 4.9014108977406520e-13             
   70,   50,-2.1665679701469499e-08,-1.8216613468599001e-08, 5.0881108240033979e-13, 5.0852220467847366e-13             
   70,   51, 1.0790622634497401e-07, 5.6605583039725700e-08, 5.2683652636291276e-13, 5.2494601225111892e-13             
   70,   52,-3.7194614449777201e-08, 5.6592353822342104e-09, 5.4690872100285347e-13, 5.4603241396499960e-13             
   70,   53, 7.4206856546912105e-08,-3.1586588602511203e-08, 5.6709895971515781e-13, 5.6799828020591916e-13             
   70,   54,-7.8760239414689403e-08,-3.3116097495145998e-08, 5.8182336622185500e-13, 5.8366276143359893e-13             
   70,   55, 4.1177155905272397e-08, 8.2048331575679806e-08, 6.1578038654617730e-13, 6.1581745823889231e-13             
   70,   56, 1.7536311320055299e-07,-9.2642249653424701e-08, 6.2487928440675169e-13, 6.2525140441539710e-13             
   70,   57, 1.3830478936213699e-07,-1.7133864954071901e-08, 6.6974180933695188e-13, 6.7181743826076816e-13             
   70,   58, 2.8786476212394100e-08, 1.4176760364379501e-07, 6.7207175697624568e-13, 6.7613872879645221e-13             
   70,   59, 9.4691296434940697e-08,-1.6229207048399501e-08, 7.2920564202463573e-13, 7.3030261649378816e-13             
   70,   60, 2.1334774949543501e-08,-8.0996766359781498e-08, 7.4423286480714293e-13, 7.4415921604547703e-13             
   70,   61,-2.9897523349700700e-08, 7.0404122585647003e-08, 7.8433341892213647e-13, 7.8456324807281508e-13             
   70,   62, 4.2021746323012702e-08, 6.0364913535423999e-09, 8.5397871234866596e-13, 8.5289493402814802e-13             
   70,   63, 1.3145235556512799e-07, 5.0924697638640998e-09, 8.2821988300729867e-13, 8.2814682345157065e-13             
   70,   64,-6.3317294485389099e-08,-6.0491019024903402e-08, 1.0194494623212445e-12, 1.0184747379953506e-12             
   70,   65,-2.0531377113133701e-07, 9.7896405426877003e-08, 8.7619408346206873e-13, 8.7287528803027752e-13             
   70,   66,-1.4711525840162201e-07, 1.1254923699751300e-07, 1.2394146355901405e-12, 1.2372746485508203e-12             
   70,   67, 9.3578458005101004e-08, 7.0119534142410404e-08, 9.9503966231018424e-13, 9.9382696316599175e-13             
   70,   68,-6.5492501469513902e-09, 4.7191958559266199e-08, 1.5127539007099076e-12, 1.5115473697916775e-12             
   70,   69, 7.9808861600040901e-08,-8.5195350196166599e-08, 1.3609481401075200e-12, 1.3591889418332264e-12             
   70,   70,-5.3800385670621897e-08,-1.0390715531229700e-07, 2.4211111150823838e-12, 2.4234247702769531e-12             
   71,    0, 6.1679337370118495e-08, 0.0000000000000000e+00, 9.4674976990239754e-14, 0.0000000000000000e+00             
   71,    1,-7.6828210050873896e-08,-4.3764388180195498e-08, 9.3740336820463559e-14, 9.7223001366136710e-14             
   71,    2, 3.7457525912509998e-08, 4.9912637573854199e-08, 9.5323681193642839e-14, 9.3840125287562800e-14             
   71,    3, 5.8311378098405702e-09,-1.9513338871851300e-08, 9.3071283202854904e-14, 9.6431703751967776e-14             
   71,    4, 3.3371769055464802e-09,-1.7111324973575399e-08, 9.4962223008418664e-14, 9.4294451241042503e-14             
   71,    5, 1.0663802754881401e-08,-3.7137494319761101e-08, 9.5468740950878189e-14, 9.6850981113423865e-14             
   71,    6,-1.7196201097257400e-08, 9.8311505930711205e-08, 9.8467228280605337e-14, 9.7029690762597085e-14             
   71,    7,-4.2026143741325900e-08,-7.5180966334753706e-08, 9.8408585229060054e-14, 9.9794940002606627e-14             
   71,    8,-5.3101984333731202e-08,-4.6469822493873698e-08, 1.0046483362616081e-13, 1.0129302111870954e-13             
   71,    9, 9.0938329381611801e-08, 4.4459554466394399e-08, 1.0367274081762799e-13, 1.0237335977147549e-13             
   71,   10, 3.5925349300986998e-08, 2.6548302840398199e-09, 1.0544979908760741e-13, 1.0527024436155808e-13             
   71,   11, 1.4727196278607700e-08,-7.2634567062110497e-08, 1.0811581308948384e-13, 1.0855801784129314e-13             
   71,   12,-4.3247703066195399e-08, 4.5665329402538698e-09, 1.1041388545468239e-13, 1.1262101278243589e-13             
   71,   13,-1.0109085096285801e-07, 3.3402069260838200e-08, 1.1496886193798819e-13, 1.1486886139144494e-13             
   71,   14, 6.7561776237652895e-08, 8.2992576556052001e-08, 1.2368048825249342e-13, 1.1974375605209719e-13             
   71,   15, 9.2562881260537896e-08,-4.3421037688658000e-08, 1.2232925480689249e-13, 1.2295375097145665e-13             
   71,   16, 1.6752386624485100e-08,-7.9151513779258006e-09, 1.3385624857311691e-13, 1.3441491294806609e-13             
   71,   17, 7.7167294845787001e-09, 1.3673410330524001e-07, 1.3280910348132827e-13, 1.3365135732992237e-13             
   71,   18,-6.6924604456329900e-08, 2.2907679928694400e-08, 1.4604977074882347e-13, 1.4685421936808212e-13             
   71,   19, 8.0885516866447900e-08,-8.0306249866627501e-08, 1.4739243933618032e-13, 1.4703405083630966e-13             
   71,   20, 8.5430043115904907e-08,-6.9201402783676499e-08, 1.6151320909270002e-13, 1.6004898673187764e-13             
   71,   21,-3.3311378810816202e-08,-3.2016153248838103e-08, 1.6372209137354421e-13, 1.6596724810028441e-13             
   71,   22, 8.0591493522590395e-08, 1.2139634170959500e-07, 1.7334649775615673e-13, 1.7265030964700815e-13             
   71,   23, 5.0847630149767000e-08, 5.8975980477229300e-08, 1.8222118754538405e-13, 1.8202228539307929e-13             
   71,   24, 8.4922319264472105e-08,-3.9459819945856701e-08, 1.8910415659835345e-13, 1.8461512880738507e-13             
   71,   25,-5.4239900503664401e-08, 8.6921154630764198e-08, 2.0057891831454027e-13, 1.9893226332260664e-13             
   71,   26,-5.7953889204868502e-08, 2.4919379732276700e-08, 1.9872773779586150e-13, 1.9865657019627350e-13             
   71,   27, 2.1878834547746502e-08,-9.2094425719615406e-08, 2.1693406663899733e-13, 2.1741935138662744e-13             
   71,   28, 1.0886169510839100e-07, 1.7053973163027200e-08, 2.1299494977419122e-13, 2.1314232836261878e-13             
   71,   29,-6.6122634333583305e-08, 1.4030024226786701e-07, 2.3459001204557772e-13, 2.3453327731489598e-13             
   71,   30,-6.4210784611674694e-08,-3.2602604000055100e-08, 2.3069440029579322e-13, 2.2906740777721216e-13             
   71,   31,-3.1353984778862100e-08, 1.5017721190946501e-08, 2.5090062046510364e-13, 2.5028905048949260e-13             
   71,   32, 8.8151018494798696e-08,-2.6687329336792201e-09, 2.4677735039226983e-13, 2.4766629665590218e-13             
   71,   33,-6.6859929204059394e-08, 8.5951016981841396e-09, 2.6719304089771973e-13, 2.6686189132832104e-13             
   71,   34,-6.7224428216128698e-09,-3.5425991609345202e-08, 2.6655483684017768e-13, 2.6687291806535923e-13             
   71,   35,-7.2762643301574401e-09,-5.0213190087640000e-08, 2.8352611902084878e-13, 2.8398335620314140e-13             
   71,   36, 5.8644021980246503e-08, 5.8930905193244803e-08, 2.8766825771305554e-13, 2.8812429688296817e-13             
   71,   37,-2.0874347599676801e-08, 2.3660683111111599e-08, 3.0073351375116392e-13, 3.0157279959656234e-13             
   71,   38,-6.6367307961946899e-09,-2.8079800374526199e-08, 3.0810994412698363e-13, 3.0829624549998319e-13             
   71,   39,-3.3269596268573199e-10, 6.7739447560673795e-08, 3.2041395936058503e-13, 3.2099035681658700e-13             
   71,   40,-1.9293241601694399e-07, 4.9095960075548998e-08, 3.3034388546626802e-13, 3.2916122294880219e-13             
   71,   41, 2.1678084954865599e-08,-5.7426620881777599e-11, 3.4098517872944864e-13, 3.4312583321570959e-13             
   71,   42,-5.5553983397446203e-08, 1.1756232219975301e-08, 3.5108520688039123e-13, 3.5106727585367763e-13             
   71,   43,-3.3597309296854100e-08, 6.9138450544076097e-09, 3.6277784874839280e-13, 3.6285074807329243e-13             
   71,   44, 5.4985752668425800e-08, 8.5525897066518296e-08, 3.7230554959137259e-13, 3.7277251813122379e-13             
   71,   45, 2.1357512841817800e-08, 4.3729731940441701e-08, 3.8878675521994920e-13, 3.8804636308708146e-13             
   71,   46, 1.1102930291197000e-07, 9.3117351679983705e-08, 3.9485759668907942e-13, 3.9471439290470063e-13             
   71,   47, 1.1112387254978500e-08,-2.2214334560175600e-09, 4.1572725106032182e-13, 4.1548852096573614e-13             
   71,   48, 1.2860692746808399e-07, 1.0848578912355301e-08, 4.1846183488830810e-13, 4.1810962344892680e-13             
   71,   49,-5.1009831128634798e-08, 4.2562640570707299e-09, 4.4396656298596473e-13, 4.4446702773673112e-13             
   71,   50,-3.8864642140745399e-08, 1.0734017842264799e-08, 4.4858142777459153e-13, 4.4793334400428155e-13             
   71,   51,-8.1865660267046404e-08,-8.5659702189972806e-08, 4.7389116221664235e-13, 4.7271828036022321e-13             
   71,   52,-1.2587789900557800e-08, 2.0168892172096401e-08, 4.8046752945429061e-13, 4.8070505625549911e-13             
   71,   53,-1.4865728466359701e-07, 7.8844937254282294e-08, 5.0106738644186819e-13, 5.0087152114599391e-13             
   71,   54,-4.0724188901692799e-08, 1.1572587069049000e-08, 5.1943484415856402e-13, 5.1918949467322519e-13             
   71,   55, 5.9004534469965102e-08, 4.4688854836501003e-08, 5.2528464344804809e-13, 5.2556783637104439e-13             
   71,   56,-8.9330427888866006e-08, 6.4943671846744506e-08, 5.6464096200613890e-13, 5.6420654905420955e-13             
   71,   57,-1.1646417602594901e-07, 3.2823011049856600e-08, 5.5205612401090500e-13, 5.5232076839701355e-13             
   71,   58,-8.1162155653955300e-09, 3.8007792630705502e-08, 6.1890109558968446e-13, 6.1972084499737058e-13             
   71,   59, 1.5480724176184801e-08,-2.0558882762817700e-08, 5.8227054254791635e-13, 5.8236974124765700e-13             
   71,   60,-1.1047715273070400e-08, 3.2849647789196899e-08, 6.7830443709787964e-13, 6.7774606276222177e-13             
   71,   61,-2.1891676313224100e-08, 7.5500886692540605e-09, 6.3313240392745236e-13, 6.3548769838291970e-13             
   71,   62,-1.5376990947790401e-08,-7.7413841362541099e-09, 7.3135009381556392e-13, 7.3366855837058354e-13             
   71,   63,-3.5813847664475900e-08,-3.8757256386259997e-08, 7.2067883132626434e-13, 7.2230461197109666e-13             
   71,   64,-1.3888324593286899e-07,-7.8276540789480201e-08, 7.7715444309330353e-13, 7.7779703400357398e-13             
   71,   65, 4.6550813047594299e-08,-1.1029702907788301e-08, 8.6188625455551661e-13, 8.6310787705251856e-13             
   71,   66, 1.1993406588710199e-07, 8.2561994918759300e-08, 8.2469075790175056e-13, 8.2468120189152372e-13             
   71,   67, 1.0651804978733700e-07,-1.8658385736849799e-07, 1.0484227374082412e-12, 1.0493758188354556e-12             
   71,   68,-1.1078453304679000e-07,-7.6251248670216499e-08, 9.5551893511480688e-13, 9.5477030212152577e-13             
   71,   69,-6.4463084127569104e-08,-3.0198982411995898e-08, 1.2543305578911151e-12, 1.2503705899759155e-12             
   71,   70, 5.2510034447027100e-08, 1.7196040480902400e-08, 1.3466801493775003e-12, 1.3464753752001766e-12             
   71,   71,-5.5365852905597801e-09, 2.4296346596047701e-08, 2.0267328234020480e-12, 2.0226176717816373e-12             
   72,    0,-3.2168580784181998e-08, 0.0000000000000000e+00, 9.4041660639813690e-14, 0.0000000000000000e+00             
   72,    1, 2.4036010595797401e-08,-1.4016108959179300e-08, 9.7949702716947832e-14, 9.6177647417572502e-14             
   72,    2,-3.9045109133475400e-08,-1.3586619198355201e-07, 9.5207412998568398e-14, 9.4170440444243826e-14             
   72,    3,-4.0067891126293698e-08, 4.0348980532834698e-08, 9.4186802617982459e-14, 1.0067659967850968e-13             
   72,    4,-7.5243406982196401e-08, 7.7088082832159606e-08, 9.4524774758492761e-14, 9.8368653066723002e-14             
   72,    5,-7.5268834789744394e-08,-4.8533123723529401e-08, 9.4757958791282109e-14, 9.9720546915783847e-14             
   72,    6,-4.7467452403258902e-08,-7.7231609206830395e-08, 9.8735023542353633e-14, 9.7619149240162013e-14             
   72,    7, 4.7506603099290399e-08,-4.5046778128951100e-08, 9.8966442842939898e-14, 9.9675469549225838e-14             
   72,    8,-4.7773978325052097e-08, 6.8573330532368500e-08, 1.0386515770592571e-13, 1.0513324363110986e-13             
   72,    9, 1.1862965064428100e-07,-7.0927473321592396e-08, 1.0349225560367070e-13, 1.0491022599349930e-13             
   72,   10,-6.1668806027487800e-08,-2.3009707402847799e-08, 1.0773913768611152e-13, 1.0736050576686056e-13             
   72,   11,-3.7194238741638099e-08, 6.1424037033081702e-08, 1.0804961212281957e-13, 1.0801718893633305e-13             
   72,   12, 2.1896212661795900e-09,-7.4859495010862898e-08, 1.1657694423061501e-13, 1.1795615461301415e-13             
   72,   13, 1.6201359744290501e-07,-3.1153648088105901e-08, 1.1562323223585509e-13, 1.1476585178771608e-13             
   72,   14, 9.7352945908952403e-08,-6.6184810846653098e-08, 1.3000666697225284e-13, 1.3032862664347000e-13             
   72,   15,-3.4451542717657402e-08, 1.0938482922852600e-08, 1.2059857511806094e-13, 1.2067270013420589e-13             
   72,   16,-6.2244195839464804e-08, 6.9410457183117499e-08, 1.4336058035530752e-13, 1.4782173120681607e-13             
   72,   17,-1.4974238449615800e-07, 7.2792307418902403e-08, 1.3439005192459932e-13, 1.3260467101372076e-13             
   72,   18, 3.3184268416278598e-08,-2.3590822393792600e-07, 1.5858966766779633e-13, 1.5916718463205398e-13             
   72,   19, 8.9708421722682201e-08,-2.7561715484732899e-08, 1.5957586559886687e-13, 1.4454949427127458e-13             
   72,   20,-1.0826299714680200e-07,-1.5122458436406800e-07, 1.7329812624377632e-13, 1.7547849010508726e-13             
   72,   21, 4.0686702121756602e-08,-1.4720803287014600e-08, 1.6249169472449388e-13, 1.6213683193039921e-13             
   72,   22, 2.7297970195113701e-09, 1.8025244251915899e-08, 1.8763014935661549e-13, 1.8637697419634719e-13             
   72,   23, 2.0292824317365701e-08,-1.2490990230768301e-07, 1.7870770180587754e-13, 1.7840194858824273e-13             
   72,   24,-1.6562789995230599e-08, 1.6711330808016700e-08, 1.9964111915242229e-13, 1.9685474718268183e-13             
   72,   25,-2.9479850068252199e-08,-2.0561763557691700e-08, 1.9813258276484332e-13, 1.9732442175724790e-13             
   72,   26, 9.6100950890815404e-08, 7.6365913582417501e-09, 2.0781265080016503e-13, 2.0759978967486450e-13             
   72,   27,-2.5662477667782401e-08, 8.7339729338696797e-10, 2.1702414598665045e-13, 2.1621582909303411e-13             
   72,   28,-3.1547768110305697e-08,-8.6511713123332595e-08, 2.1939230149596285e-13, 2.1934181378130611e-13             
   72,   29,-6.3861391099955004e-08, 9.3871763659829596e-08, 2.3561881362086828e-13, 2.3680935658055025e-13             
   72,   30,-8.2858548097371694e-08, 1.8494245777784700e-08, 2.3174691270770446e-13, 2.3242172395313873e-13             
   72,   31, 2.4952615399868801e-08,-2.3863342122856299e-08, 2.5502598392806052e-13, 2.5478491169276650e-13             
   72,   32, 6.5001879303522504e-08,-5.9481878683877197e-09, 2.4780871057586541e-13, 2.4816312617917778e-13             
   72,   33,-3.1379211974830298e-08, 2.9961520807041801e-09, 2.7390473434375680e-13, 2.7468306685720614e-13             
   72,   34,-1.9881344516172599e-08,-1.7361620995706901e-08, 2.6682068118628019e-13, 2.6687916178396571e-13             
   72,   35,-8.7680109349763105e-08,-7.8490883916134196e-08, 2.9329906276161151e-13, 2.9420713323854762e-13             
   72,   36,-3.1494557801179202e-08, 1.2950375183682500e-08, 2.8670884448002565e-13, 2.8873710608707549e-13             
   72,   37,-8.8682920460282602e-08, 2.1273387665366501e-08, 3.1700243189436557e-13, 3.1660536247258692e-13             
   72,   38,-1.1905877772468100e-07,-3.4530219296751097e-08, 3.1000341308147696e-13, 3.0943838853506146e-13             
   72,   39, 4.6514733104437502e-08,-4.7512452936201800e-08, 3.3961309736572916e-13, 3.3682579789845247e-13             
   72,   40,-4.0899844457893397e-08,-2.9093383270573602e-08, 3.3442901384508514e-13, 3.3406287434591631e-13             
   72,   41, 8.6330633104943305e-08, 1.7005067400617101e-08, 3.6254286629479978e-13, 3.6070024223199211e-13             
   72,   42, 8.0064197331499501e-09,-7.3286339028728205e-08, 3.5977244565550024e-13, 3.6031765765587962e-13             
   72,   43,-2.9334606885264201e-08, 1.0121783491228699e-08, 3.8590780981800219e-13, 3.8632117554683498e-13             
   72,   44,-3.5631912081753300e-08,-1.2675207781990501e-08, 3.8742242748520828e-13, 3.8790340857936402e-13             
   72,   45,-5.2098356197333797e-08, 9.0749491271322701e-08, 4.1165656463647895e-13, 4.1148197757620500e-13             
   72,   46,-4.4354279540714203e-08,-4.7623603328135501e-08, 4.1813077044850911e-13, 4.1655336464721415e-13             
   72,   47, 4.4033098934946900e-08, 6.1291367611556104e-08, 4.3871546406659958e-13, 4.3881395597536259e-13             
   72,   48, 1.9362050044000001e-08,-1.9887341096953500e-08, 4.4971018779303799e-13, 4.4900830925605144e-13             
   72,   49, 5.0965988555818398e-08,-4.9239725389309000e-08, 4.6613625472900936e-13, 4.6704405685834541e-13             
   72,   50,-2.1005935325648800e-08,-1.2965676900108599e-07, 4.8476282010329814e-13, 4.8410827160047010e-13             
   72,   51, 3.5794158523469101e-08,-6.5310082360391701e-08, 5.0026338066267325e-13, 4.9893247095409180e-13             
   72,   52, 1.3083251022685899e-07, 5.5790262333329497e-08, 5.2126050847280266e-13, 5.2006939982227015e-13             
   72,   53,-2.3171964648805300e-09, 3.5259905110585603e-08, 5.3411431900305658e-13, 5.3520465623209096e-13             
   72,   54, 3.4309917313916000e-08,-3.9789074786880802e-09, 5.5753718253722688e-13, 5.5843911725884669e-13             
   72,   55,-2.7407340835333600e-08, 1.1358895227119700e-07, 5.7553579144162889e-13, 5.7545370133919759e-13             
   72,   56,-3.6606540044612197e-08,-1.0769399193488601e-07, 5.9441201041754094e-13, 5.9408557000298982e-13             
   72,   57, 8.1594663430324506e-08,-7.7550253436036799e-09, 6.2278057645070448e-13, 6.2410450942631651e-13             
   72,   58,-2.8133015265789300e-08,-4.5043210859991601e-08, 6.3415085170295159e-13, 6.3682573470814829e-13             
   72,   59, 3.6934001914760498e-10, 1.1311111134175601e-08, 6.7773390954762278e-13, 6.7901604957924740e-13             
   72,   60,-8.3619974042467296e-08, 4.7741312557452298e-08, 6.8329186716189550e-13, 6.8329609170504029e-13             
   72,   61, 5.3478486410798201e-08,-6.2892636802640701e-08, 7.3752724025705711e-13, 7.3815950785225549e-13             
   72,   62, 9.6466218639422993e-09,-9.0201073600880708e-09, 7.5377623111701536e-13, 7.5264348129303510e-13             
   72,   63,-6.1926525542875299e-09,-1.2549120264478400e-08, 7.9149915564199582e-13, 7.9250304336856618e-13             
   72,   64,-4.8306490702010802e-08,-2.0086915207291401e-08, 8.6320634392628391e-13, 8.6298750810014960e-13             
   72,   65, 1.4548271421759199e-07, 2.7927045124707702e-08, 8.3499431694847578e-13, 8.3240814576877015e-13             
   72,   66,-2.0993745796627599e-08,-7.7610305831801402e-08, 1.0312560507992476e-12, 1.0297958469616593e-12             
   72,   67,-9.3471982013370699e-08,-5.9404527337599202e-08, 8.7679229379630258e-13, 8.7518974423457172e-13             
   72,   68, 8.3015946302641599e-08, 1.4975518025726100e-07, 1.2518988770530905e-12, 1.2504381830325815e-12             
   72,   69, 5.6298211088787299e-09, 1.0641360400530799e-07, 9.9587230338339831e-13, 9.9486747184235023e-13             
   72,   70, 9.6612292332285499e-08,-1.4181071001947799e-08, 1.5200313464355369e-12, 1.5200805111565777e-12             
   72,   71,-1.3765324874502601e-07, 4.2078332540653899e-08, 1.3740006380390499e-12, 1.3769591119518995e-12             
   72,   72, 5.5982563836414498e-08, 3.8004455152421101e-08, 2.4207304096060825e-12, 2.4182263452999321e-12             
   73,    0, 6.4427904334030694e-08, 0.0000000000000000e+00, 9.8548808160871932e-14, 0.0000000000000000e+00             
   73,    1,-4.2252018556749303e-08,-9.0792406657531904e-08, 9.7383863945615016e-14, 1.0000655843238151e-13             
   73,    2, 5.3992616343492297e-08, 1.0552903779358400e-07, 9.7579001278236602e-14, 9.9717064064950075e-14             
   73,    3,-9.7522543190722097e-08, 2.1762443275516100e-08, 9.4969792334466798e-14, 1.0184572152317562e-13             
   73,    4, 6.3777428731365099e-08,-8.8826482812237898e-08, 9.5313375846122896e-14, 1.0532164745627751e-13             
   73,    5,-1.0725593285432400e-07, 5.3734398014016798e-09, 9.6207216900250284e-14, 1.0629626037580125e-13             
   73,    6, 1.3939662429404799e-07, 1.1757287701371501e-07, 9.7434803655339856e-14, 1.0306061700637979e-13             
   73,    7,-3.7156053738697803e-08, 5.3733670389405098e-08, 1.0273662119520245e-13, 1.1369524376253798e-13             
   73,    8, 1.3661301830880200e-07, 1.1509458421020500e-08, 1.0199245416858532e-13, 1.0436403469710711e-13             
   73,    9,-1.0507312565705299e-07,-8.1964671208579697e-08, 1.0460651816153254e-13, 1.1510814770502113e-13             
   73,   10, 1.1687967038465400e-07, 4.1322458110874103e-08, 1.0908416156130788e-13, 1.0511662325035794e-13             
   73,   11, 5.1625986114602801e-08,-3.9158166588115899e-08, 1.1030628818303506e-13, 1.0972883244672379e-13             
   73,   12,-4.0245281575021797e-08, 4.5078399170531502e-08, 1.1137496646657677e-13, 1.1158431478363403e-13             
   73,   13,-2.9603709644054199e-09, 1.7301905968703199e-08, 1.1408100883525103e-13, 1.1794096648381747e-13             
   73,   14,-1.0521212640181100e-07,-5.2197036499576597e-08, 1.2230840138282220e-13, 1.2006674587008857e-13             
   73,   15,-1.3839729505692700e-08,-1.0344554852314200e-07, 1.2261683824954507e-13, 1.2527230597162348e-13             
   73,   16,-2.5581700980048500e-09, 1.2191873088555399e-07, 1.3390026405370910e-13, 1.3258133694333152e-13             
   73,   17,-5.0358916253898802e-08,-3.8927965653017902e-08, 1.3409209465249069e-13, 1.3564889702227228e-13             
   73,   18, 1.6251127633776401e-07, 3.2129023666772001e-08, 1.4527858940448535e-13, 1.4409549376544396e-13             
   73,   19, 1.1273705507749300e-08,-5.5071180643002399e-08, 1.4562815228340618e-13, 1.4740446158644917e-13             
   73,   20,-1.1044614533561600e-08, 3.3493261282842097e-08, 1.5792278080213351e-13, 1.5887515444427155e-13             
   73,   21, 5.9838606974671095e-08, 1.2001945461237699e-07, 1.5983090724927051e-13, 1.6089403018511766e-13             
   73,   22,-5.0072715089454699e-08,-6.0140855047280902e-08, 1.7334645994512633e-13, 1.7455134744309271e-13             
   73,   23, 1.3913047405752500e-07, 4.4391923433550403e-08, 1.7830837811502180e-13, 1.7928781101457402e-13             
   73,   24,-5.5457295192082803e-08, 1.3303403955513799e-07, 1.8469873296005837e-13, 1.8376052985025003e-13             
   73,   25,-1.7567332554816700e-08,-9.1975252035216403e-08, 2.0214006319424906e-13, 1.9642166565677823e-13             
   73,   26,-6.5907964855745897e-08, 1.5401949708491201e-07, 1.9623085046904884e-13, 1.9695846179048578e-13             
   73,   27,-7.1623023148133697e-08, 2.9484136058497400e-08, 2.1483982148293549e-13, 2.1265468763750910e-13             
   73,   28, 2.1490486928436300e-10, 6.5167228671977002e-08, 2.0901303195640620e-13, 2.1266480573389003e-13             
   73,   29,-1.4826374577989901e-07,-4.1398050299621799e-08, 2.2861923292718462e-13, 2.2843037490465484e-13             
   73,   30, 4.6107599557714299e-08,-9.4003117873186597e-08, 2.2461303098688063e-13, 2.2363459823406182e-13             
   73,   31, 9.1039574341760102e-08,-3.6962154820479702e-08, 2.4428793930469018e-13, 2.4388093439579321e-13             
   73,   32, 5.8631912700497503e-09, 3.0241507603300903e-08, 2.4149117463855230e-13, 2.4181044921359000e-13             
   73,   33,-9.2195470815028400e-08, 9.2447285834154296e-08, 2.6063787796466865e-13, 2.5902697930319189e-13             
   73,   34,-1.8163761920612899e-08, 1.1022967741509599e-07, 2.6055576798675815e-13, 2.6041560441702088e-13             
   73,   35,-4.7294927124178401e-09, 3.9483883255512502e-08, 2.7594486545522700e-13, 2.7551116652286489e-13             
   73,   36,-2.0177644340438601e-08, 3.2486404102475403e-08, 2.7925157331934499e-13, 2.7998854353950209e-13             
   73,   37, 1.3399010886981900e-07,-8.8657518442328400e-10, 2.9203410055144327e-13, 2.9213101620489987e-13             
   73,   38, 2.6540021158957801e-08, 2.8197960980632300e-08, 2.9941053341174029e-13, 3.0148591137053256e-13             
   73,   39, 4.5998176700453303e-08,-1.8993522277835099e-08, 3.0978071995429256e-13, 3.0901405203830771e-13             
   73,   40, 8.3936438992263706e-09,-3.6589879422086599e-08, 3.1967582509087387e-13, 3.1894504129424418e-13             
   73,   41, 4.2592949899528401e-09, 3.6140708707983098e-08, 3.2828544703596847e-13, 3.2928488311915169e-13             
   73,   42,-1.2826403177742301e-07, 1.7364816915298500e-08, 3.4058526308626492e-13, 3.4060076175429882e-13             
   73,   43, 9.7406946857307096e-08, 3.2091704359499999e-08, 3.4965958179259833e-13, 3.5072396390924648e-13             
   73,   44, 1.4705244708176201e-08, 5.2009924814296397e-08, 3.6053436406142743e-13, 3.6144056791974260e-13             
   73,   45,-1.7981144308668901e-08,-7.4065580398961102e-08, 3.7203936049309856e-13, 3.7167719551094735e-13             
   73,   46, 4.2670243451459203e-09,-3.3607490119139699e-08, 3.8169216738784856e-13, 3.8163425161668219e-13             
   73,   47,-6.2080651206511797e-08, 1.9416909915702301e-08, 3.9822469714304133e-13, 3.9728841915053264e-13             
   73,   48,-3.3899166210077702e-08, 9.6918243703688903e-08, 4.0386391461750375e-13, 4.0326880037787565e-13             
   73,   49, 1.2370041432856400e-07,-1.0764630598495100e-07, 4.2579827159589256e-13, 4.2575621943021457e-13             
   73,   50,-6.5333891343855298e-08, 5.2811806713949997e-08, 4.2759941225527685e-13, 4.2686130547799205e-13             
   73,   51,-1.6288122897295901e-08, 2.4417497592088000e-08, 4.5545582778592146e-13, 4.5384941333609784e-13             
   73,   52, 3.1799446145123798e-08, 7.5995859628131201e-09, 4.5738214632690100e-13, 4.5654478528930208e-13             
   73,   53,-1.3447893354434399e-07, 3.6816632336057099e-08, 4.8365975384737126e-13, 4.8339272236999679e-13             
   73,   54, 1.4974107545001999e-08,-6.9965290625300194e-08, 4.8825196282814785e-13, 4.8877070220117087e-13             
   73,   55,-2.3801807852939799e-08,-6.1571120508951606e-08, 5.1028587579790464e-13, 5.1038609940814246e-13             
   73,   56, 2.7496600680752501e-08,-2.5920967588702500e-08, 5.2713078723858664e-13, 5.2723674447558323e-13             
   73,   57, 7.7528006986804593e-09, 1.2251330470742901e-08, 5.3428235191929062e-13, 5.3480029655205461e-13             
   73,   58,-3.1570792635324002e-08, 2.2792056981358001e-08, 5.7279275443315948e-13, 5.7333915163496042e-13             
   73,   59, 1.6654298304393701e-08,-3.5357406992060798e-08, 5.6030574246683681e-13, 5.6047357471856339e-13             
   73,   60, 3.8228190960757501e-08,-9.9135122812643396e-09, 6.2950490593290366e-13, 6.2861195135351345e-13             
   73,   61, 4.3744914579922998e-08,-4.2986857844475898e-08, 5.8914065899628944e-13, 5.9117220713181558e-13             
   73,   62, 1.3978548034991501e-08, 2.6216444792605899e-08, 6.8770550624730655e-13, 6.8954280884545104e-13             
   73,   63, 6.8588323453232294e-08,-5.4858827947299198e-08, 6.4219082203701439e-13, 6.4265960543959937e-13             
   73,   64, 4.9597532871716101e-09, 9.4677865727837805e-08, 7.4217753323985199e-13, 7.4363738671212759e-13             
   73,   65, 1.2073122472673300e-07, 1.1874025951860999e-08, 7.3132356769796116e-13, 7.3180604208390146e-13             
   73,   66, 2.0027150848542201e-08,-3.3934247840019998e-08, 7.8608599466877253e-13, 7.8544898517906204e-13             
   73,   67, 5.0416983753665100e-08,-1.0529918957386100e-08, 8.7647171021863555e-13, 8.7668819717936141e-13             
   73,   68, 3.7039428402134400e-08, 4.8857908407131103e-09, 8.2890651218975724e-13, 8.2837670558998668e-13             
   73,   69, 1.7387353057378901e-08,-1.0242558886440299e-07, 1.0683482523955316e-12, 1.0656113426688892e-12             
   73,   70,-6.0421761254886696e-08,-1.1519817785183000e-07, 9.5839216710850810e-13, 9.5845570115851176e-13             
   73,   71,-4.3911550475056402e-08, 5.5462830425892804e-09, 1.2686664362974933e-12, 1.2668001820843673e-12             
   73,   72, 4.8479780820178202e-08,-1.5789492518815100e-08, 1.3633633632822948e-12, 1.3652263246181163e-12             
   73,   73,-8.9783194725095996e-08, 2.1007778770878601e-08, 2.0360098944497626e-12, 2.0311657035918538e-12             
   74,    0,-4.4891241562718997e-09, 0.0000000000000000e+00, 9.6501168110074492e-14, 0.0000000000000000e+00             
   74,    1,-4.4046009563911300e-08,-7.9123238759290796e-09, 9.8053640618928134e-14, 1.0016352581572740e-13             
   74,    2,-1.1925183751084801e-07, 5.7597270575565998e-08, 9.8184542018753982e-14, 9.5784494544469571e-14             
   74,    3, 5.9720134764794404e-08, 2.2167186710012400e-08, 9.7599195358946752e-14, 1.0195508686281089e-13             
   74,    4,-5.4049411417015302e-09,-2.2963836036650100e-08, 9.7291140098394335e-14, 1.0147398135056821e-13             
   74,    5, 6.6616735357561802e-08, 1.3617878793697001e-08, 9.6925262102239710e-14, 1.0216812982215170e-13             
   74,    6,-4.1739390519121499e-08, 2.3013069759045201e-08, 9.9018947976425394e-14, 1.0067185464058339e-13             
   74,    7, 5.8850044759571204e-09,-6.1891043267123201e-08, 1.0112946403409552e-13, 1.0796432849683859e-13             
   74,    8,-1.4972229184890801e-07,-6.0831378288334295e-08, 1.0314760084902533e-13, 1.0250907021341948e-13             
   74,    9, 4.1665944602412697e-08, 3.6206772502286403e-08, 1.0474318137352482e-13, 1.0912895404123280e-13             
   74,   10,-1.5748411997464101e-08, 1.9924683442968800e-08, 1.0966795222403981e-13, 1.0800058689264740e-13             
   74,   11,-1.1195159917905299e-07,-2.4649868390456798e-10, 1.1142829270183894e-13, 1.0944261558033114e-13             
   74,   12,-3.2817885599352099e-08,-1.5740074221330199e-07, 1.1940039202129387e-13, 1.1639720924620147e-13             
   74,   13, 1.1552555323687700e-07,-1.0746575528268900e-07, 1.1991918507008293e-13, 1.1381252992263408e-13             
   74,   14, 2.4657691805044600e-08,-5.3865480574781001e-08, 1.2889876534856085e-13, 1.3312532900461377e-13             
   74,   15, 8.1273239128002900e-08, 3.3037153502787699e-08, 1.2227214192748339e-13, 1.2122860667001442e-13             
   74,   16, 2.5472641691779400e-09,-2.5266878105924701e-08, 1.4372081702058010e-13, 1.4379466289285712e-13             
   74,   17, 5.4963034240790501e-08, 1.0495966973957199e-07, 1.3157348054392756e-13, 1.3100458964359114e-13             
   74,   18, 5.4221035619677202e-08,-9.4588245062595498e-08, 1.5890937149201693e-13, 1.5648475341246886e-13             
   74,   19,-8.1575344617920003e-08, 4.7488934602633099e-08, 1.4447638736222641e-13, 1.4383702557323899e-13             
   74,   20,-1.0242883352990700e-07,-1.7508222906097301e-08, 1.7236840074053951e-13, 1.7075372850118359e-13             
   74,   21, 3.5990491982010997e-08, 5.0302846635773098e-08, 1.5842642187094717e-13, 1.6023237107018345e-13             
   74,   22,-2.7634170053646100e-08,-4.2221771884562002e-08, 1.8361976760695387e-13, 1.8356296545970935e-13             
   74,   23,-1.7305540016834001e-08,-6.7608814651031702e-09, 1.7729171030994986e-13, 1.7622247436398184e-13             
   74,   24,-5.3526160531397101e-08,-8.3099003548862295e-08, 1.9555489205697506e-13, 1.9476645012333284e-13             
   74,   25,-1.0100892299873001e-07,-1.9444839663128001e-08, 1.9352742140238817e-13, 1.9400618215127628e-13             
   74,   26,-1.7375958507717600e-08, 6.3182533379355594e-08, 2.0634135310778906e-13, 2.0636432260833465e-13             
   74,   27,-3.7278869316990302e-08,-8.9622727168202304e-08, 2.1169555799024925e-13, 2.1205063627912900e-13             
   74,   28,-6.9854630175809795e-08,-4.3354569034180200e-08, 2.1579704339406190e-13, 2.1557480371531414e-13             
   74,   29,-2.6228923620292701e-09, 6.7697930229103406e-08, 2.2980391510920283e-13, 2.3050939400965433e-13             
   74,   30, 7.8041384755672894e-08, 3.9020910542690701e-08, 2.2885493880226158e-13, 2.2763582867920020e-13             
   74,   31,-4.0025221932477902e-08, 8.7702695658808204e-08, 2.4828935414596547e-13, 2.4810874228057854e-13             
   74,   32,-6.0154038004239495e-08, 2.9761050484213601e-08, 2.4243405245936369e-13, 2.4249775102597037e-13             
   74,   33,-3.2373909887754900e-08,-3.4737802415914300e-08, 2.6707298445291775e-13, 2.6785917292418112e-13             
   74,   34, 2.6342687756893401e-08,-4.7685924141466900e-08, 2.5999875730419710e-13, 2.5981830287059625e-13             
   74,   35, 4.8728686490019398e-08,-4.1953976693399599e-08, 2.8599108165965443e-13, 2.8698780880178693e-13             
   74,   36, 4.7710966397084597e-08, 5.4633499835648097e-08, 2.7831976590792095e-13, 2.7859930432809557e-13             
   74,   37,-2.1003472387079301e-08,-2.3073724952421299e-08, 3.0751725996153873e-13, 3.0533702465405078e-13             
   74,   38,-8.5202137340811401e-08, 3.9616643063852201e-08, 2.9970037946827779e-13, 2.9928027195534165e-13             
   74,   39,-1.1624645123014601e-08, 1.8800718653141802e-09, 3.3072404214897228e-13, 3.2752433669145658e-13             
   74,   40,-2.1447250215385801e-08,-3.8293468411991903e-08, 3.2222579608178613e-13, 3.2129860414609298e-13             
   74,   41, 3.1963852715756201e-08, 3.6466803307137103e-08, 3.5096104961098202e-13, 3.4950956093652751e-13             
   74,   42,-1.6003250343805700e-09, 5.8196985932293497e-08, 3.4578759311356773e-13, 3.4594465022774184e-13             
   74,   43, 3.0716418431133301e-08, 3.6092318557127602e-08, 3.7400800775746598e-13, 3.7465127524892568e-13             
   74,   44, 5.5507200418917402e-08,-4.1404485131186998e-08, 3.7149113081362382e-13, 3.7134172609015064e-13             
   74,   45,-1.4361863363869700e-08,-2.0556501453381499e-08, 3.9825226204327977e-13, 3.9828137468416406e-13             
   74,   46,-2.6763545925422400e-08, 4.9373006828358998e-08, 3.9934691199569084e-13, 3.9845247293023850e-13             
   74,   47,-8.4725496899351306e-09, 7.6048610635616802e-08, 4.2342334896737264e-13, 4.2311032011713314e-13             
   74,   48, 2.3742587998634200e-08,-6.9010907973640803e-08, 4.2929957617899895e-13, 4.2830815368204143e-13             
   74,   49, 4.1656201871032898e-08, 1.9544687366562299e-08, 4.4927265589033333e-13, 4.5022711449089761e-13             
   74,   50,-8.9491806825931797e-08, 7.2377719471482905e-08, 4.6172543710355065e-13, 4.6185003136883028e-13             
   74,   51, 1.6370572378773900e-07,-3.7037161709152101e-08, 4.7754711384635102e-13, 4.7644273508694694e-13             
   74,   52,-6.0908779433825406e-08, 3.3849510721527498e-08, 4.9720170594104059e-13, 4.9573002341616235e-13             
   74,   53,-6.6291178655439102e-08, 1.0092291488545601e-07, 5.0920506933801807e-13, 5.0919522420629219e-13             
   74,   54, 7.1004767587646903e-08, 1.9157162007846099e-08, 5.3280624024288636e-13, 5.3341044937794463e-13             
   74,   55, 4.2306620090781002e-08,-1.7862104891806800e-09, 5.4257227208002828e-13, 5.4336120754819566e-13             
   74,   56, 8.7961171092743597e-08, 5.7244311260306800e-08, 5.6978386428093998e-13, 5.6985947926673215e-13             
   74,   57,-1.4171763086158601e-07, 1.1219343522375000e-08, 5.8249009498597094e-13, 5.8398409859702590e-13             
   74,   58,-2.6194784665157401e-10, 5.3359648749424301e-08, 6.0455810130598078e-13, 6.0722537821274172e-13             
   74,   59, 7.0638582661255997e-08, 8.0927502758116804e-09, 6.3077124453543703e-13, 6.3155940178623579e-13             
   74,   60, 3.3323858705175703e-08, 4.1137429105560999e-08, 6.4609553948323720e-13, 6.4637370647172310e-13             
   74,   61,-6.2306745486518405e-08, 1.3893016237010700e-08, 6.8654815982543658e-13, 6.8647423132920357e-13             
   74,   62, 8.8552360364575296e-08, 1.0583183073698100e-08, 6.9379169777748311e-13, 6.9237703879276923e-13             
   74,   63,-1.7886382261489501e-08, 7.6032793406908295e-08, 7.4573878524509113e-13, 7.4745359760690678e-13             
   74,   64, 4.5167877615088898e-08,-7.9925932244490305e-08, 7.6235795196054722e-13, 7.6212917132830524e-13             
   74,   65,-5.9729787926467698e-08,-1.1501272718984200e-08, 8.0123991111288564e-13, 7.9930503409016483e-13             
   74,   66,-6.7169042354721203e-08, 1.9400090504934800e-08, 8.7325790392789779e-13, 8.7241197895977372e-13             
   74,   67,-2.8353341339292099e-08,-6.2687920802205700e-08, 8.4082329407830662e-13, 8.3916843879500654e-13             
   74,   68,-3.2716139417450898e-08, 7.9371889147583803e-08, 1.0427518030819576e-12, 1.0416877762723794e-12             
   74,   69, 2.4975716585232500e-08, 9.7219607830522194e-08, 8.7839315580166363e-13, 8.7843311187839993e-13             
   74,   70,-4.2397523943007601e-08, 3.4392959869681099e-08, 1.2638201499142964e-12, 1.2651751855529916e-12             
   74,   71, 5.8465438800564602e-08, 9.1847759592923502e-08, 9.9687053394450538e-13, 9.9819595106586222e-13             
   74,   72,-4.5943438113164797e-08, 4.2051414231247297e-08, 1.5298188491099643e-12, 1.5269595701578363e-12             
   74,   73, 4.9393739541743597e-08, 2.6651071571887901e-08, 1.3919078266913851e-12, 1.3930877496455699e-12             
   74,   74, 5.8726635810916402e-08,-3.6538421048037102e-08, 2.4160258818505404e-12, 2.4186918612231990e-12             
   75,    0,-5.4451541585717102e-08, 0.0000000000000000e+00, 9.7160345239443538e-14, 0.0000000000000000e+00             
   75,    1,-4.0730863673443698e-08,-2.7090646725798601e-08, 1.0141224170235566e-13, 9.8483580574197123e-14             
   75,    2, 7.3878453177423502e-08, 1.2442947426343599e-07, 9.8143270945621644e-14, 9.8617708052459991e-14             
   75,    3,-4.9089069340265400e-08, 5.2107993664601003e-08, 9.8657897383280540e-14, 1.0504440656025754e-13             
   75,    4, 7.6174269371460900e-08,-5.4578256471312898e-08, 9.7892279031905334e-14, 1.0163366015900388e-13             
   75,    5,-7.3575089796861598e-08, 1.1978765239961099e-08, 9.9215937769120915e-14, 1.0199578335522759e-13             
   75,    6, 9.8644596095949104e-09, 4.0893355553871400e-09, 9.9646052446066474e-14, 1.0494991076154771e-13             
   75,    7,-9.5971233253340505e-08,-7.2121922960077300e-08, 1.0250350144134796e-13, 1.0360916230277428e-13             
   75,    8,-1.1148058017700900e-07,-5.8922935423727703e-08, 1.0641880946665244e-13, 1.0637372898779156e-13             
   75,    9,-5.6585475163800101e-08,-2.7831444743963098e-08, 1.0706287237585010e-13, 1.0568727544815540e-13             
   75,   10, 6.9366612944760204e-08, 7.3885444845329205e-08, 1.0764234773891937e-13, 1.0788361088516861e-13             
   75,   11,-4.3500741896064098e-08,-2.6649469097371000e-08, 1.1074204822021856e-13, 1.1294029858228795e-13             
   75,   12, 5.0437528363181298e-08,-7.8957400053915102e-09, 1.1734245777804885e-13, 1.1309011803112702e-13             
   75,   13, 6.7654401639099597e-08, 1.4526685852416301e-07, 1.1547734176143906e-13, 1.1620264262676061e-13             
   75,   14,-2.4601537808505699e-08, 6.3724904762676902e-08, 1.2394014936710758e-13, 1.2243866762170305e-13             
   75,   15, 3.4149483818573099e-08,-1.6367704420814600e-08, 1.2286111497948432e-13, 1.2260809515167081e-13             
   75,   16,-2.2610760764850300e-08,-5.8814179850752600e-08, 1.3340694655000931e-13, 1.3288612609610369e-13             
   75,   17,-1.4259938573703700e-07,-5.6720062756285597e-08, 1.3207876704527964e-13, 1.3204612436488020e-13             
   75,   18, 3.5724043567242897e-08, 5.2090088125989401e-08, 1.4302508426068962e-13, 1.4968522838778172e-13             
   75,   19,-7.4949240817093604e-08, 8.0425128404040097e-08, 1.4405171091171602e-13, 1.4480247127367863e-13             
   75,   20, 7.1556276679828807e-08,-9.8839819049388501e-08, 1.5581927852525447e-13, 1.5808681341736265e-13             
   75,   21,-5.1778427502126097e-08,-1.0602473869133400e-08, 1.6163805417716083e-13, 1.5686541267270946e-13             
   75,   22,-7.6702494188539104e-08,-9.3047390999708000e-08, 1.6984249437108979e-13, 1.6840939331042476e-13             
   75,   23, 5.0711200324230998e-08, 4.8459215054400800e-08, 1.7652113323983033e-13, 1.7365402290681956e-13             
   75,   24,-8.5328189281487507e-09,-7.6098140126796401e-08, 1.8319129643731159e-13, 1.8027725959530845e-13             
   75,   25,-4.5890538415305196e-09, 6.7229237071469304e-08, 1.9131634681992582e-13, 1.9022137489382178e-13             
   75,   26, 1.3597574397295800e-09,-6.7814448623448104e-09, 1.9373924992292323e-13, 1.9433665677730679e-13             
   75,   27, 1.2535615419170300e-08,-1.1034155327983800e-07, 2.0770808920128551e-13, 2.0908896578002420e-13             
   75,   28, 1.2333724830204400e-07, 6.5770841833069602e-08, 2.0753090708674748e-13, 2.0599291213603077e-13             
   75,   29, 2.4165416341403801e-08,-1.9776976141694899e-08, 2.2400414070240033e-13, 2.2351753587804145e-13             
   75,   30,-8.3769514038482294e-08, 2.7428540255160300e-08, 2.2049112623792284e-13, 2.2001171821787217e-13             
   75,   31,-1.3253553013794200e-08,-1.5398940267707799e-08, 2.3851363177545244e-13, 2.3842107879325392e-13             
   75,   32,-3.2566315598414101e-09, 5.3381412336210802e-09, 2.3609813942452603e-13, 2.3604696010516036e-13             
   75,   33,-2.6973226408863899e-10,-4.5360345783838603e-08, 2.5293469011324904e-13, 2.5267735667193560e-13             
   75,   34,-1.9961894705607899e-08,-5.1162387868807001e-08, 2.5434147110853946e-13, 2.5394611459174279e-13             
   75,   35, 1.6398425712146499e-08,-6.0437837627002606e-08, 2.6902544779320599e-13, 2.6836569277901384e-13             
   75,   36,-4.8177227815245103e-08,-9.7729848469052694e-08, 2.7225996009994360e-13, 2.7238131666180249e-13             
   75,   37,-1.0429201350063500e-08,-1.7337048670515599e-08, 2.8461518400313622e-13, 2.8418674294798384e-13             
   75,   38,-5.1796649421217799e-08,-6.2348844638567605e-08, 2.9132994944127529e-13, 2.9185006795038474e-13             
   75,   39, 6.4508088641927399e-08,-2.4239559147174601e-08, 3.0100090029887978e-13, 2.9939835058387579e-13             
   75,   40, 4.0193478522133901e-08,-1.5834218509701899e-08, 3.1165806547828227e-13, 3.1065847928701215e-13             
   75,   41,-2.6881538552310901e-08, 6.3093919916234103e-08, 3.1785088367335784e-13, 3.1863826192791015e-13             
   75,   42, 4.1197354557951602e-08,-6.3702485041878403e-08, 3.3036144696592605e-13, 3.3025615917633100e-13             
   75,   43, 1.7149097612246500e-08,-2.2081465632478301e-08, 3.3724741787824764e-13, 3.3776175008412934e-13             
   75,   44, 1.6128847925724799e-08,-1.9685505759605200e-08, 3.5086204999403783e-13, 3.5170175526847499e-13             
   75,   45,-1.5175734654811299e-07,-3.1945528302991999e-08, 3.6011786720118283e-13, 3.5831835654396541e-13             
   75,   46, 9.8200819959139802e-09,-8.2931042880140603e-08, 3.7073943851458541e-13, 3.7146755321835860e-13             
   75,   47,-1.6247320527249299e-08, 3.7550702225132398e-08, 3.8228875113289046e-13, 3.8113860933824250e-13             
   75,   48,-4.6072628338852401e-09,-4.9417724691588903e-10, 3.9114507816180791e-13, 3.9086446864349880e-13             
   75,   49,-4.5314535311874801e-10,-7.3325581803479803e-08, 4.0749999170303548e-13, 4.0824908199535625e-13             
   75,   50, 3.8563840720589102e-08,-1.5237977726516100e-08, 4.1297927977481078e-13, 4.1234126797915376e-13             
   75,   51, 1.8049474623836801e-09, 1.0962808602805101e-08, 4.3687485152816808e-13, 4.3505220098241507e-13             
   75,   52,-2.6037043336445699e-08, 2.5562656326803901e-08, 4.3699697612940661e-13, 4.3588699391074108e-13             
   75,   53, 7.3089887821487699e-09,-1.1609095910479600e-07, 4.6546706028235236e-13, 4.6504244372189697e-13             
   75,   54, 5.7352888310993899e-08,-5.5457000239097699e-08, 4.6600025956070425e-13, 4.6556087028216597e-13             
   75,   55,-3.1440763765187499e-08, 3.8787847151848897e-08, 4.9400342211676269e-13, 4.9370457937491719e-13             
   75,   56,-9.1122161109618599e-08, 4.9929281406732599e-08, 4.9649319426166297e-13, 4.9744636974720216e-13             
   75,   57,-9.7004680296957103e-08,-6.8649838892286004e-08, 5.1974692986985746e-13, 5.2028526376577757e-13             
   75,   58, 1.1471494326559800e-07, 9.6961504735710205e-08, 5.3549779250366584e-13, 5.3592689181758103e-13             
   75,   59,-7.6132269025186306e-09,-4.3132310575672997e-08, 5.4436431800596223e-13, 5.4464788360425134e-13             
   75,   60, 2.1785291342809599e-08, 8.9276454561921198e-08, 5.8288514042640302e-13, 5.8183883808042271e-13             
   75,   61,-4.1392403760627103e-09,-7.9689250775984605e-08, 5.6883656217578818e-13, 5.7010966404452078e-13             
   75,   62,-1.7054831182245801e-08, 8.7296826441007805e-08, 6.3859549504978332e-13, 6.4016390805887305e-13             
   75,   63,-1.3519324322506501e-07, 5.3980754050811600e-08, 5.9822429814230169e-13, 5.9946165041454097e-13             
   75,   64, 6.9655193568721702e-09, 2.3018176464793800e-08, 6.9900220739909858e-13, 7.0058795706187482e-13             
   75,   65, 1.3204184515498300e-08, 1.9171756914528700e-07, 6.5071460629055446e-13, 6.5146880067771181e-13             
   75,   66,-3.4213498877212999e-08,-9.3927346949536099e-08, 7.5441204556508456e-13, 7.5318452430959329e-13             
   75,   67, 4.7306135600606598e-08,-3.0804038136513403e-08, 7.4210775881978538e-13, 7.4245432194583956e-13             
   75,   68, 8.1821068867764605e-08, 7.6242751335655506e-08, 7.9454816677043283e-13, 7.9462174847174121e-13             
   75,   69, 7.2482381226091999e-09,-1.1242231745442800e-09, 8.9223092362847119e-13, 8.9060652911096950e-13             
   75,   70,-1.2442716648249300e-07,-3.2104877339403203e-08, 8.3262195657760084e-13, 8.3386877547380633e-13             
   75,   71, 1.7967485680549300e-08, 1.8515766220671799e-08, 1.0862678555027529e-12, 1.0851770614135901e-12             
   75,   72,-2.6781465875925300e-08,-1.3382231197889500e-07, 9.6215443832456703e-13, 9.6342166684318501e-13             
   75,   73, 2.1743919065311700e-08,-3.0729602352244299e-08, 1.2831616031549685e-12, 1.2839142036485181e-12             
   75,   74,-8.3314133826012998e-08,-9.6563150047703603e-08, 1.3832577244146465e-12, 1.3839478111612693e-12             
   75,   75, 4.1725929595617402e-08, 1.5330621993691800e-08, 2.0400655743792051e-12, 2.0476073369690345e-12             
   76,    0,-6.3770709017052294e-08, 0.0000000000000000e+00, 1.0231323318386471e-13, 0.0000000000000000e+00             
   76,    1, 1.1812066599250300e-07, 8.3597585362279600e-08, 9.9141650683396854e-14, 1.0514682272987320e-13             
   76,    2,-8.0990770838704694e-08,-4.3208792803380800e-08, 9.9937723212071775e-14, 1.0190571209105329e-13             
   76,    3, 1.1543865781902100e-08,-4.9128690360429800e-08, 1.0184560982212390e-13, 1.0137287090932870e-13             
   76,    4, 1.3655531360983099e-08,-9.4277796728132597e-08, 9.8923238319397355e-14, 1.0000203800251673e-13             
   76,    5,-2.1871002981890699e-08, 8.0537053907555300e-08, 1.0246517302127412e-13, 1.0148064206082654e-13             
   76,    6,-5.1589907968897497e-08,-2.8008398053524200e-08, 9.9681477464683934e-14, 1.0230815485245598e-13             
   76,    7,-5.3508732076167400e-08,-2.2214628064570299e-08, 1.0363697883289823e-13, 1.0358097395136458e-13             
   76,    8,-6.1539389747456205e-08, 9.1634236038576403e-08, 1.0400503162184823e-13, 1.0306941233015144e-13             
   76,    9, 6.9448772325849004e-08,-8.2107545376397100e-09, 1.0767909444415874e-13, 1.0754879359759733e-13             
   76,   10,-5.5702022474567201e-08,-6.1224416198163204e-09, 1.1245508872807117e-13, 1.1032619805182600e-13             
   76,   11, 2.2698866121131999e-08,-1.3154626645446400e-07, 1.0966769903861343e-13, 1.1075380384684965e-13             
   76,   12,-6.7170994724828097e-09,-2.2851724094484302e-08, 1.2926462364078397e-13, 1.1794998484626006e-13             
   76,   13, 4.1739394192366900e-08,-1.3880365392924000e-07, 1.1477707968000193e-13, 1.1643768851410857e-13             
   76,   14,-7.0752192781039994e-08, 4.5595164664340899e-09, 1.2835412516937370e-13, 1.2784393563168139e-13             
   76,   15,-9.5486880289857005e-08, 6.8560271056650202e-08, 1.2303546843493707e-13, 1.2721375158074729e-13             
   76,   16,-1.1092286390474701e-07,-7.0027376614027997e-08, 1.4166515928110283e-13, 1.4220301323395862e-13             
   76,   17, 1.9211729198007802e-08, 8.9510154291951397e-09, 1.3157215536682684e-13, 1.3176722372006441e-13             
   76,   18, 4.2973075107822501e-08,-5.3529819197111896e-09, 1.5483672431102578e-13, 1.5443058695551805e-13             
   76,   19,-3.2755918010482297e-08,-9.0502266143544395e-10, 1.4249005646143718e-13, 1.4287121742559034e-13             
   76,   20,-2.7351571021487801e-08,-1.6303130838308599e-08, 1.6771398831715560e-13, 1.6871706440344559e-13             
   76,   21, 1.0084686061272701e-08, 4.2918223074816001e-08, 1.5781630518971997e-13, 1.5722949392434734e-13             
   76,   22, 1.0119107885271000e-07,-3.8081798962407800e-08, 1.8327707152804716e-13, 1.8102606033580871e-13             
   76,   23, 9.7711084212110005e-09, 7.8330246440746798e-08, 1.7350698686688464e-13, 1.7314836401607864e-13             
   76,   24, 5.2534611070847504e-09, 9.2623975202266595e-08, 1.9383219158776124e-13, 1.9178168096031892e-13             
   76,   25,-4.7899071825950499e-08, 1.6303723969351300e-08, 1.9189961450439832e-13, 1.8926726765395658e-13             
   76,   26,-3.6559767920900401e-08, 5.2675466444663501e-08, 2.0303842830437328e-13, 2.0322588240101400e-13             
   76,   27,-3.0087107912907098e-08,-5.6537765242176402e-08, 2.0829042780667012e-13, 2.0770266141941256e-13             
   76,   28,-2.3132214351013700e-08, 5.8565489295902399e-08, 2.1295112394402250e-13, 2.1321716321851140e-13             
   76,   29,-9.0489393240644807e-08, 6.8807553984869596e-08, 2.2522849246912282e-13, 2.2586492923689811e-13             
   76,   30,-5.9784377423958101e-08, 7.0195769489490902e-08, 2.2547231851253613e-13, 2.2423613367222553e-13             
   76,   31, 9.2121607114262097e-08, 6.8499182787017005e-08, 2.4284780483271222e-13, 2.4259158739230722e-13             
   76,   32, 3.4583254109960998e-08,-6.3549085470076207e-08, 2.3771771297485051e-13, 2.3795194140501241e-13             
   76,   33,-3.1643692067958699e-09,-1.2635593180397499e-07, 2.6001623918253927e-13, 2.6129102396445421e-13             
   76,   34, 7.7181532903425796e-09, 1.1681487908920000e-07, 2.5378033751925457e-13, 2.5375661880077097e-13             
   76,   35,-3.4617849239550698e-09, 4.9950930269457902e-08, 2.7951151211017276e-13, 2.8039185137007942e-13             
   76,   36,-1.1730476022884500e-07, 5.7510709042846797e-09, 2.7168076177293005e-13, 2.7198591845647079e-13             
   76,   37, 9.5303215598015996e-08, 2.2686436136400599e-09, 2.9950253134006786e-13, 2.9819188442971412e-13             
   76,   38, 9.1082006329318492e-09, 3.8205828689510802e-08, 2.9073973396041321e-13, 2.9023492893354313e-13             
   76,   39,-4.8978147242051401e-09, 5.2171287431817403e-08, 3.2082977484099031e-13, 3.1776250747311466e-13             
   76,   40, 3.6440888506016198e-08,-2.1133320796442301e-08, 3.1234735114661734e-13, 3.1132264050822237e-13             
   76,   41, 1.0291317484612100e-07, 4.8884374611614198e-08, 3.4225078476927271e-13, 3.4087308603100539e-13             
   76,   42, 3.4615504653047002e-10, 2.6743155337793599e-08, 3.3327426001039339e-13, 3.3368577162950997e-13             
   76,   43,-6.9342759108747503e-08,-7.2405602754228400e-09, 3.6281947191170888e-13, 3.6306422353702343e-13             
   76,   44,-2.8328656198853598e-08, 3.7394464656450699e-08, 3.5672954444798824e-13, 3.5861191053692104e-13             
   76,   45,-1.1950860394358100e-07, 3.0288972665383097e-08, 3.8765241008265033e-13, 3.8672047514715496e-13             
   76,   46, 3.9096278828435099e-08, 5.8697216933178503e-08, 3.8287120116524686e-13, 3.8239263023912158e-13             
   76,   47, 2.3599585067506199e-08,-5.8322578124078300e-08, 4.1078081043458995e-13, 4.1041018092394843e-13             
   76,   48, 4.0972860927338097e-08,-5.7068561754425097e-08, 4.1046855548887624e-13, 4.1042986095315324e-13             
   76,   49,-9.6139629792152005e-08,-9.4062363297553501e-09, 4.3472338979813895e-13, 4.3541932866414232e-13             
   76,   50,-1.3246068127828100e-08, 9.3929082352858706e-08, 4.4071634257969370e-13, 4.4013733927572268e-13             
   76,   51, 5.5706061650158501e-08,-3.1158334329219598e-08, 4.6147236821703780e-13, 4.6006285068441511e-13             
   76,   52,-5.1607239655642002e-09,-4.3618652508262800e-10, 4.7403605764856048e-13, 4.7267040136377584e-13             
   76,   53,-6.6391567549228797e-08, 9.2360652320787607e-09, 4.8706642556404117e-13, 4.8720217084972288e-13             
   76,   54,-1.9027909017187299e-08, 1.5055650397311002e-08, 5.0822870093464190e-13, 5.0902908946065886e-13             
   76,   55, 3.5242074749951003e-08,-7.9034710912929698e-10, 5.1861741415145225e-13, 5.1871980751558858e-13             
   76,   56,-8.0683470275646206e-09,-1.0219749008010900e-07, 5.4558984852038292e-13, 5.4613786385243637e-13             
   76,   57, 1.2791597725666299e-07,-3.7718960478246200e-08, 5.5041193647045022e-13, 5.5218345866951687e-13             
   76,   58, 2.5519525141240600e-08, 8.8117798607422802e-09, 5.8086037539584422e-13, 5.8277353095003481e-13             
   76,   59,-7.2149891959779500e-08,-9.4350325305830003e-08, 5.9053478073747441e-13, 5.9136595326201130e-13             
   76,   60,-7.5322562413845599e-08, 1.8128556025358499e-08, 6.1794822884983165e-13, 6.1789335070543079e-13             
   76,   61,-6.8791246848539398e-08, 1.5058685879388099e-08, 6.3959301025932941e-13, 6.3890926784658956e-13             
   76,   62,-6.2301494509924000e-08, 8.1707116588368304e-08, 6.5799315271873245e-13, 6.5657433667011942e-13             
   76,   63, 1.2766083633229299e-07,-1.2805827883891501e-07, 6.9434091776823150e-13, 6.9575814671800612e-13             
   76,   64, 6.1754626756542703e-08,-7.6974406386597698e-08, 7.0296632956320353e-13, 7.0295505200029199e-13             
   76,   65,-2.9192337276730199e-08,-9.4947252791968100e-08, 7.5650047758994494e-13, 7.5532415367765897e-13             
   76,   66,-7.5618342529864497e-08,-8.1969520204613399e-08, 7.7162104415102962e-13, 7.7114582999580084e-13             
   76,   67, 4.3199130147263398e-08, 2.1937689049364800e-08, 8.1018050914314949e-13, 8.0828197857501139e-13             
   76,   68,-3.7698574236924997e-08,-4.2943525949663802e-08, 8.8259716130633180e-13, 8.8273092905907669e-13             
   76,   69, 3.1406772940229598e-08,-4.5385588782419403e-08, 8.4653028808227547e-13, 8.4740655981020449e-13             
   76,   70, 4.1519178809352197e-08,-7.1104814570481601e-08, 1.0535968538292928e-12, 1.0549690373741794e-12             
   76,   71,-1.6817119411021400e-08, 1.9642897395719300e-08, 8.8149411049479077e-13, 8.8147938391387916e-13             
   76,   72, 4.9142770548504303e-08,-4.7990497344747503e-08, 1.2788317183142758e-12, 1.2776776740127619e-12             
   76,   73,-3.7264973906625803e-08, 3.7126818719642197e-08, 1.0007919424018743e-12, 1.0012562214827989e-12             
   76,   74, 2.2675131282101602e-08,-3.2238079143018803e-08, 1.5348538180597293e-12, 1.5390396188258747e-12             
   76,   75, 4.3240294095210497e-09, 5.6083570576534898e-08, 1.4092423331845221e-12, 1.4129465310478482e-12             
   76,   76,-2.3048026777125701e-08, 1.0073056833776601e-07, 2.4122456424098996e-12, 2.4203614148299440e-12             
   77,    0, 6.9581675999318506e-08, 0.0000000000000000e+00, 1.0108647582034867e-13, 0.0000000000000000e+00             
   77,    1, 3.7831493471958703e-08,-2.8206384759582001e-08, 1.0049096345050577e-13, 1.0136224506866002e-13             
   77,    2,-8.9802479782877692e-09, 6.8434770650167300e-08, 1.0323983587513520e-13, 1.0121588318273849e-13             
   77,    3, 4.8876679883873601e-08,-6.6739459950253504e-08, 1.0075986529602028e-13, 1.0054689128495642e-13             
   77,    4, 4.4204329013683800e-09, 2.5367929335343599e-08, 1.0260859708695071e-13, 1.0389461089375026e-13             
   77,    5,-9.1430379830608201e-08, 1.6107778726896700e-07, 1.0008173719463589e-13, 1.0267068094152155e-13             
   77,    6, 1.8803935832991302e-08,-4.6935121869474303e-08, 1.0415285422515821e-13, 1.0418964976823432e-13             
   77,    7, 8.2451170375293799e-08,-3.8327591956630603e-08, 1.0693801454103349e-13, 1.0335180360377182e-13             
   77,    8, 3.7757839648489600e-08,-8.1390141690974100e-08, 1.0441279594887109e-13, 1.0731604932581639e-13             
   77,    9, 3.2932651061605499e-08, 2.1884796474614201e-08, 1.0985805499655283e-13, 1.0625844023635134e-13             
   77,   10,-3.1917190090935699e-08,-3.4513505591214801e-08, 1.1141461935829124e-13, 1.1041291293527754e-13             
   77,   11, 7.9244867083118602e-08, 8.1873132971108104e-08, 1.1151049030658913e-13, 1.1377760041535097e-13             
   77,   12,-4.5953035056994699e-08, 1.0387125841274200e-07, 1.1623372427389691e-13, 1.1334295611820398e-13             
   77,   13,-2.5914807733260400e-08, 7.4721560703951306e-09, 1.2057947794482705e-13, 1.2014267612105446e-13             
   77,   14,-8.8638582487674094e-08, 6.5042974981364598e-08, 1.2214591413599344e-13, 1.2054633431761218e-13             
   77,   15, 3.0445807858548299e-09,-6.9678356522515505e-08, 1.2331935113352560e-13, 1.2466031683453905e-13             
   77,   16,-1.7564428964355701e-08,-3.0257656322996197e-08, 1.3173948921401389e-13, 1.3118015084022599e-13             
   77,   17, 3.3274455449502101e-08, 2.0347374899071800e-08, 1.3187988631085138e-13, 1.3268230106007844e-13             
   77,   18, 1.0246727644472201e-07, 9.2740869413940896e-08, 1.4523256326709707e-13, 1.4366276898117360e-13             
   77,   19,-8.0570396904691092e-09,-1.6747379853145199e-07, 1.4390381111927312e-13, 1.4327207759387226e-13             
   77,   20,-8.1504791854788405e-08, 8.0359977623643203e-09, 1.5485711144242617e-13, 1.5679574467525931e-13             
   77,   21,-3.3118327161349997e-08, 8.2438882778685101e-08, 1.5596278852681204e-13, 1.5848291334070541e-13             
   77,   22,-6.8114755068143095e-08,-7.7850318056732402e-08, 1.7178161588197418e-13, 1.6676428500966504e-13             
   77,   23, 5.5514469867086301e-09, 9.9204485524839103e-08, 1.7384678574735486e-13, 1.7346583492368046e-13             
   77,   24,-1.1133648185592900e-07,-7.6989225607238698e-08, 1.8058864330810687e-13, 1.8010016627585478e-13             
   77,   25,-1.0056976483746400e-07,-1.1078938196512400e-07, 1.9048605814438108e-13, 1.8775539749198671e-13             
   77,   26,-8.7372065026896394e-09,-9.8980410743177002e-08, 1.9244648674389262e-13, 1.9225385092178095e-13             
   77,   27,-2.6784873856308801e-11,-4.7638816399503702e-09, 2.0432841740464139e-13, 2.0447834758703222e-13             
   77,   28, 1.3023120919418499e-07, 1.1118272861622501e-08, 2.0466265633450750e-13, 2.0360643713451361e-13             
   77,   29, 5.0967455839229301e-09,-2.4517554724803401e-08, 2.1867768985315896e-13, 2.1928132690442201e-13             
   77,   30,-2.8120732264449101e-08,-3.9864802421634197e-08, 2.1709979750043098e-13, 2.1672855585554150e-13             
   77,   31, 2.6426617415460101e-08,-2.4730200777278101e-08, 2.3412891761432516e-13, 2.3298880557388246e-13             
   77,   32,-1.5857592556192499e-08,-6.5360828255067505e-08, 2.3141386095598578e-13, 2.3201694059973621e-13             
   77,   33,-1.0329769117554999e-07, 2.8351098197436400e-08, 2.4758587776199070e-13, 2.4712821647403028e-13             
   77,   34,-1.1529425297082200e-08,-5.4538902673350299e-09, 2.4814564150355418e-13, 2.4918703385277860e-13             
   77,   35,-2.8645610401947198e-08,-6.5079362637826900e-08, 2.6128853009472227e-13, 2.6217381076646553e-13             
   77,   36, 1.2983708903125700e-07, 7.6351973795186096e-09, 2.6591276624285995e-13, 2.6607170538050143e-13             
   77,   37, 3.9978841295045500e-08, 1.0467232607848700e-08, 2.7573869311386378e-13, 2.7827980581733510e-13             
   77,   38, 7.3998716804223203e-08, 2.5948300990710499e-08, 2.8394394278313593e-13, 2.8424393813044512e-13             
   77,   39,-4.8375353709258398e-09, 4.2271949704133503e-08, 2.9261064159991880e-13, 2.9277034595618613e-13             
   77,   40, 6.1112292375427394e-08,-1.1088980590321500e-07, 3.0426231357786004e-13, 3.0295953316270430e-13             
   77,   41,-6.7965432949936299e-08, 6.3214849201100003e-08, 3.0920199269323817e-13, 3.0909151975853533e-13             
   77,   42,-2.4961267796797900e-09,-3.8328703918302597e-08, 3.2210688482523434e-13, 3.2273151031697771e-13             
   77,   43,-5.8104027934464099e-08,-2.9890863630085302e-08, 3.2668478478247865e-13, 3.2728482565134774e-13             
   77,   44,-1.1207829249680800e-08, 1.1011878261658599e-08, 3.4083719702561285e-13, 3.4204421288656773e-13             
   77,   45,-5.1898037102834599e-08, 1.2195038146413200e-08, 3.4657195029455099e-13, 3.4628292791820362e-13             
   77,   46, 1.3008728158858801e-07, 1.3431584599156900e-08, 3.6181427169652209e-13, 3.6147699158767705e-13             
   77,   47,-4.6575303714044300e-08,-7.0338185120336396e-08, 3.6915329271079279e-13, 3.6743240287960545e-13             
   77,   48,-2.6113397537385801e-08, 1.2138384229338400e-07, 3.8107926524127408e-13, 3.8071037791613166e-13             
   77,   49, 3.7493788603866300e-09, 3.2004093172543397e-08, 3.9170288057196285e-13, 3.9176335333854074e-13             
   77,   50, 7.4665612810650497e-08,-6.4902267945146901e-08, 4.0119206094391263e-13, 4.0066804355827260e-13             
   77,   51,-4.9188750878174502e-08,-3.3171283064086202e-08, 4.1913621156624355e-13, 4.1765769207385363e-13             
   77,   52, 1.5471974090712699e-08,-3.2154722332130198e-09, 4.2305309935504648e-13, 4.2184886742939360e-13             
   77,   53, 2.4836082223612802e-08,-4.2720672594166002e-08, 4.4666934561363356e-13, 4.4651548156094748e-13             
   77,   54, 1.5632674625661400e-08, 7.3017604853732096e-08, 4.4624632645734945e-13, 4.4621738880591937e-13             
   77,   55, 7.0553202944640896e-08, 1.2544530612368700e-07, 4.7667312681496211e-13, 4.7601014296363840e-13             
   77,   56,-5.5233283245889201e-08, 1.2122368762804500e-07, 4.7529311389235799e-13, 4.7512743837550257e-13             
   77,   57, 1.9212640931179999e-08, 7.8768169647021097e-08, 5.0463003112767739e-13, 5.0505203296766267e-13             
   77,   58,-1.0836943510195701e-08, 1.1008569061529300e-07, 5.0537575554577919e-13, 5.0585794813517932e-13             
   77,   59, 1.9935868876566099e-08, 3.4235765909082701e-08, 5.2995162073095106e-13, 5.3017003413011362e-13             
   77,   60, 5.1881610052779803e-08,-6.2507455905547096e-08, 5.4482594213454392e-13, 5.4404267049985212e-13             
   77,   61, 1.4977341913980700e-08,-5.5150285341219602e-08, 5.5374318238666707e-13, 5.5529038083009362e-13             
   77,   62, 6.0557652073750100e-08, 6.2897998605811494e-08, 5.9132156579774205e-13, 5.9266156078584490e-13             
   77,   63, 4.1878842456420398e-08,-6.6160754095097898e-08, 5.7845328900972842e-13, 5.7977492259923204e-13             
   77,   64,-1.7381239682781499e-07, 1.0380262516744600e-07, 6.4925305159462452e-13, 6.5061289832012901e-13             
   77,   65,-2.8568263374369001e-08, 6.9303211011536198e-08, 6.0784457822337813e-13, 6.0856238500275006e-13             
   77,   66, 1.5930034880709300e-09, 1.3099954850039301e-08, 7.1141010624326215e-13, 7.1065848891627705e-13             
   77,   67, 1.5581869648663899e-07,-2.8228617419426302e-09, 6.6042880047509647e-13, 6.6030112192224377e-13             
   77,   68, 3.3693685219730102e-09, 2.0053037384632099e-09, 7.6513812327880601e-13, 7.6519652771238321e-13             
   77,   69,-7.8382944810009797e-10, 5.6032450773646800e-08, 7.5401280854129347e-13, 7.5354542566994374e-13             
   77,   70,-1.0212654960870899e-07, 4.9987937777282202e-09, 8.0330249501170181e-13, 8.0482194424750926e-13             
   77,   71,-5.4939933167089401e-08, 6.9088457363399402e-08, 9.0775088382381069e-13, 9.0612521221591269e-13             
   77,   72, 3.4546134260110001e-08, 2.5046376103227600e-08, 8.3851236044261934e-13, 8.3854526632989681e-13             
   77,   73,-4.6955035466242000e-08, 6.9761879316122897e-08, 1.1033752558954004e-12, 1.1062600782561327e-12             
   77,   74, 7.6465112587869207e-09, 6.3737506811758094e-08, 9.6748927793134304e-13, 9.6910384515582857e-13             
   77,   75, 1.8337129814287301e-08, 1.0669550615980499e-07, 1.2977053031915361e-12, 1.3018309024007385e-12             
   77,   76,-7.8711086472410306e-09, 3.5719437287317802e-09, 1.4004820507073193e-12, 1.4082379343544297e-12             
   77,   77,-3.5957643450008897e-08,-6.7252362340828603e-08, 2.0529591334816322e-12, 2.0578298166355600e-12             
   78,    0, 8.6611232992237398e-08, 0.0000000000000000e+00, 1.0174718622925538e-13, 0.0000000000000000e+00             
   78,    1,-9.1196803654012700e-08,-1.5270139944524701e-08, 1.0183933785374042e-13, 1.0406337783297200e-13             
   78,    2, 5.6360365245711801e-09,-5.3656175898171397e-08, 1.0294642511501086e-13, 1.0060987863758264e-13             
   78,    3, 4.8073722254209200e-08, 4.4701116385140298e-08, 1.0029785928783820e-13, 1.0265298908863123e-13             
   78,    4,-4.0550093127551901e-08, 3.5588895698272500e-08, 1.0389927815540107e-13, 1.0477310975177643e-13             
   78,    5, 5.8447374751929498e-08, 6.1715880004814796e-08, 1.0226992125210605e-13, 1.0437293700621115e-13             
   78,    6, 9.8454857310249098e-08,-5.5626046161511600e-08, 1.0258569725026440e-13, 1.0563693139316255e-13             
   78,    7, 2.1719953602750399e-08,-2.2917603080952599e-08, 1.0730606243954179e-13, 1.0656095543062566e-13             
   78,    8,-1.8596850666498899e-08, 1.4922603813756000e-07, 1.0551055957068695e-13, 1.0628029472375531e-13             
   78,    9, 1.5829171135264101e-08,-5.3656237952946401e-09, 1.1234048434434987e-13, 1.0887066513024446e-13             
   78,   10, 4.1406353401415899e-08,-9.5583206591814806e-09, 1.1157928522251849e-13, 1.1020371156766830e-13             
   78,   11,-3.2932553002512301e-08,-7.5912816442507595e-08, 1.1285058281004648e-13, 1.1270563106359642e-13             
   78,   12,-7.0374818978569999e-08,-3.6349668187362098e-08, 1.2082289342048049e-13, 1.1797440510291942e-13             
   78,   13,-4.4545778798223801e-08,-4.5103749518593997e-08, 1.1689216736067883e-13, 1.1737779445752792e-13             
   78,   14, 1.5618511565732199e-08,-3.2798904853142302e-08, 1.2864446423869803e-13, 1.2701420266687912e-13             
   78,   15,-6.2230824696720800e-09, 5.5865493531932700e-08, 1.2360184433796487e-13, 1.2235700689464813e-13             
   78,   16,-1.9314875579358900e-08,-4.1296977595929301e-08, 1.3941540978879791e-13, 1.4012773527209821e-13             
   78,   17, 1.6914083075663301e-08,-4.8005138878306102e-08, 1.3215417679528251e-13, 1.3091654892550043e-13             
   78,   18,-8.1999606968112697e-09,-7.0005937681359094e-08, 1.5315871914228835e-13, 1.5327038646774881e-13             
   78,   19,-3.6732372744461797e-08, 2.6436849557302600e-08, 1.4127904108195681e-13, 1.4236015153804167e-13             
   78,   20, 4.3986586057704598e-08, 5.7346330681952700e-08, 1.6617564658857623e-13, 1.6767417053069359e-13             
   78,   21,-6.6719784100951400e-08, 2.2174625462791000e-08, 1.5529913166497545e-13, 1.5726768348208278e-13             
   78,   22, 1.6464384169278801e-08,-7.1551883761875395e-08, 1.8040720622549133e-13, 1.7940804327429642e-13             
   78,   23, 5.9249579759988003e-09, 1.5359061403172402e-08, 1.7327032189258093e-13, 1.6983297737034645e-13             
   78,   24, 1.7354799821370500e-08,-9.5073650065197194e-08, 1.9137794096940330e-13, 1.9019716451930001e-13             
   78,   25, 8.0324509700528996e-08, 3.9545384459465602e-08, 1.8686310101249941e-13, 1.8715536845665270e-13             
   78,   26, 7.8695693240170902e-08, 9.7051382458595294e-09, 2.0021030167743477e-13, 2.0467831758526960e-13             
   78,   27, 1.3667047355877100e-07, 2.0868435347471999e-09, 2.0374020941844891e-13, 2.0275369068318217e-13             
   78,   28,-6.2543734299773796e-08,-4.6584871926624297e-08, 2.1201868729244160e-13, 2.1198033056803837e-13             
   78,   29,-2.2840754677945799e-08, 8.2845537123701804e-08, 2.1980102522459321e-13, 2.2128848585350284e-13             
   78,   30,-2.3169394125654400e-08, 4.6008917364317899e-08, 2.2116900521950846e-13, 2.2141178159270882e-13             
   78,   31,-3.5367943029303801e-08,-3.6989218092105302e-08, 2.3755398236185960e-13, 2.3791021763589416e-13             
   78,   32,-2.6260910279243198e-08, 1.1391715869161999e-09, 2.3322323608703187e-13, 2.3403829768073587e-13             
   78,   33, 1.0020331181114200e-08, 2.3855188747194300e-08, 2.5540330068078316e-13, 2.5486579820438502e-13             
   78,   34,-8.7897389144789801e-09, 1.0359552298251900e-07, 2.4832280935110133e-13, 2.4822185491569112e-13             
   78,   35,-1.9051510506418199e-08, 4.2857294509393603e-08, 2.7287040697569237e-13, 2.7294357611566772e-13             
   78,   36, 4.0501569582673699e-08, 2.0462294464971400e-08, 2.6483706155362549e-13, 2.6551419279411181e-13             
   78,   37, 2.0810106638860800e-08,-4.1031605312973098e-08, 2.9240265321350571e-13, 2.9063726426752018e-13             
   78,   38,-4.0277777979460603e-08, 9.6196453643158998e-08, 2.8323189807955181e-13, 2.8293841224142997e-13             
   78,   39, 1.3664075619884701e-08,-2.9756934911809099e-08, 3.1320432227388441e-13, 3.0943731523183547e-13             
   78,   40, 6.6491020328469705e-08, 8.6583874853953900e-09, 3.0243830490927215e-13, 3.0153672533039032e-13             
   78,   41,-4.4014482991352301e-08,-2.7099135401524600e-08, 3.3266965764805402e-13, 3.3231527829455505e-13             
   78,   42, 5.1963325562889903e-08,-4.7895821274154697e-09, 3.2263835127335043e-13, 3.2345523277423451e-13             
   78,   43, 3.5593874537047999e-08, 7.5379744279029397e-08, 3.5388967925013743e-13, 3.5438978377214093e-13             
   78,   44, 2.6333019310351900e-08,-4.2403688779796597e-08, 3.4424840986447298e-13, 3.4556474341721975e-13             
   78,   45, 6.7637457721425004e-08,-1.0985877836384701e-07, 3.7614045254393077e-13, 3.7564589761154241e-13             
   78,   46, 6.0422107625516905e-08,-6.9446937261410299e-08, 3.7016166653552023e-13, 3.6781745391827791e-13             
   78,   47,-1.0405171299529000e-07,-1.1109097630889800e-07, 3.9994232213709911e-13, 3.9994142802063073e-13             
   78,   48, 8.8227117027127806e-08, 1.6228910467658402e-08, 3.9422836472045199e-13, 3.9330356810911182e-13             
   78,   49, 1.0141144500547799e-07,-2.8926885660996201e-08, 4.2251949027052676e-13, 4.2305058625043866e-13             
   78,   50,-9.0140357463312196e-08, 5.0118563288214901e-08, 4.2199868238198275e-13, 4.2182788890407626e-13             
   78,   51,-5.1629351309801600e-08, 1.2130914139095200e-07, 4.4737673522768103e-13, 4.4625737997247065e-13             
   78,   52, 1.2480508560324201e-08, 2.9639746535150799e-09, 4.5343588206079304e-13, 4.5099347304332175e-13             
   78,   53, 3.2074876031895702e-08, 2.1304270950040201e-08, 4.7171641910954658e-13, 4.7188579763384947e-13             
   78,   54,-8.6474046646640799e-08, 2.9870148385931600e-08, 4.8571405064271466e-13, 4.8573859454168061e-13             
   78,   55,-5.1425037243625801e-08,-1.7431442937090700e-07, 4.9746917581518087e-13, 4.9831696881223848e-13             
   78,   56,-8.6104431544552694e-08,-7.3829387556141503e-09, 5.2166286672717420e-13, 5.2106667268138398e-13             
   78,   57,-5.8702250345424399e-09,-4.1885746491571601e-08, 5.2729990459318231e-13, 5.2869264556913996e-13             
   78,   58, 2.4388902393517299e-08,-6.4686528507466502e-08, 5.5761283927453890e-13, 5.5940799976008076e-13             
   78,   59,-5.3401034309696600e-08,-1.0806648796423400e-07, 5.5931476863780575e-13, 5.5981233390524365e-13             
   78,   60,-3.4140109550165202e-08,-2.4759613456745600e-08, 5.9368134149791719e-13, 5.9423039590594389e-13             
   78,   61,-9.0230033982667905e-08, 1.6998380887823300e-07, 5.9904601995868554e-13, 5.9925044491616184e-13             
   78,   62,-7.2499497183878104e-08,-5.7931671142517201e-08, 6.3051476914365278e-13, 6.2953542622981032e-13             
   78,   63,-4.0178906905198602e-08,-5.5951369638858498e-08, 6.4660125095384396e-13, 6.4834779005491665e-13             
   78,   64,-7.4678338264294103e-08,-6.2674520527714696e-09, 6.6860015893364289e-13, 6.6816147813152586e-13             
   78,   65, 3.8692478618130903e-08,-8.5723762521616194e-08, 7.0416890918921474e-13, 7.0377105910936188e-13             
   78,   66, 2.3736410128457400e-08, 1.8040864555023400e-08, 7.1287767167656395e-13, 7.1231526933789745e-13             
   78,   67,-8.0440656304670096e-08, 4.2613076173339102e-09, 7.6683432902274517e-13, 7.6449680658753543e-13             
   78,   68, 1.2443114631237400e-08, 1.2811953449866401e-07, 7.8007164627808758e-13, 7.8118418558520522e-13             
   78,   69,-5.8579535860982303e-08, 3.7705774687618297e-08, 8.1834633127612399e-13, 8.1919249455041760e-13             
   78,   70, 8.4080208262348903e-08, 4.2458097201480701e-09, 8.9204476916192315e-13, 8.9354030519187618e-13             
   78,   71, 1.7385964971013199e-08,-9.4479103449892393e-09, 8.5480901542353023e-13, 8.5461265376623961e-13             
   78,   72, 3.3605506728907100e-08,-7.3144845091437502e-08, 1.0669370460468588e-12, 1.0664706702659436e-12             
   78,   73, 2.5867008552207601e-08,-6.1469805637067695e-08, 8.8544781218931086e-13, 8.8552100933782506e-13             
   78,   74, 4.4058840725229397e-08,-3.3060994643928399e-09, 1.2902050260517835e-12, 1.2945987888310756e-12             
   78,   75,-3.2021147171249597e-08,-5.9254518052802699e-08, 1.0044981499948458e-12, 1.0064922259587279e-12             
   78,   76, 2.9810701002316300e-08, 5.4097796828568999e-08, 1.5433275904465501e-12, 1.5486757157208104e-12             
   78,   77, 1.2334797422239101e-08,-6.1671256220830104e-08, 1.4306642856092141e-12, 1.4317052938027425e-12             
   78,   78, 3.5980662869458199e-08, 3.0879527164653597e-08, 2.4192407739147497e-12, 2.4129127435121167e-12             
   79,    0,-6.7676956253200902e-08, 0.0000000000000000e+00, 1.0297785337137088e-13, 0.0000000000000000e+00             
   79,    1,-8.2265660277734203e-08, 3.6257395360690401e-08, 1.0383792683134447e-13, 1.0265264405611529e-13             
   79,    2, 4.9716098897492299e-08, 7.3789005054404203e-08, 1.0404198902457166e-13, 1.0158175014833871e-13             
   79,    3, 5.0473857148701302e-08,-3.9961374889473000e-08, 1.0196097371830710e-13, 1.0429368767161082e-13             
   79,    4, 2.0283181673498500e-09,-2.3767732920857300e-08, 1.0260385960169524e-13, 1.0415086173570655e-13             
   79,    5,-1.7142890232078301e-09, 4.9998261819581598e-08, 1.0269659651989951e-13, 1.0503314530200670e-13             
   79,    6,-5.1013766779256098e-08,-1.6979135197964401e-09, 1.0566429388063865e-13, 1.0590452658336894e-13             
   79,    7, 4.7203855527900798e-08, 5.4664784944952600e-08, 1.0679980843096725e-13, 1.0782289382680300e-13             
   79,    8,-3.2960808019982703e-08,-7.4004539144803394e-08, 1.0707193266111649e-13, 1.0799541193714192e-13             
   79,    9, 1.5352933905732301e-08,-8.0814252416845705e-08, 1.1016620098989630e-13, 1.1262149838907157e-13             
   79,   10,-1.1957175942988900e-07, 3.8275766098435700e-08, 1.1097264004297916e-13, 1.1004876337316847e-13             
   79,   11,-5.9600209077646903e-08, 4.8856791546416701e-08, 1.1800478833415459e-13, 1.1375254888795119e-13             
   79,   12, 6.4208682152249501e-08, 1.0709869753542400e-07, 1.1594504922197887e-13, 1.1534710164571291e-13             
   79,   13, 4.9325928512375899e-08,-3.6231509865624700e-08, 1.2058530642641468e-13, 1.1875129367110968e-13             
   79,   14,-4.0286305209053398e-08, 1.4920196876309301e-08, 1.2757420907481317e-13, 1.2144211735114784e-13             
   79,   15, 2.0860891677783799e-08,-1.2249367010660101e-07, 1.2417637766518107e-13, 1.2377628343767040e-13             
   79,   16, 1.0958608437267501e-08,-6.0925085284274903e-09, 1.3093585533482669e-13, 1.3320222782964167e-13             
   79,   17, 5.9922561711225596e-08, 1.0172790350895800e-07, 1.3371686079824781e-13, 1.3275963792088491e-13             
   79,   18, 5.3588388080201997e-08, 1.0834644870310901e-07, 1.4286401031793112e-13, 1.4282635166239925e-13             
   79,   19, 1.5549741757634599e-09,-1.1900872442018200e-08, 1.4345644498416932e-13, 1.4243262692195812e-13             
   79,   20,-5.2646718566474603e-08, 2.7319897807427000e-08, 1.5335354559779734e-13, 1.5384551828344785e-13             
   79,   21,-3.9691840654879299e-08,-5.1800165137778098e-08, 1.5517364175256553e-13, 1.5431991138682746e-13             
   79,   22, 4.9691615669816200e-09, 4.0202395520012302e-08, 1.6616796214188799e-13, 1.6606937668399232e-13             
   79,   23, 3.7840344538041102e-08, 5.1189141234846798e-08, 1.7096023160345590e-13, 1.6868363835096695e-13             
   79,   24, 5.7327309712562302e-08, 8.0550029193803695e-08, 1.8228524961292866e-13, 1.7688742732908561e-13             
   79,   25,-1.1271662379949200e-08, 1.0350310295575901e-07, 1.8506569512866100e-13, 1.8388582708779824e-13             
   79,   26, 9.3719959142806792e-09,-5.0851688258811801e-08, 1.9078830802151673e-13, 1.8997587106484253e-13             
   79,   27, 6.0734824058242797e-08, 1.5716795285051801e-08, 1.9951101447955085e-13, 1.9977953577964986e-13             
   79,   28,-6.8312459663451705e-08, 8.6445289676239600e-08, 2.0227502240837584e-13, 2.0166743696080221e-13             
   79,   29,-7.2290330985141802e-08,-7.1660782316340004e-08, 2.1517915342638403e-13, 2.1611536171631944e-13             
   79,   30,-3.6284076179097699e-08,-1.2020295939971301e-07, 2.1525127488153861e-13, 2.1408149966939939e-13             
   79,   31, 9.2237569344131097e-08,-1.5578688856064800e-08, 2.3045921619852097e-13, 2.2869348792557337e-13             
   79,   32, 2.3707507925838800e-08,-1.1733286212622201e-08, 2.2828283207747988e-13, 2.2823777494712383e-13             
   79,   33,-2.9568931774082601e-08, 7.2056553832446194e-08, 2.4266353499175005e-13, 2.4211844765313067e-13             
   79,   34,-2.4997455248389799e-08,-3.8694768664394997e-08, 2.4371378918476586e-13, 2.4446970294985228e-13             
   79,   35, 9.9164709996962098e-08,-2.4947087044595900e-08, 2.5608310033347165e-13, 2.5577817320663815e-13             
   79,   36, 1.9040838602393500e-08,-5.9800470515898007e-08, 2.5971175618135942e-13, 2.6189686119873805e-13             
   79,   37, 3.6154892891905703e-08, 9.6682530065673100e-09, 2.6986246227736566e-13, 2.7022562146707253e-13             
   79,   38, 6.4464026237176705e-08, 3.0135580291320297e-08, 2.7764667748146927e-13, 2.7774474868866801e-13             
   79,   39,-7.9769789126143595e-08,-7.5140632753203706e-08, 2.8553378275590978e-13, 2.8385231433971130e-13             
   79,   40,-6.2827527344969206e-08, 2.1906347960548298e-08, 2.9615429782217594e-13, 2.9599723019198846e-13             
   79,   41,-2.1656503679110300e-08, 9.4583354649799401e-08, 3.0031862066154178e-13, 3.0131225186550169e-13             
   79,   42,-2.3345257727226500e-08,-6.8438641092312605e-08, 3.1526946775583298e-13, 3.1463554222407448e-13             
   79,   43, 1.9411449522492901e-08, 1.8200884358136801e-08, 3.1761955619498427e-13, 3.1788990639353479e-13             
   79,   44, 2.5873637406547000e-08,-5.2745666857915899e-08, 3.3263022667202141e-13, 3.3322757151871800e-13             
   79,   45,-2.5172413453749499e-08,-2.0514097963827302e-08, 3.3640320132455051e-13, 3.3567385393896145e-13             
   79,   46,-1.3593968423751000e-08, 2.6260886355184601e-08, 3.5248903654791097e-13, 3.5230950452729410e-13             
   79,   47,-6.3318689058337604e-08, 4.9561884129144599e-08, 3.5656080923840707e-13, 3.5490893610781726e-13             
   79,   48, 7.8049395467891501e-08, 8.9908965248907494e-08, 3.7209909588497813e-13, 3.7255525751759604e-13             
   79,   49,-7.7652262051038894e-08, 1.7818457874684902e-08, 3.7724067558466857e-13, 3.7798559260955681e-13             
   79,   50, 2.1462245707033501e-08,-6.3604437883348600e-08, 3.9170087797863895e-13, 3.9114324138873200e-13             
   79,   51, 5.1885843885406099e-08,-1.1294915378065599e-08, 4.0297270897633398e-13, 4.0117636053726811e-13             
   79,   52, 6.2837916898147299e-09, 1.5155495223629199e-09, 4.1193132526586385e-13, 4.1072722732630862e-13             
   79,   53,-1.3231187743684601e-08, 4.7062123688818103e-08, 4.2907365047105547e-13, 4.2879201622720050e-13             
   79,   54, 4.1298978022062797e-08,-9.5341867043861495e-09, 4.3285133186266318e-13, 4.3266223313562295e-13             
   79,   55, 3.0026379771270402e-08, 7.0238258129936594e-08, 4.5717987442270296e-13, 4.5764437394472924e-13             
   79,   56, 2.4272787323967299e-08, 6.1727765212617303e-08, 4.5625276836925123e-13, 4.5624019606963546e-13             
   79,   57, 3.6364824826294898e-09, 3.2701254553970299e-08, 4.8597161037083430e-13, 4.8757662858127685e-13             
   79,   58, 4.3001116325595203e-08,-4.3852708246279900e-08, 4.8378300996999510e-13, 4.8425369372361130e-13             
   79,   59,-4.2413691437917598e-08,-5.1737937933170500e-08, 5.1515755934053115e-13, 5.1551023357214117e-13             
   79,   60, 1.5841558161921599e-08, 1.9424512129005001e-08, 5.1476662176512705e-13, 5.1396713071648258e-13             
   79,   61,-3.5897308907144499e-08, 1.0797162943539300e-08, 5.4024649659274092e-13, 5.4125940135229178e-13             
   79,   62, 3.0744111587168903e-08,-1.4117188528075499e-07, 5.5291434115218203e-13, 5.5414325899199676e-13             
   79,   63, 5.3719028439023299e-08,-5.8931330532781602e-09, 5.6455190273705920e-13, 5.6599361299582234e-13             
   79,   64,-7.4654054993935405e-08, 4.8783940207554600e-08, 6.0107907004955180e-13, 6.0305794380501113e-13             
   79,   65, 1.5476950110538900e-07, 2.8441464576104799e-08, 5.8893081995787652e-13, 5.8952265211215532e-13             
   79,   66,-1.7900090760010000e-08,-7.7521564640263395e-08, 6.6105245837275588e-13, 6.6125252827221814e-13             
   79,   67, 8.5904744717811796e-08, 2.0579577823045602e-09, 6.1767737314843097e-13, 6.1816465512139064e-13             
   79,   68, 4.3644585217570697e-08,-6.0389573352005995e-08, 7.2313921978763269e-13, 7.2268975525332035e-13             
   79,   69,-8.2489244635899506e-08,-1.3541240056388301e-07, 6.7071966185681245e-13, 6.7001717502855772e-13             
   79,   70, 9.6516488269744602e-08,-8.6088410046505498e-08, 7.7689919423716626e-13, 7.7747799596719794e-13             
   79,   71,-6.6258994494643103e-08,-6.8608104575155099e-08, 7.6654970524676536e-13, 7.6528512106129497e-13             
   79,   72, 4.0042515054344500e-08, 3.0137942921096598e-08, 8.1421354674873212e-13, 8.1390766693610599e-13             
   79,   73,-7.9307578700278403e-08, 1.1201361292976600e-08, 9.2173975075404089e-13, 9.2421042962344424e-13             
   79,   74,-1.3763275276464800e-08,-3.4593384607045598e-08, 8.4328246802915029e-13, 8.4572809883451997e-13             
   79,   75, 5.6060134207976503e-08, 2.7915934569583598e-08, 1.1225146189768891e-12, 1.1264744288892018e-12             
   79,   76, 6.3733831571399202e-09, 2.2093956196119701e-08, 9.7187224391382948e-13, 9.7749733118385110e-13             
   79,   77,-7.7225395784980394e-08,-3.3310222657339697e-08, 1.3148703255312444e-12, 1.3179920181376808e-12             
   79,   78,-2.3742761962331699e-09,-4.7819348484211597e-09, 1.4284561542015665e-12, 1.4245775485215473e-12             
   79,   79, 1.0280471344881500e-07, 3.4732994296683198e-08, 2.0665409581079702e-12, 2.0699112800016953e-12             
   80,    0, 2.4670344701487599e-09, 0.0000000000000000e+00, 1.0352905905262253e-13, 0.0000000000000000e+00             
   80,    1, 1.1845663597017001e-08, 2.1453453153055200e-08, 1.0456026991403342e-13, 1.0562319351604041e-13             
   80,    2, 8.4893199654287806e-08, 4.6857707625037898e-08, 1.0651269500613035e-13, 1.0270433198134520e-13             
   80,    3,-2.7354223578113601e-08, 9.7444600570034302e-08, 1.0681268865631266e-13, 1.0583339199304046e-13             
   80,    4,-1.6216261352819899e-08, 7.9053282513114405e-08, 1.0642045057668918e-13, 1.0511690183117994e-13             
   80,    5,-3.8377913006673101e-08, 2.3814664341139701e-08, 1.0396382874267274e-13, 1.0662724328129007e-13             
   80,    6, 3.0943257533743002e-08,-4.7367353357726703e-08, 1.0497623125812570e-13, 1.0604499634965330e-13             
   80,    7,-3.2352550072335099e-09, 1.6485583468545800e-08, 1.0792955357700471e-13, 1.0687879204496107e-13             
   80,    8, 1.5372059447064899e-08,-1.8214461681351398e-08, 1.0936375835792134e-13, 1.0764786898918820e-13             
   80,    9, 5.9931275514999805e-08, 5.5300930940167103e-08, 1.1065509351431859e-13, 1.1067031521275316e-13             
   80,   10,-6.3553632316630395e-08, 7.3539632925622805e-08, 1.1460424687571047e-13, 1.1309227910414693e-13             
   80,   11, 4.1046526749224999e-08, 2.4123645695909102e-08, 1.1385097353029256e-13, 1.1391208839810995e-13             
   80,   12, 1.6469443891183099e-08,-7.4970869783095305e-08, 1.2053865545981027e-13, 1.1898267836732171e-13             
   80,   13,-5.7614506249329599e-08, 5.7038368307255798e-08, 1.1901810802829183e-13, 1.1970415268457576e-13             
   80,   14, 6.1778502336484004e-08,-1.2441664317766401e-08, 1.3099605744493670e-13, 1.2995802175757948e-13             
   80,   15,-6.1326355997337296e-08, 6.7723735747209702e-09, 1.2422469569682418e-13, 1.2447952613777489e-13             
   80,   16, 2.8210542100659801e-08, 6.8631083886676496e-08, 1.3963950550142756e-13, 1.3986707176886738e-13             
   80,   17, 6.6167444471711003e-08,-6.4611726693228303e-09, 1.3323045740005188e-13, 1.3216502350664898e-13             
   80,   18,-5.2494036217944203e-08, 8.2793735460011906e-09, 1.5246205727035416e-13, 1.5235062536505379e-13             
   80,   19,-2.9615223378252901e-09,-1.6422881830445801e-08, 1.4154887564171421e-13, 1.4279182819431602e-13             
   80,   20,-1.1145548441641800e-08,-4.9891650232512498e-08, 1.6444513112725406e-13, 1.6520089925187199e-13             
   80,   21,-1.6046115054058500e-08, 5.4991702952339502e-08, 1.5394678009114382e-13, 1.5428798252376486e-13             
   80,   22, 2.1227512959424102e-09, 7.5400404054348794e-08, 1.7748890148842708e-13, 1.7662901648770819e-13             
   80,   23, 3.7947189849357298e-08,-1.7725503867167301e-08, 1.6902037049910131e-13, 1.6963786146009937e-13             
   80,   24, 8.5236442212222197e-08,-1.2654293867073700e-08, 1.9067643574204967e-13, 1.8837073341605811e-13             
   80,   25,-2.1838323712342698e-08,-7.8564657586984094e-08, 1.8425491084823644e-13, 1.8476315563508206e-13             
   80,   26, 1.0263529804920099e-08,-6.3282511024591495e-08, 1.9881398851479296e-13, 1.9927969391597614e-13             
   80,   27,-5.1594942590768603e-08, 6.1677921053162603e-08, 2.0112960939559755e-13, 1.9936997976793708e-13             
   80,   28,-2.3723327611770402e-08,-6.1844175018712805e-08, 2.0927328197704678e-13, 2.0852614164305129e-13             
   80,   29, 7.3756533692630504e-08, 8.0737153374069406e-09, 2.1568538674212563e-13, 2.1666974758542615e-13             
   80,   30, 5.1555400203365102e-08, 5.7281584332503203e-08, 2.1924741732706643e-13, 2.1917546117182742e-13             
   80,   31,-5.4510397158268603e-08, 4.7820751828106498e-08, 2.3278950256213684e-13, 2.3376526763841776e-13             
   80,   32, 5.0606974585427698e-08, 9.6044344271940795e-09, 2.3081280988086644e-13, 2.3077217823519489e-13             
   80,   33, 6.0989658748919502e-08,-9.2715662635588899e-09, 2.4993786150202514e-13, 2.5036003506884618e-13             
   80,   34, 2.6394356603334999e-08,-4.6976663577590502e-08, 2.4430915995481303e-13, 2.4402024934298776e-13             
   80,   35,-1.0606180799102400e-07, 3.0925507509734700e-08, 2.6727594934274561e-13, 2.6733313535268853e-13             
   80,   36,-2.3860419204179900e-08, 1.0646691774229999e-09, 2.5918822033737314e-13, 2.5985159132728599e-13             
   80,   37, 2.4653882763845500e-08, 2.3307308516109801e-08, 2.8526503959429395e-13, 2.8433619117961375e-13             
   80,   38,-6.3027373715396896e-08, 3.0581070812606699e-08, 2.7795701189670811e-13, 2.7692426633692279e-13             
   80,   39, 6.2848888320267101e-08, 1.3788971266335299e-07, 3.0502556002937143e-13, 3.0226817561923510e-13             
   80,   40,-4.5250266190542798e-08, 1.4977702917393701e-09, 2.9500407567972131e-13, 2.9443449397325027e-13             
   80,   41, 3.0973722557505599e-08,-6.1067289459159305e-08, 3.2441159613841262e-13, 3.2325931725479989e-13             
   80,   42, 4.7449647233079302e-08,-4.8949684651791497e-09, 3.1332272494905411e-13, 3.1345523617373815e-13             
   80,   43, 4.9863582444322503e-08,-1.8622866132949899e-08, 3.4472491276521299e-13, 3.4559236048314333e-13             
   80,   44,-9.5265700160388505e-08,-2.5382476513152000e-08, 3.3380124001585540e-13, 3.3461631176305011e-13             
   80,   45, 2.3449049628994599e-08, 6.0025931437315605e-08, 3.6698471370982905e-13, 3.6645527056533104e-13             
   80,   46, 9.2780873633927602e-08,-8.2644283730885900e-08, 3.5646977163938930e-13, 3.5510805840535422e-13             
   80,   47,-1.6154789818698001e-08, 5.5301357674742599e-08, 3.8919847115839701e-13, 3.8892535535399425e-13             
   80,   48, 8.3974850433495204e-08, 2.3378747560441900e-08, 3.7931483070953222e-13, 3.7902491025676352e-13             
   80,   49,-1.9593526961275200e-08,-3.7472160291365700e-08, 4.1193016395266323e-13, 4.1277098708532713e-13             
   80,   50, 7.4954760960177704e-08,-2.7982505321995301e-08, 4.0468244617519450e-13, 4.0468749008717728e-13             
   80,   51,-1.3805893742622901e-07, 2.2387598397176700e-08, 4.3563858982641436e-13, 4.3527183813585826e-13             
   80,   52, 9.2472571853481398e-08, 4.8956837159433098e-08, 4.3447262963020413e-13, 4.3273611659834688e-13             
   80,   53,-7.3187791787002696e-09,-1.5555381637451600e-07, 4.5862759310916036e-13, 4.5976218046074237e-13             
   80,   54, 7.8158059584707895e-08,-7.5167962978209203e-10, 4.6367738310582939e-13, 4.6368737058716906e-13             
   80,   55, 2.1172535025152098e-08, 6.6186731356282703e-08, 4.8289336302719233e-13, 4.8297012295938822e-13             
   80,   56,-1.1314296137196100e-08,-4.6287412064676698e-08, 4.9766369291137531e-13, 4.9771128052580866e-13             
   80,   57, 6.1902715664172702e-08,-2.2610406342987700e-08, 5.0726226400008325e-13, 5.0868164717535224e-13             
   80,   58, 1.6065622205006900e-08,-8.8716042922773504e-09, 5.3265160932584574e-13, 5.3454882532481360e-13             
   80,   59, 4.0548823736784199e-08, 8.0079334480653696e-08, 5.3703771650775883e-13, 5.3746053667734255e-13             
   80,   60, 1.3918636414891100e-07, 1.2889903553208600e-08, 5.7130670127982403e-13, 5.7102102416310346e-13             
   80,   61, 2.1084234804520801e-08,-4.3801931445590998e-08, 5.6774244299669813e-13, 5.6846539558873987e-13             
   80,   62, 9.5694710761441106e-08,-8.8130730259994404e-08, 6.0687799085116270e-13, 6.0578027786356390e-13             
   80,   63, 3.6375184048836101e-10, 1.0841052046315800e-07, 6.0647918272016085e-13, 6.0802919539026929e-13             
   80,   64,-1.0090583207506800e-08, 2.4554114095598001e-08, 6.4208457125151740e-13, 6.4229644919404595e-13             
   80,   65, 3.1573159155880203e-08, 3.4382806293753802e-09, 6.5588396281819715e-13, 6.5589415276117818e-13             
   80,   66,-7.9317240925915596e-08, 4.6099550031348998e-08, 6.7973133320476363e-13, 6.7926331228325734e-13             
   80,   67,-1.0675959152061400e-08,-1.6216303324562900e-08, 7.1449081084900736e-13, 7.1236304338122067e-13             
   80,   68,-6.3402122013722503e-09, 3.7454645645998402e-08, 7.2187449827859292e-13, 7.2307136858479768e-13             
   80,   69,-2.2502556263902998e-08, 9.0287776023266396e-08, 7.7549281465149058e-13, 7.7637858417101946e-13             
   80,   70, 6.4012428465441595e-08, 5.6603310899234397e-08, 7.8959853350012983e-13, 7.9005619727058761e-13             
   80,   71, 2.4775339588674899e-08, 7.7247929218941803e-08, 8.2897490597035980e-13, 8.2889047753360664e-13             
   80,   72, 4.2919717886072103e-08, 4.0729126065584101e-08, 9.0356048430432747e-13, 9.0271750792502518e-13             
   80,   73,-5.3101690952717197e-08, 1.3189125074367699e-08, 8.6297652875679740e-13, 8.6335599183499810e-13             
   80,   74, 1.0721550530525200e-07, 5.9944005304540494e-08, 1.0772210845835556e-12, 1.0817490686495157e-12             
   80,   75,-3.3278663713286701e-08, 1.1360478510976299e-07, 8.8875338741525121e-13, 8.9177572082364346e-13             
   80,   76,-2.5376550743159201e-08,-2.4723768091189700e-08, 1.3048345480934242e-12, 1.3091182095620582e-12             
   80,   77, 7.8741816559852993e-09,-7.5514789372933506e-08, 1.0106819956953251e-12, 1.0113043365004912e-12             
   80,   78, 4.6714266462860998e-08, 3.1512733075000999e-08, 1.5561899652832942e-12, 1.5545051737547727e-12             
   80,   79, 4.4518913309182297e-08,-3.6324561757056700e-09, 1.4525156349041995e-12, 1.4527582568511135e-12             
   80,   80,-1.1055023605842000e-07, 3.8637286152332697e-08, 2.4211739992336214e-12, 2.4119577710803244e-12             
   81,    0, 3.2993587895163101e-08, 0.0000000000000000e+00, 1.0599692124927690e-13, 0.0000000000000000e+00             
   81,    1, 1.0391154318516699e-07,-9.5772928439688096e-09, 1.0420827793118394e-13, 1.0621363415791867e-13             
   81,    2, 3.9847653356239299e-08, 2.8625816782713301e-08, 1.0742998967551656e-13, 1.0687477713436263e-13             
   81,    3,-7.6943844246827893e-09,-6.6651073816875695e-08, 1.0551405039146853e-13, 1.0656558537581710e-13             
   81,    4,-1.0071132018610700e-07, 5.8539093300121401e-08, 1.0779999378648075e-13, 1.0823352747935721e-13             
   81,    5,-6.9385438947733197e-08,-6.4678819849862004e-09, 1.0797028009956830e-13, 1.0730136945599703e-13             
   81,    6, 5.7654308210634403e-08, 2.4084205092225601e-08, 1.0717129988753325e-13, 1.1098147458155781e-13             
   81,    7,-6.6495640793171306e-08,-7.0669766561071999e-08, 1.1054117014563152e-13, 1.1029764353986415e-13             
   81,    8, 5.8093578984480602e-08, 7.5034371247118399e-08, 1.0860746189403485e-13, 1.1146646315832525e-13             
   81,    9,-2.8386062080998101e-08, 5.0450147310091498e-08, 1.1577088544835909e-13, 1.1059369082114096e-13             
   81,   10,-1.2481078945208800e-08, 9.2509289529798397e-08, 1.1346874895224506e-13, 1.1168250677449687e-13             
   81,   11, 4.3953073058925498e-08, 1.5061301415992000e-08, 1.1491198297217829e-13, 1.1616891201184810e-13             
   81,   12,-5.1793527324524903e-08,-2.6189115824212798e-08, 1.1742512760364519e-13, 1.1755246689521454e-13             
   81,   13, 1.9459442239159601e-08,-8.4967522095588406e-08, 1.1960709960725731e-13, 1.2070164119746499e-13             
   81,   14, 3.5065169488531097e-08, 3.4863938785763600e-08, 1.2720525184483792e-13, 1.2334493094105345e-13             
   81,   15,-1.6347972677595199e-08,-4.3314412344771697e-08, 1.3084002230301764e-13, 1.2775876031147202e-13             
   81,   16, 8.5461737943850296e-08, 1.4134200651269501e-07, 1.3212893648437930e-13, 1.3379152169070725e-13             
   81,   17,-8.8119165781872701e-08, 3.0684347160124300e-08, 1.3319082014480188e-13, 1.3846709672046925e-13             
   81,   18, 4.9498958922946103e-08,-1.1084896439573300e-07, 1.4246319795617015e-13, 1.4607002248895382e-13             
   81,   19,-7.4639332250428994e-08,-4.2718675049542897e-08, 1.4191903106635079e-13, 1.4565795148382029e-13             
   81,   20, 4.1361419406027897e-08, 9.6600041617511207e-08, 1.5501130694838208e-13, 1.5369280479890428e-13             
   81,   21, 9.4885555927342597e-08,-7.0950282317871296e-08, 1.5432321618203544e-13, 1.5460062750578463e-13             
   81,   22,-4.0639548703250402e-08,-4.6125090843819198e-08, 1.6570092345083354e-13, 1.6688684471041905e-13             
   81,   23, 5.9300280393839197e-08,-1.4723904491137399e-08, 1.6729355541598020e-13, 1.6705704545851988e-13             
   81,   24,-6.9230709947726394e-08,-6.4120371004988098e-09, 1.7958699195158707e-13, 1.7619078398096787e-13             
   81,   25,-7.2833148174386702e-08, 1.4094808283477199e-07, 1.8169174439943475e-13, 1.8144068402490098e-13             
   81,   26, 2.0228339112505698e-08,-2.6952374477033702e-08, 1.9185635968047675e-13, 1.8951399202894292e-13             
   81,   27,-3.3494130299479097e-08, 5.0431758240987703e-08, 1.9643544141173844e-13, 1.9668348751245693e-13             
   81,   28, 3.9499291176902697e-08, 3.6687549380556302e-08, 2.0000488393063096e-13, 1.9971166801735072e-13             
   81,   29,-2.5039562291098098e-09, 6.7809122950587099e-09, 2.1079058656594930e-13, 2.1122600131541492e-13             
   81,   30, 2.1170657516200000e-09,-4.7089429749536001e-08, 2.1221201534472500e-13, 2.1159099504915622e-13             
   81,   31, 4.6664414132356402e-08,-1.6689706764909601e-08, 2.2541232628291035e-13, 2.2501593077146340e-13             
   81,   32,-3.6460991166535402e-09, 2.2874670898976901e-08, 2.2485353999720611e-13, 2.2453086819731468e-13             
   81,   33,-6.0452654506870598e-08,-4.4442561919670197e-08, 2.3877844353021747e-13, 2.3802985935410139e-13             
   81,   34, 4.2337029264266203e-08, 3.3641902711674197e-08, 2.3920671954848205e-13, 2.4069695598569154e-13             
   81,   35,-9.2798870831483594e-08, 8.2339521098467201e-08, 2.5096406133030274e-13, 2.5171509227903867e-13             
   81,   36, 2.8648695870890099e-08,-2.1189062001456700e-08, 2.5595531394225879e-13, 2.5672485021015675e-13             
   81,   37,-2.1740320775774601e-08, 2.7092220561562501e-08, 2.6393408220863569e-13, 2.6428242559477961e-13             
   81,   38,-3.2581734286190901e-09, 2.6439239340793601e-08, 2.7162478242272182e-13, 2.7218623486050420e-13             
   81,   39,-3.0724389495910797e-08,-3.6717154537184199e-08, 2.7879080066449843e-13, 2.7831218956045748e-13             
   81,   40,-6.5102673555016700e-08,-2.5999679073061599e-08, 2.8982470065972481e-13, 2.8872542673056343e-13             
   81,   41, 8.8701322817482004e-08,-4.0983935893882698e-08, 2.9357984292674684e-13, 2.9462952054289257e-13             
   81,   42,-6.6352041575136206e-08,-5.5782660450881602e-08, 3.0744002810449498e-13, 3.0737237519022901e-13             
   81,   43,-6.2874410966412106e-08, 5.6015968330126002e-08, 3.0932039067046541e-13, 3.0990634935649246e-13             
   81,   44, 1.0236312335232900e-07, 8.1533874061142703e-08, 3.2606583455547952e-13, 3.2669978909374580e-13             
   81,   45,-1.8018467356786000e-08, 5.4323783659336102e-08, 3.2708062731642188e-13, 3.2654074033605205e-13             
   81,   46,-6.1571344864481104e-08,-3.2696994710119200e-08, 3.4433184265055288e-13, 3.4365333945495334e-13             
   81,   47, 5.0214512978704904e-09, 4.7467310440922402e-08, 3.4606236208163002e-13, 3.4496672102296981e-13             
   81,   48,-2.1198080813220201e-08,-1.3719466597162200e-08, 3.6348502438180200e-13, 3.6325107509429703e-13             
   81,   49, 1.5596800872909301e-10,-4.3699258302540101e-08, 3.6487035579354957e-13, 3.6527197888352518e-13             
   81,   50, 6.9676625632964903e-08, 9.3463351611324004e-08, 3.8296211078229228e-13, 3.8245720972231344e-13             
   81,   51, 4.0358301756600398e-08, 1.0180204451330000e-07, 3.8853524450550616e-13, 3.8717800693408057e-13             
   81,   52, 7.2992122833255402e-08,-3.9166683691779697e-09, 4.0367487493764957e-13, 4.0147662951525311e-13             
   81,   53,-7.2250829661711699e-08, 4.9524696576946100e-08, 4.1315704258420948e-13, 4.1271841365981872e-13             
   81,   54, 1.3061821913450700e-08, 1.6404350139959999e-07, 4.2218490131210629e-13, 4.2247277752033461e-13             
   81,   55,-9.2780346836499496e-09, 2.9347307464626099e-08, 4.3992116934265328e-13, 4.3970609690531328e-13             
   81,   56,-1.7689240931209501e-08,-7.2573627486187802e-08, 4.4303759108990647e-13, 4.4338218012958757e-13             
   81,   57,-2.5760375128684300e-08, 1.6847726848227600e-08, 4.6748221596631763e-13, 4.6892418314427316e-13             
   81,   58,-9.9307379995245901e-09, 2.1433906840432200e-08, 4.6623029883875322e-13, 4.6696219827390188e-13             
   81,   59,-4.2517300280410197e-08,-1.6703812588965700e-08, 4.9764007315900800e-13, 4.9788645546867398e-13             
   81,   60,-1.0087167901146000e-07,-2.7595687758613602e-10, 4.9384684331223804e-13, 4.9329688635144452e-13             
   81,   61,-3.2665415522642097e-08,-2.3162632218522800e-08, 5.2569418265705376e-13, 5.2715868414759449e-13             
   81,   62,-2.7892202191892999e-08, 3.1360687152366399e-08, 5.2287085397576602e-13, 5.2415437929940265e-13             
   81,   63,-7.3155009083639794e-08, 5.3159509441705302e-08, 5.5081290756133685e-13, 5.5293905930413997e-13             
   81,   64,-7.4622161239858905e-08,-7.1587296533813695e-08, 5.6227565496620238e-13, 5.6383730495685923e-13             
   81,   65,-3.1568990326098202e-08,-8.6221384303263807e-08, 5.7603623842281780e-13, 5.7692023930256960e-13             
   81,   66, 4.7515423908069001e-08, 3.7597259305577203e-08, 6.1227953781127884e-13, 6.1177850566568494e-13             
   81,   67, 4.5736606591744597e-08, 3.0329984779717700e-08, 5.9952393807959027e-13, 6.0031746928707646e-13             
   81,   68,-3.2145369276190600e-08, 2.5363713973572998e-08, 6.7215120295592356e-13, 6.7219988704219768e-13             
   81,   69,-7.4522745664552100e-08, 5.0422875928060798e-08, 6.2841022780129003e-13, 6.2803659779534382e-13             
   81,   70, 4.0447970899118303e-08,-5.7433982816895599e-08, 7.3504468059750630e-13, 7.3521632305749181e-13             
   81,   71,-2.6678911187986901e-08, 4.9507304140876403e-09, 6.8111353111424346e-13, 6.7983662199956028e-13             
   81,   72,-4.1665715854877302e-08,-1.6141450294691201e-09, 7.8961548232253432e-13, 7.8922926002118117e-13             
   81,   73,-5.5343992236304199e-08, 6.2020350920165601e-14, 7.7740143853147254e-13, 7.7949560777718246e-13             
   81,   74,-2.5805167647420401e-08,-2.3597102084903901e-08, 8.2319403251032281e-13, 8.2602499832921573e-13             
   81,   75, 7.6720120792228599e-10,-4.8808781387451101e-09, 9.3772764077950106e-13, 9.4153212599438029e-13             
   81,   76, 2.9411027269021700e-08,-6.1480307827964496e-08, 8.4882533106033821e-13, 8.5343605688628434e-13             
   81,   77,-6.2459728355792001e-09, 7.9156897915712704e-08, 1.1440677224525070e-12, 1.1454976520220250e-12             
   81,   78,-5.8264157009459199e-08, 6.6427872429527797e-09, 9.8340033449626730e-13, 9.8089815111790989e-13             
   81,   79, 2.2625220758543299e-08,-6.3379098421172495e-08, 1.3317560159040596e-12, 1.3351517303377923e-12             
   81,   80,-1.7428656055178499e-08,-4.8831489697990601e-08, 1.4494501036814149e-12, 1.4503629323013944e-12             
   81,   81,-2.1869950820408399e-08, 4.4512145723804402e-08, 2.0826352573553261e-12, 2.0817513732999605e-12             
   82,    0, 3.3205800488902099e-08, 0.0000000000000000e+00, 1.0693822019954056e-13, 0.0000000000000000e+00             
   82,    1,-3.5585735617364698e-08,-5.3928861175362604e-09, 1.0624070341207712e-13, 1.0630557351312601e-13             
   82,    2,-2.7382847397935700e-08, 1.0105339808788199e-08, 1.0930535386748046e-13, 1.1467772844363086e-13             
   82,    3,-1.5271840365551799e-07, 1.0837360844850399e-07, 1.0564377032129535e-13, 1.0983041629330594e-13             
   82,    4,-5.3026911902247402e-08,-3.8856100880672000e-08, 1.1244462601829178e-13, 1.0928109499897374e-13             
   82,    5, 4.3844928690493897e-08, 3.5275255331096499e-08, 1.1001909759768402e-13, 1.0870036970250141e-13             
   82,    6, 8.1338554075895100e-08,-5.7489701334026398e-08, 1.0704086098827492e-13, 1.1122462457479599e-13             
   82,    7, 6.8264693352029494e-08,-3.1772410407620701e-09, 1.1050838047257787e-13, 1.1580671574613830e-13             
   82,    8, 9.2862439859041101e-08, 1.0440222648746800e-07, 1.1038350854199085e-13, 1.0984420745734140e-13             
   82,    9,-4.6052293433683098e-08,-4.4557968723008303e-08, 1.1522464407280879e-13, 1.1352673184396928e-13             
   82,   10,-3.3081581897981798e-09, 1.5939746381739599e-08, 1.1556838552562346e-13, 1.1537065658953110e-13             
   82,   11,-4.0807600420583201e-08,-2.3774538333514999e-08, 1.1876442470997681e-13, 1.1682332327248143e-13             
   82,   12,-8.0495967451784406e-08,-1.0617964459837800e-07, 1.2131029017892761e-13, 1.2171660342629553e-13             
   82,   13, 3.5145228959307702e-08, 1.0366118786707100e-07, 1.1956621225543908e-13, 1.2530633628123846e-13             
   82,   14,-6.6228477548225703e-08, 9.2603080424464500e-08, 1.3329441483103574e-13, 1.2993727235517291e-13             
   82,   15,-1.2141535665901900e-07, 3.3264469203644501e-08, 1.2871027635488377e-13, 1.2663241848710651e-13             
   82,   16, 9.9856384264226797e-09, 4.3305342309344399e-08, 1.4164602117962010e-13, 1.4088831058907779e-13             
   82,   17, 1.7407787730808600e-08,-1.2039221258635200e-07, 1.3449179694086475e-13, 1.3350807343610378e-13             
   82,   18,-2.2905222808859399e-08, 4.9301435616740897e-08, 1.5175479311698380e-13, 1.5378793204254933e-13             
   82,   19, 2.3929325614970699e-08, 9.7910539674040805e-08, 1.4272250502475808e-13, 1.4382959863513417e-13             
   82,   20, 1.0588654852649500e-07,-1.7016181877732399e-08, 1.6605211276734707e-13, 1.6510829661704619e-13             
   82,   21,-8.6914888408108506e-08, 1.5010522133957901e-08, 1.5579962377588219e-13, 1.5400120704715885e-13             
   82,   22,-6.3067627360392696e-08, 1.0339669322224500e-07, 1.7649119696973480e-13, 1.7572289084673404e-13             
   82,   23, 6.7802523650537204e-08,-1.9167636749398698e-08, 1.7207097430539116e-13, 1.6660743191598429e-13             
   82,   24,-2.0625097993842299e-09, 9.9785463483346595e-08, 1.8779844169443167e-13, 1.8690691333341256e-13             
   82,   25, 1.4173027611720001e-08,-3.3666181266480000e-08, 1.8258393756146248e-13, 1.8149936506874789e-13             
   82,   26,-5.7999603804841401e-08,-6.0584930249806199e-10, 1.9772303096940697e-13, 1.9731766500883786e-13             
   82,   27, 6.6311239741446304e-08,-1.6079426663112800e-08, 1.9703307831836713e-13, 1.9704022909645223e-13             
   82,   28, 1.9673527204973499e-08,-5.2115975087418403e-08, 2.0710834592710743e-13, 2.0638666696585832e-13             
   82,   29,-3.1611584758786400e-08,-5.5539957345321601e-09, 2.1220768081928183e-13, 2.1286324576210752e-13             
   82,   30,-1.0518186510929000e-09, 6.0594643021434403e-08, 2.1697583582101614e-13, 2.1746928528927239e-13             
   82,   31,-1.1735837775856100e-08, 5.6504538149773202e-09, 2.2877418618235736e-13, 2.2898005622474366e-13             
   82,   32,-3.1719746334654201e-08,-3.7260583310641202e-08, 2.2769388914525036e-13, 2.2793547059979178e-13             
   82,   33, 4.8101958083846497e-08,-2.0311247802243700e-08, 2.4521265481846054e-13, 2.4458946359176079e-13             
   82,   34, 1.4022336541095001e-08, 3.0632080721642503e-08, 2.4113925120934229e-13, 2.4116373761251670e-13             
   82,   35, 3.5433369592249300e-08,-7.9956939882531697e-08, 2.6122247483953629e-13, 2.6229667505102842e-13             
   82,   36, 4.8463768686021303e-08,-1.1145269670467700e-08, 2.5533293301339686e-13, 2.5554347076060230e-13             
   82,   37,-4.3708330881495597e-08,-3.2622733325764502e-08, 2.7969108195428998e-13, 2.7858018761936752e-13             
   82,   38,-3.3312822842112002e-08, 7.7419699237111400e-09, 2.7107955411336041e-13, 2.7069741868805644e-13             
   82,   39, 7.4044991159102598e-08,-3.1156921118563200e-09, 2.9842606543269098e-13, 2.9534659054486859e-13             
   82,   40,-5.3945169139789198e-08,-3.0547451320364898e-08, 2.8840918382459851e-13, 2.8795654344655729e-13             
   82,   41, 3.7587151396089801e-08,-2.5657053139656400e-08, 3.1609466723914521e-13, 3.1558686420820978e-13             
   82,   42,-4.5786377150967498e-08, 2.2369053681906399e-08, 3.0607105526297792e-13, 3.0566799625824108e-13             
   82,   43, 8.4650009266853597e-09,-1.0346480400899700e-07, 3.3654845518101565e-13, 3.3712758245217946e-13             
   82,   44,-1.7563335605055802e-08, 5.6015504708320301e-09, 3.2470373272291489e-13, 3.2460633575762484e-13             
   82,   45,-5.0355051058709398e-08,-6.3816382606063598e-09, 3.5810491413893032e-13, 3.5798652717621812e-13             
   82,   46, 7.1332410645709903e-08, 4.5914098323810003e-09, 3.4554785404319754e-13, 3.4466852910634533e-13             
   82,   47, 6.6359024414794496e-08,-4.2955271657058003e-08, 3.7996732789544473e-13, 3.7900009816109637e-13             
   82,   48,-1.6975849363242100e-08,-8.0725236669451007e-08, 3.6641748588101431e-13, 3.6618417508876131e-13             
   82,   49, 2.9788161654185501e-09, 6.2595009925694494e-08, 4.0123265223480540e-13, 4.0214016135054361e-13             
   82,   50,-7.3416604469095496e-08, 1.2801738260164301e-08, 3.9014236844725431e-13, 3.8991475477514552e-13             
   82,   51,-2.4765531357831200e-08,-2.3271136180729300e-08, 4.2515700832578043e-13, 4.2453576768829940e-13             
   82,   52,-3.8743641047341599e-08,-6.2629885283564203e-08, 4.1623417749602156e-13, 4.1484162212451916e-13             
   82,   53, 1.4162427707467100e-08, 1.1876371069964399e-08, 4.4746500125080508e-13, 4.4741732169535150e-13             
   82,   54,-2.0460351954522300e-08,-1.0077454385797700e-08, 4.4428171032871479e-13, 4.4455568158178516e-13             
   82,   55, 1.0369788882345301e-08, 1.9267921718102700e-08, 4.7049210323261461e-13, 4.7058589996230419e-13             
   82,   56, 1.1704801195691901e-09,-4.9061107811904899e-08, 4.7529824900265788e-13, 4.7517621331379430e-13             
   82,   57, 3.5010399852393897e-08, 2.3770541659306601e-08, 4.9353312388988071e-13, 4.9473070448665183e-13             
   82,   58, 5.1387542724507001e-08,-5.4684450159584501e-08, 5.0919901607735100e-13, 5.1057326779872269e-13             
   82,   59,-2.4944869644047100e-08, 8.8001775888545596e-08, 5.1836479981886054e-13, 5.1874373206087510e-13             
   82,   60, 5.7953310054132303e-08, 7.4077553639612700e-09, 5.4603354682089063e-13, 5.4597367285515677e-13             
   82,   61,-1.4477466501700800e-08,-2.6387992903084501e-08, 5.4639644389360019e-13, 5.4634776610088120e-13             
   82,   62, 3.2561700632194198e-08,-1.0713209576592100e-07, 5.8460294074246837e-13, 5.8334193259905526e-13             
   82,   63,-4.0486639440862297e-08,-1.5769073409388600e-08, 5.7545595321026982e-13, 5.7680794520391398e-13             
   82,   64, 6.3093759234988494e-08, 2.2430952130723699e-09, 6.1885307384882802e-13, 6.1900898137752235e-13             
   82,   65, 6.6311795893778197e-08, 1.5776141143634600e-08, 6.1560594937244822e-13, 6.1556196998461531e-13             
   82,   66,-2.7646588539947800e-08,-3.3414416388039403e-08, 6.5473989814279912e-13, 6.5424596236127878e-13             
   82,   67,-4.1280841212629400e-08,-7.9890993298485095e-09, 6.6560444326122194e-13, 6.6374426426839370e-13             
   82,   68,-5.3384655752658400e-08,-2.3909632798357900e-08, 6.9007590271810164e-13, 6.9146480260102047e-13             
   82,   69, 3.3535304830457902e-08,-5.3012721446874102e-08, 7.2295899718188149e-13, 7.2348652120916160e-13             
   82,   70, 7.3311463523402601e-09, 6.3119654561162904e-09, 7.3219218776986948e-13, 7.3271371360126874e-13             
   82,   71, 4.8738805579756298e-08,-2.4964166556684698e-08, 7.8685002235966103e-13, 7.8656222124907348e-13             
   82,   72, 3.5321440705497299e-08, 6.6375465670201495e-08, 7.9968543322028049e-13, 7.9843665132195888e-13             
   82,   73, 7.1695391782965999e-09, 3.4863049105585699e-08, 8.3899932455660461e-13, 8.4030883920923627e-13             
   82,   74, 8.3034730536653197e-08, 7.1451190762149802e-09, 9.1181857854205689e-13, 9.1545544410190761e-13             
   82,   75,-4.3001730380061000e-08,-6.9156489854903605e-08, 8.7042136223810709e-13, 8.7385952156032008e-13             
   82,   76,-2.6172279856312300e-08, 3.5123525957478402e-08, 1.0910014825759161e-12, 1.0941911566191476e-12             
   82,   77,-2.2552244615533698e-08,-2.8660635909932301e-08, 8.9560807004244543e-13, 8.9575626491471699e-13             
   82,   78, 1.7415499087159202e-08, 1.2676030817586299e-09, 1.3227169223644411e-12, 1.3214650887932062e-12             
   82,   79, 4.5892808687864701e-08, 8.5835899981568705e-08, 1.0172278246311765e-12, 1.0178279963545264e-12             
   82,   80,-5.2936726034497400e-08, 9.0949393272182906e-08, 1.5679774273299922e-12, 1.5618151853692657e-12             
   82,   81, 3.8759490603807298e-08,-8.3785047487301804e-09, 1.4763428103440535e-12, 1.4745816479641998e-12             
   82,   82, 6.1042096122302196e-09,-4.4550925041866700e-08, 2.4204549683462317e-12, 2.4160834253282327e-12             
   83,    0, 6.1341581724938496e-09, 0.0000000000000000e+00, 1.0858788793250594e-13, 0.0000000000000000e+00             
   83,    1,-1.0077069384421800e-07,-1.2013195918971699e-09, 1.0872226103960041e-13, 1.1232833147808146e-13             
   83,    2,-1.2946314107484699e-07,-1.4024547145406499e-08, 1.0937113118677202e-13, 1.0877283908746896e-13             
   83,    3, 2.9662335421157899e-08, 1.8201796825059100e-08, 1.0703693294684277e-13, 1.1640328237391774e-13             
   83,    4,-5.9802602653776195e-08, 1.7980537394831900e-08, 1.0888330462366943e-13, 1.1188941757880222e-13             
   83,    5, 1.0586905862596700e-07,-1.0291280061219501e-08, 1.0886819785278514e-13, 1.1058746237669952e-13             
   83,    6, 5.5805821336631503e-08,-1.2939160127344800e-08, 1.1098288311231855e-13, 1.1108686184075301e-13             
   83,    7,-5.0028006158733503e-08, 1.9372854045304402e-08, 1.1145267961708024e-13, 1.1036095462760629e-13             
   83,    8,-4.9600571377513202e-08, 1.2246395644708999e-08, 1.1274547419913643e-13, 1.1443846531819875e-13             
   83,    9,-5.8531809944804597e-08,-5.7856191119840501e-08, 1.1453385419937587e-13, 1.1302454803578538e-13             
   83,   10, 9.0246899270615100e-09, 7.5023816891673600e-08, 1.1437413840683033e-13, 1.1444381482876803e-13             
   83,   11, 2.6369620859464101e-08, 2.2413981187508000e-08, 1.1877478678817811e-13, 1.1716916820165513e-13             
   83,   12,-4.9022707711611000e-09, 2.6171106845057799e-08, 1.1896778043406446e-13, 1.1817822667999526e-13             
   83,   13, 1.1006840950408100e-08,-3.0032499224786501e-08, 1.2096874939798629e-13, 1.2174764544977875e-13             
   83,   14,-1.0097562940538699e-08,-3.2537867290265701e-08, 1.2790320370700246e-13, 1.2724476850712840e-13             
   83,   15, 1.1090139043473400e-07,-9.4353556002999903e-08, 1.2746463049420261e-13, 1.2743710461170249e-13             
   83,   16,-4.5912318842860698e-08, 1.9834308155436501e-08, 1.3585602308878586e-13, 1.3787495613993369e-13             
   83,   17, 7.3627332993905894e-08,-4.1568443959429803e-08, 1.3422999040996307e-13, 1.3331291786478592e-13             
   83,   18, 1.4183154166274299e-08, 1.8109077061825099e-08, 1.4321384762396850e-13, 1.4326680507898819e-13             
   83,   19,-3.4507149572870998e-08, 2.0211552355895301e-08, 1.4258437410010028e-13, 1.4298446165184194e-13             
   83,   20, 8.7490064355179293e-09,-3.2501123116140500e-09, 1.5284141221463063e-13, 1.5701074699477560e-13             
   83,   21,-9.7063294227793995e-08,-2.7084375534826400e-08, 1.5356815018415188e-13, 1.5411998359531204e-13             
   83,   22, 8.8035628153388206e-09, 6.1703077703654405e-08, 1.6602669668934557e-13, 1.6374242254526717e-13             
   83,   23, 8.1778601940995294e-08, 1.8462270461073200e-08, 1.6661043708965267e-13, 1.6565448344574048e-13             
   83,   24,-6.2386466374105703e-08,-4.8318972053519097e-08, 1.7704648503050091e-13, 1.7592144056804030e-13             
   83,   25, 1.7256847811125002e-08, 3.9932247689084999e-08, 1.7982930394019831e-13, 1.7883012362230651e-13             
   83,   26, 1.0119857338184900e-07, 9.4169700959838094e-09, 1.8843163421860982e-13, 1.8697629610009707e-13             
   83,   27,-4.0549517950325899e-08, 2.7615370945239299e-08, 1.9354595970686947e-13, 1.9554715500558238e-13             
   83,   28, 2.7342464455182099e-08,-3.0442688821408602e-08, 1.9887703440512377e-13, 1.9813353265857850e-13             
   83,   29, 6.6854098730768302e-09,-2.6742503208312902e-10, 2.0797959503360746e-13, 2.0805240092344348e-13             
   83,   30,-5.8427975552329500e-08,-2.3741798429897401e-08, 2.1083386815823803e-13, 2.0958794437583508e-13             
   83,   31,-3.1714243586238699e-08,-7.0598867269831705e-08, 2.2221557846092503e-13, 2.2228215287224813e-13             
   83,   32,-3.8293552838472099e-08, 9.5941062125809193e-08, 2.2240220118105213e-13, 2.2225420334559387e-13             
   83,   33, 8.2594844240825499e-09, 2.4304927446651701e-08, 2.3555699210424540e-13, 2.3464370405985719e-13             
   83,   34, 3.1989339745687700e-08, 4.4788610445577896e-09, 2.3611829193903793e-13, 2.3550825477228099e-13             
   83,   35,-5.2140049415656598e-08, 6.1138979125614105e-08, 2.4693410602334018e-13, 2.4823189291013993e-13             
   83,   36, 9.3546352669635094e-08,-4.5000483811835000e-08, 2.5150530703508823e-13, 2.5087698521082705e-13             
   83,   37,-1.1742651194891899e-08, 6.8744802952738101e-08, 2.6013856670428871e-13, 2.6076401249145257e-13             
   83,   38, 3.1040113269611300e-08,-2.8477834274307999e-08, 2.6728514647885676e-13, 2.6704485338895585e-13             
   83,   39, 1.3839616354344900e-08, 3.9630420640650603e-08, 2.7343918369935942e-13, 2.7242658692531216e-13             
   83,   40, 7.5470312684899998e-10, 1.4779403796369700e-08, 2.8352739095592653e-13, 2.8299756109423054e-13             
   83,   41,-2.6337631298112701e-10,-5.7660168117072904e-09, 2.8684420880954084e-13, 2.8772496774095168e-13             
   83,   42,-2.1009554814381800e-08, 1.0319970790578399e-08, 3.0066343095409776e-13, 3.0065481307790414e-13             
   83,   43, 9.0804633436058904e-08, 6.8381425851988502e-08, 3.0231322678679595e-13, 3.0362275085399330e-13             
   83,   44,-2.1967139327022300e-08,-3.7754301718192898e-08, 3.1922317834547548e-13, 3.1924385660903740e-13             
   83,   45, 5.2495475523741403e-09, 5.2031660087033002e-08, 3.1899887089196790e-13, 3.1895605866937716e-13             
   83,   46,-4.5195176065458903e-08, 3.7732223598414998e-08, 3.3732858330506710e-13, 3.3676114997482095e-13             
   83,   47,-1.8066135277683802e-08,-5.6116194204778897e-08, 3.3776924103312084e-13, 3.3549679775394120e-13             
   83,   48, 8.9022244273086095e-08, 1.1461710020349100e-07, 3.5532464258726411e-13, 3.5489342002817698e-13             
   83,   49, 2.4205803578709101e-08,-1.2779103092160099e-08, 3.5471258815577281e-13, 3.5571487277856511e-13             
   83,   50, 4.2959964872509300e-08,-5.6961479744400400e-08, 3.7497156482564688e-13, 3.7452852384097363e-13             
   83,   51, 4.1951044401215503e-08,-2.0393243006821700e-08, 3.7541409696311211e-13, 3.7412797509220800e-13             
   83,   52, 3.3070323462657599e-08,-2.7140912735386299e-08, 3.9434870356952606e-13, 3.9296660923234845e-13             
   83,   53,-1.0869666353357699e-08, 3.2660041812119300e-08, 3.9793887374974965e-13, 3.9750562204602458e-13             
   83,   54,-2.0078527256021798e-08, 1.9560552494302900e-08, 4.1352695077491633e-13, 4.1346470167576924e-13             
   83,   55, 4.9907069876318103e-08, 2.4598906933509301e-08, 4.2289318933605172e-13, 4.2322852727443090e-13             
   83,   56,-1.3014268767402800e-09, 5.7348116422350398e-09, 4.3314359108618708e-13, 4.3364376094820307e-13             
   83,   57, 4.1732436312556699e-08, 3.0321961548862198e-08, 4.4967555405070514e-13, 4.5132569073763267e-13             
   83,   58, 2.1769329861004200e-08, 2.4750547995308701e-08, 4.5408562678399082e-13, 4.5449217605505505e-13             
   83,   59, 1.6177338281115999e-08,-8.6707316117668406e-08, 4.7904992990311381e-13, 4.7914420964056741e-13             
   83,   60,-1.4512814670376600e-08,-2.4227275690478499e-08, 4.7815567310679348e-13, 4.7699700698719228e-13             
   83,   61, 3.0318584456676200e-08,-1.2911167752108701e-07, 5.0838631728970594e-13, 5.0962903916225304e-13             
   83,   62, 1.3845052372120101e-07, 5.4498192103493699e-08, 5.0282289511949689e-13, 5.0396854063375778e-13             
   83,   63,-2.9369213023851500e-08, 6.0391187982075600e-08, 5.3667084132944916e-13, 5.3909509675611671e-13             
   83,   64, 2.6704442955234101e-08,-1.4179305690688700e-08, 5.3204503803197912e-13, 5.3364559911258589e-13             
   83,   65,-5.2823798591213299e-08,-4.4805974054214902e-08, 5.6316703107178965e-13, 5.6399502987285059e-13             
   83,   66,-1.9062019178246401e-09, 9.8740545416544305e-09, 5.7276744823548747e-13, 5.7262709936153824e-13             
   83,   67, 9.3090749634913893e-09,-2.9939199077291897e-08, 5.8785036521204096e-13, 5.8853133580026964e-13             
   83,   68,-4.1282888277405599e-09, 1.2058602228999900e-08, 6.2224166335151543e-13, 6.2268016159751023e-13             
   83,   69,-6.7668739446990405e-08, 3.0101360845921900e-08, 6.1163870687317009e-13, 6.1110578281236999e-13             
   83,   70,-2.1569535259360299e-08, 4.2744557519661203e-08, 6.8380057757054696e-13, 6.8375613357521914e-13             
   83,   71, 5.4001508219960399e-09,-1.6099875037552800e-08, 6.3961528566054213e-13, 6.3862912043864981e-13             
   83,   72,-1.0387767569142400e-08,-4.6696459373023398e-08, 7.4812906967134241e-13, 7.4740193217577619e-13             
   83,   73,-6.5931445711414904e-09,-7.5983919648887600e-08, 6.9078290288875852e-13, 6.9177437656341335e-13             
   83,   74, 4.1970169406215899e-09, 4.2909255392185303e-08, 8.0109223581221193e-13, 8.0364124411893256e-13             
   83,   75, 8.2966140268068598e-08,-1.5337646742999700e-08, 7.8990370117257104e-13, 7.9333616076499123e-13             
   83,   76, 3.7653205112964498e-08, 3.1876582866978099e-08, 8.3385864775691738e-13, 8.3760541588329904e-13             
   83,   77, 3.5253640769114999e-08,-2.5639779315780602e-09, 9.5654532334284171e-13, 9.5720220614214528e-13             
   83,   78,-3.9996780612595701e-08, 8.6879905528134804e-08, 8.5861652129765534e-13, 8.5819105310909556e-13             
   83,   79,-3.4700918334707803e-08,-3.6396170332797397e-08, 1.1646787110582762e-12, 1.1664027684080262e-12             
   83,   80,-1.0562396064341001e-07,-1.2174570294288101e-07, 9.9039384755920103e-13, 9.9056956057261267e-13             
   83,   81, 3.1955434053381198e-08,-9.5344625097518603e-09, 1.3517588159759149e-12, 1.3499092679741472e-12             
   83,   82, 7.5973267371225295e-08,-4.5507957312198096e-09, 1.4753245596701687e-12, 1.4736710437285962e-12             
   83,   83, 9.1190582048414396e-08, 3.8637030038406803e-08, 2.0964502589249643e-12, 2.0977794027357375e-12             
   84,    0,-6.9776515367225500e-08, 0.0000000000000000e+00, 1.0882325248446761e-13, 0.0000000000000000e+00             
   84,    1,-3.0550599260786001e-08,-1.9848617764525299e-08, 1.0979202736155667e-13, 1.1073171705972119e-13             
   84,    2, 2.4794517534859199e-08,-5.9397781192592601e-08, 1.0988042522406613e-13, 1.0837658946862449e-13             
   84,    3,-1.2349509405759199e-08, 5.2312895772596403e-08, 1.0999259167611959e-13, 1.1254987513816587e-13             
   84,    4, 5.1024378006622801e-08,-4.3445169617490401e-08, 1.0934570212650980e-13, 1.1047833535411756e-13             
   84,    5, 6.4454492600841406e-08,-1.1052564954441499e-08, 1.1079503626171447e-13, 1.1140589536728739e-13             
   84,    6,-7.4987988113593397e-08,-1.3640436346386400e-08, 1.1137787197715780e-13, 1.1204351152210387e-13             
   84,    7,-4.9091760525470804e-09, 9.4343177055996097e-08, 1.1247721530052051e-13, 1.1428313923489561e-13             
   84,    8,-3.4399026253793799e-08, 1.2619287371229700e-08, 1.1520090366617089e-13, 1.1338761499950210e-13             
   84,    9, 3.4018990776950499e-08, 1.2398688718271501e-08, 1.1491532857887051e-13, 1.1453154322283935e-13             
   84,   10, 4.2945900155856697e-08, 2.5811321802426500e-08, 1.1739757686817926e-13, 1.1588812164187080e-13             
   84,   11, 4.3859015155599698e-08,-1.1564337846868899e-08, 1.1824904260070656e-13, 1.1857240380270653e-13             
   84,   12, 2.2831702598040700e-08,-5.7347699556966698e-08, 1.2206696551026360e-13, 1.2251642153642488e-13             
   84,   13, 2.9245018481381901e-08, 3.3641016787678300e-08, 1.2429648738812855e-13, 1.2320387106037112e-13             
   84,   14, 9.8376701819544301e-10,-4.8410344310008598e-08, 1.3089266403349441e-13, 1.2970820042007301e-13             
   84,   15,-8.3709463264356505e-09,-1.6989736418585300e-08, 1.2777034885782245e-13, 1.2783905273501392e-13             
   84,   16, 3.9815235475951997e-08, 8.2103410097293297e-08, 1.4353112697534849e-13, 1.4113919055636388e-13             
   84,   17,-2.5609541246310201e-08,-1.2200354940471501e-07, 1.3494528157197644e-13, 1.3396278274688768e-13             
   84,   18,-1.5906348504839599e-08, 5.0567124283139502e-09, 1.5182128890770011e-13, 1.5230606893760600e-13             
   84,   19, 5.2943955347436897e-08, 6.7597620245244697e-08, 1.4244854384805706e-13, 1.4513187005778411e-13             
   84,   20,-6.7844196196700603e-08,-1.3954354359932800e-08, 1.6416893114151992e-13, 1.6441190862622072e-13             
   84,   21,-5.6743052564161097e-08, 9.4914186565969696e-09, 1.5453329940616150e-13, 1.5366646043965606e-13             
   84,   22, 8.0806445094464306e-08, 1.2172515003864800e-08, 1.7591481423784089e-13, 1.7500023324905870e-13             
   84,   23, 1.9043367884764300e-08,-4.3430105595823803e-08, 1.6770393262658336e-13, 1.6668567541655632e-13             
   84,   24, 1.2814642921673500e-09, 7.9439942901775194e-08, 1.8702058404925672e-13, 1.8560539279584511e-13             
   84,   25, 1.1215700618306900e-08, 5.7786373141588598e-09, 1.7976615682764576e-13, 1.8036591338203467e-13             
   84,   26,-3.9932762553825598e-08,-6.3946995797091506e-08, 1.9661519268326333e-13, 1.9621845827824430e-13             
   84,   27, 4.9879529541796703e-08,-6.6919092320890605e-08, 1.9420585989690875e-13, 1.9425881350147295e-13             
   84,   28, 5.1247005687748998e-08, 4.1442497178606397e-08, 2.0584745004099473e-13, 2.0555100568898039e-13             
   84,   29,-3.3704713034801402e-08, 1.9986470726749099e-08, 2.0953024064810724e-13, 2.1044973626979671e-13             
   84,   30, 3.2649117236655299e-08, 2.5493828193252199e-08, 2.1542610184440149e-13, 2.1519290409359348e-13             
   84,   31, 1.3082800557922301e-09, 3.8521192597552799e-08, 2.2552021596297960e-13, 2.2538461101475120e-13             
   84,   32, 1.9419560455764599e-08, 4.4085681354790301e-08, 2.2598688044186433e-13, 2.2628697537982977e-13             
   84,   33, 2.9728156645543099e-08,-3.6436257941078898e-08, 2.4397400633311899e-13, 2.4079117826928122e-13             
   84,   34,-4.4944420284259602e-08, 1.2755165970485300e-07, 2.3788997817745564e-13, 2.3788700521283001e-13             
   84,   35,-3.5358160549261899e-08,-3.5658887417260899e-08, 2.5672744840566369e-13, 2.5785509410339012e-13             
   84,   36,-4.2747374800932099e-08,-3.7896520615938097e-08, 2.5129386542008861e-13, 2.5165510376362626e-13             
   84,   37,-6.1220885725612504e-08,-3.9310493139668799e-08, 2.7427383591609321e-13, 2.7284075676721852e-13             
   84,   38, 2.9569025231186800e-08,-3.5592123680943698e-08, 2.6642526522994219e-13, 2.6612682018107722e-13             
   84,   39,-1.0404286478229900e-08,-2.1063383739100801e-08, 2.9287736144407103e-13, 2.8953558779228256e-13             
   84,   40, 3.4212847137034100e-08,-7.0355014204525603e-08, 2.8281423846138865e-13, 2.8181199472395204e-13             
   84,   41,-4.3047909306493800e-09, 4.8092889309490401e-08, 3.0950861242161410e-13, 3.0878024084609619e-13             
   84,   42, 5.7430579719127698e-08, 4.6600584933276399e-09, 2.9886541664148648e-13, 2.9902069493400249e-13             
   84,   43, 4.1562351594731698e-08,-4.3305675533908600e-08, 3.2796453699016972e-13, 3.2871725161129660e-13             
   84,   44,-9.5589305914540604e-08, 4.2231059732066802e-09, 3.1663578737180310e-13, 3.1683743181093314e-13             
   84,   45,-2.4223627619071201e-08,-5.2460725478704102e-08, 3.4984855268722571e-13, 3.4992757317879842e-13             
   84,   46,-2.9246053937908101e-08, 6.0533673583045800e-09, 3.3590653752462473e-13, 3.3554224877037162e-13             
   84,   47, 9.3361926506720396e-08,-3.7454740840488503e-08, 3.7167805162871284e-13, 3.7080321469408222e-13             
   84,   48,-8.8900248609038601e-08, 9.8528200180479604e-08, 3.5622377657462314e-13, 3.5576700253242596e-13             
   84,   49,-1.6250561408719099e-08,-2.5735408948276701e-08, 3.9220566532941185e-13, 3.9247866992921624e-13             
   84,   50,-3.0988673004153398e-09, 7.3023527207020698e-09, 3.7724648120012498e-13, 3.7694506027759142e-13             
   84,   51, 1.6559774502169599e-08, 9.6216217791788703e-08, 4.1495827513422126e-13, 4.1376850948484176e-13             
   84,   52,-4.5687112634858301e-08, 9.6685679194482305e-09, 4.0244335519739431e-13, 3.9987035904076122e-13             
   84,   53, 1.4432109275751900e-08, 5.5364159564206098e-08, 4.3731901502496931e-13, 4.3742062427901034e-13             
   84,   54,-4.5672281749067797e-08,-8.6440896182417396e-09, 4.2674335743606323e-13, 4.2665594996120052e-13             
   84,   55,-5.5513674211473202e-08, 6.3236227486160397e-09, 4.5969182994905914e-13, 4.5970188262393965e-13             
   84,   56, 1.3657685220506100e-08, 1.6375730443599299e-09, 4.5583097898780991e-13, 4.5568190678308885e-13             
   84,   57, 6.7230131787249197e-09, 3.1212901609768200e-08, 4.8164677303799002e-13, 4.8334339545637574e-13             
   84,   58, 5.9966000453823705e-08, 1.0185311203374700e-08, 4.8621325261213567e-13, 4.8784635302611870e-13             
   84,   59,-3.5505937585568399e-08,-1.5410929547573401e-08, 5.0530195798409812e-13, 5.0519095490726023e-13             
   84,   60,-4.4363096267865503e-08, 1.6867182195728601e-08, 5.2206404492572881e-13, 5.2218423061968183e-13             
   84,   61, 7.1242289408431702e-09, 5.7958384871292697e-08, 5.2891292816252008e-13, 5.2909380011328426e-13             
   84,   62,-6.7639948478100003e-08, 6.0216074806016401e-08, 5.5952823702136124e-13, 5.5806269318551616e-13             
   84,   63,-1.8825310445813499e-08,-9.8766544302965905e-09, 5.5466850772125587e-13, 5.5613336065551456e-13             
   84,   64,-5.4950080175368103e-09,-4.7234482067676800e-08, 5.9694112756205384e-13, 5.9693895003276863e-13             
   84,   65,-3.0608565554741898e-08,-2.0524423641653701e-08, 5.8443289139623992e-13, 5.8451073996391338e-13             
   84,   66,-2.1399197773651401e-08, 4.0129435409760398e-08, 6.3194084980946110e-13, 6.3178881737507093e-13             
   84,   67,-1.9346636552592401e-08, 6.4850343476815600e-08, 6.2515551746384115e-13, 6.2342577812011899e-13             
   84,   68,-5.2485519805617900e-08,-1.7189469027615200e-08, 6.6645712103196767e-13, 6.6745155731273235e-13             
   84,   69, 2.2501946729755199e-08, 5.4110849752820697e-08, 6.7343660552443534e-13, 6.7415904829743590e-13             
   84,   70, 8.2305144587711906e-08,-1.1414038707437000e-07, 7.0221137381222547e-13, 7.0210659311370815e-13             
   84,   71, 1.3185923427103900e-08,-8.8915504551408696e-08, 7.3381290855394119e-13, 7.3321484615050402e-13             
   84,   72, 1.1083637884116201e-08, 6.1699724083693401e-08, 7.4322635532228672e-13, 7.4185741856887790e-13             
   84,   73,-9.9498040193776199e-08, 8.8874162246873203e-08, 7.9725814706799109e-13, 7.9868353802824631e-13             
   84,   74, 7.8057986159363199e-08,-4.5156318870356998e-08, 8.0753038972794920e-13, 8.0955649195545825e-13             
   84,   75,-7.5374609190763701e-08,-1.1472000948650500e-07, 8.4890714313974531e-13, 8.5297589397968824e-13             
   84,   76,-4.7773004639332198e-08,-5.8349761613160397e-09, 9.2289067467209711e-13, 9.2620208840174645e-13             
   84,   77,-7.8059555808264196e-08, 2.1281959725955201e-09, 8.8159847544148163e-13, 8.8199261123575425e-13             
   84,   78,-8.8099546626553205e-08, 1.6617960246924101e-08, 1.1068794056616014e-12, 1.1052299315530848e-12             
   84,   79,-2.8701583762059900e-08, 2.6913192177158301e-09, 9.0147831528275932e-13, 9.0208706140581551e-13             
   84,   80,-1.5736926979774799e-08, 3.1143813984548297e-08, 1.3404115967148038e-12, 1.3345802222223534e-12             
   84,   81, 1.1910559518831700e-07,-5.0296680378955901e-09, 1.0251144633434078e-12, 1.0247185357948726e-12             
   84,   82,-8.3060317942062900e-08,-1.7758884658255300e-08, 1.5762490485953610e-12, 1.5736058470854100e-12             
   84,   83,-6.4630957865679406e-08,-1.4349818671222500e-08, 1.4997935081202344e-12, 1.4994843094003766e-12             
   84,   84,-3.0218936467068599e-08, 1.4284243050933400e-08, 2.4183219259834140e-12, 2.4234586883500839e-12             
   85,    0,-2.7267608242902699e-08, 0.0000000000000000e+00, 1.1021327387918038e-13, 0.0000000000000000e+00             
   85,    1,-5.0936649588762103e-09,-2.0865097512205501e-08, 1.1139212881064136e-13, 1.1225051797709617e-13             
   85,    2,-4.1264005133179298e-08, 7.8875919027080194e-08, 1.1207011319402522e-13, 1.0971781016713899e-13             
   85,    3, 3.9239479344459900e-08,-5.0459093861888100e-08, 1.0939110631778825e-13, 1.1390723948852289e-13             
   85,    4,-4.2698718315608301e-08,-3.2836579386185898e-08, 1.1251692577601117e-13, 1.1333279979811797e-13             
   85,    5, 6.9188484406763902e-08,-4.4372787171824701e-08, 1.1062295940206181e-13, 1.1318128613861878e-13             
   85,    6,-3.1411559598635002e-08, 1.7132523377626500e-08, 1.1601762489372760e-13, 1.1260958817785587e-13             
   85,    7,-3.3395866103190802e-08,-8.8387185845380299e-08, 1.1460479747066981e-13, 1.1262488694527999e-13             
   85,    8, 3.7718144435345302e-08, 4.8061454485913303e-08, 1.1561176341536330e-13, 1.1464003695879035e-13             
   85,    9,-3.5240928950511199e-09, 9.6361031503122508e-09, 1.1970938487677597e-13, 1.1728177012556773e-13             
   85,   10, 4.3221783146249101e-08, 8.0836368383636304e-08, 1.1730549382220027e-13, 1.1590769810713943e-13             
   85,   11,-7.8875669442683606e-09,-3.2818587639720001e-08, 1.2048997246164178e-13, 1.1940836575771501e-13             
   85,   12,-6.3534559627929301e-08, 6.9798358902640098e-09, 1.2091201869218424e-13, 1.1994719859221171e-13             
   85,   13, 7.3228568851492397e-09,-2.3620495722882400e-08, 1.2374606282928690e-13, 1.2668896191768405e-13             
   85,   14,-4.2285618370666200e-08, 3.4038302578061103e-08, 1.2747057638963823e-13, 1.2564751712594020e-13             
   85,   15,-7.9510615790941095e-09,-1.5184476047930900e-08, 1.2951339725216799e-13, 1.2909138801462388e-13             
   85,   16,-1.1122118582314900e-08, 2.8289937079878599e-08, 1.3423957702229097e-13, 1.3409013139127185e-13             
   85,   17,-3.3549028100987199e-08,-2.7490656299957601e-08, 1.3644966007191339e-13, 1.3454308949897888e-13             
   85,   18, 3.9124141332672503e-08, 6.6225726285820401e-08, 1.4244711671030233e-13, 1.4376082295181190e-13             
   85,   19,-2.7028885931663499e-08,-1.1543162928672800e-08, 1.4341067924464066e-13, 1.4440762507632352e-13             
   85,   20,-3.7269891678313497e-08,-9.2311624303683995e-08, 1.5453674357826496e-13, 1.5435271493716562e-13             
   85,   21,-2.8487149828102499e-08, 1.3303601970705299e-07, 1.5466665999438756e-13, 1.5404765416727228e-13             
   85,   22, 2.0972276888043800e-08,-2.0266100623797500e-08, 1.6604624217951984e-13, 1.6562294164269020e-13             
   85,   23,-7.5276592546974406e-08,-2.5314704243622300e-08, 1.6559763471458608e-13, 1.6482700939137184e-13             
   85,   24,-2.0524339833061500e-09, 3.9524861485642302e-09, 1.7667108386716312e-13, 1.7535527686684458e-13             
   85,   25,-1.6456148404036001e-10, 1.2011598275898301e-08, 1.7838023864774476e-13, 1.7793346776525384e-13             
   85,   26, 2.7578951316179399e-08,-5.2162798818620700e-08, 1.8691863734440568e-13, 1.8723279187539037e-13             
   85,   27,-2.2657138205010499e-09, 4.0434710789666302e-08, 1.9140332207259731e-13, 1.9256970291989183e-13             
   85,   28, 7.0387526098580099e-08, 6.2120262246312496e-08, 1.9789749583679704e-13, 1.9724362279098739e-13             
   85,   29,-6.1199440329063299e-08,-1.9712333845358299e-08, 2.0579288478441712e-13, 2.0536424684948463e-13             
   85,   30,-5.3533343614216903e-08,-4.2546292453262103e-08, 2.0979222010982131e-13, 2.0783890953227486e-13             
   85,   31, 9.1050540762593104e-08,-8.2954704194234199e-08, 2.1910340402935314e-13, 2.1884335939318247e-13             
   85,   32, 2.6232669158750700e-09, 9.2960771922526397e-08, 2.2048638345183436e-13, 2.2039316443524934e-13             
   85,   33,-4.5027704026610701e-08, 8.5305342727280298e-09, 2.3224147443530461e-13, 2.3137614113703653e-13             
   85,   34,-4.6413163778311598e-08,-2.1680739214498002e-08, 2.3367948055074801e-13, 2.3270171588927314e-13             
   85,   35, 3.2972673476814000e-09,-1.3558747039069900e-07, 2.4357319876610343e-13, 2.4438685709908917e-13             
   85,   36,-7.1134727282246101e-09, 3.1903171176394502e-08, 2.4600684753751278e-13, 2.4767176685428455e-13             
   85,   37, 7.7715149475752402e-08, 1.1116764470388900e-07, 2.5652279145888858e-13, 2.5618514398343605e-13             
   85,   38, 6.5247097997234504e-08, 1.3842559252498800e-09, 2.6351808747546784e-13, 2.6331320885384845e-13             
   85,   39, 6.6172431473220400e-08, 4.3492824247157697e-08, 2.6981818553990892e-13, 2.6833923520109166e-13             
   85,   40,-1.2675642981427900e-08, 2.7552281716922401e-08, 2.7888642399125995e-13, 2.7735796352306432e-13             
   85,   41,-4.7988271760792800e-08, 5.9991063225892306e-08, 2.8174090543700781e-13, 2.8271910659582851e-13             
   85,   42,-4.7571975718448700e-08,-3.6542653579218299e-08, 2.9456417251139198e-13, 2.9541583767901260e-13             
   85,   43,-9.6512335087357004e-08, 1.8392966753426599e-08, 2.9621175963682737e-13, 2.9854526555639285e-13             
   85,   44,-1.0185539856975900e-07, 2.5570596041634301e-08, 3.1146808636920653e-13, 3.1214855430029108e-13             
   85,   45, 9.2695268071340705e-08,-3.1188258931862798e-08, 3.1254022436781695e-13, 3.1226474641667574e-13             
   85,   46, 6.9876793001960499e-08,-3.1682107934223498e-08, 3.3030806269125929e-13, 3.2963582636947895e-13             
   85,   47,-5.6774718761325998e-08, 3.3063685519360098e-08, 3.2938175537258347e-13, 3.2779817970752014e-13             
   85,   48,-6.1812159692213197e-08, 3.6641411101620897e-08, 3.4817045962080298e-13, 3.4789780675293062e-13             
   85,   49, 7.4414243407074494e-08,-2.7084960223546898e-08, 3.4581523563688206e-13, 3.4620627233594177e-13             
   85,   50,-1.5948008418014999e-08,-1.0765583409547100e-09, 3.6656664835916034e-13, 3.6586717724288707e-13             
   85,   51,-5.0387247139081601e-08, 4.1788357782189599e-08, 3.6524660983701435e-13, 3.6382799479324164e-13             
   85,   52,-4.1085421260149903e-08,-6.1274760743186894e-08, 3.8700002137493628e-13, 3.8535356564996502e-13             
   85,   53,-5.5966421306455301e-09, 3.3121589694664202e-08, 3.8522379043417979e-13, 3.8444436083900020e-13             
   85,   54,-2.0666026768341200e-08,-5.9891621502906906e-08, 4.0509513951479208e-13, 4.0521733504720127e-13             
   85,   55, 5.4029881220511197e-08,-2.4273792967611601e-08, 4.0823765299249847e-13, 4.0834890959602317e-13             
   85,   56, 3.4186896582824803e-08,-3.4450337757718001e-08, 4.2509056617201492e-13, 4.2510112752645008e-13             
   85,   57,-7.0875359776139603e-09, 6.3885236678322104e-08, 4.3277975659285577e-13, 4.3451552642284879e-13             
   85,   58, 4.0797155959314699e-08,-1.6334995804356500e-09, 4.4462531395220676e-13, 4.4503264278483526e-13             
   85,   59,-5.7400361645645600e-08,-4.3100361323588802e-08, 4.6140236254052880e-13, 4.6157951564671153e-13             
   85,   60, 5.1425709313463703e-08, 6.6951590010598101e-08, 4.6555653945308572e-13, 4.6567701232808536e-13             
   85,   61, 1.0008393185627000e-07,-4.7154558480166303e-09, 4.8972304792490172e-13, 4.9070183439416457e-13             
   85,   62,-2.4657402533007998e-08,-6.4871414697381501e-08, 4.8716052958590357e-13, 4.8889111702092543e-13             
   85,   63, 3.9452843012064703e-08, 1.1740180233807101e-08, 5.1902739389565202e-13, 5.2155670276865799e-13             
   85,   64,-6.8997557562845493e-08, 4.8426088460003597e-08, 5.1263767796808004e-13, 5.1398826159382346e-13             
   85,   65, 6.3339184653856404e-08,-2.0254177562803300e-08, 5.4940487869902250e-13, 5.4960184287170721e-13             
   85,   66,-3.0207677489994003e-08,-4.6738612701527299e-08, 5.4237632878292076e-13, 5.4251275806689904e-13             
   85,   67, 1.5892689847806602e-08,-1.6722780731170801e-08, 5.7583240091190933e-13, 5.7598515362390763e-13             
   85,   68,-7.5342976787584308e-09,-2.1972476493927400e-08, 5.8225208537573239e-13, 5.8301214412665049e-13             
   85,   69, 2.6565432394297201e-08,-7.9302674519383495e-09, 6.0056699000929996e-13, 6.0048367941260778e-13             
   85,   70,-3.3987430623519101e-08,-2.4010893951900200e-08, 6.3332801727713066e-13, 6.3299406108966850e-13             
   85,   71,-7.2350376460384903e-08, 7.9177866314906097e-08, 6.2359335072090617e-13, 6.2299044914162908e-13             
   85,   72, 1.6856179499680900e-09, 5.3814114287567498e-08, 6.9623152198814666e-13, 6.9536101564418768e-13             
   85,   73,-3.0471314865591799e-09,-5.9506720554166099e-08, 6.5000492300369872e-13, 6.5092735028119548e-13             
   85,   74, 7.3308392673756598e-08,-1.1656763700056700e-08, 7.5960124231907561e-13, 7.6202388164229458e-13             
   85,   75,-8.0453077852513506e-09, 8.2011241802990999e-08, 7.0108603226855208e-13, 7.0424205224763118e-13             
   85,   76,-1.5271817070341398e-08, 1.2164317432286900e-07, 8.1427625085790130e-13, 8.1728080454178135e-13             
   85,   77,-3.5387100279155901e-09, 7.3197387855989703e-08, 8.0515616163043070e-13, 8.0547520807359789e-13             
   85,   78, 1.3882344716326799e-07, 1.4076122829981099e-08, 8.4735165327722553e-13, 8.4734095846793128e-13             
   85,   79, 6.7150266312946806e-08,-2.8734187539482101e-08, 9.7401872354520094e-13, 9.7527467908187542e-13             
   85,   80,-7.3509466701740702e-09,-3.4718001549043101e-08, 8.6643875229726229e-13, 8.6596301703873215e-13             
   85,   81,-6.1500417755246398e-08,-3.9938532652653200e-08, 1.1874816543832192e-12, 1.1857800564446953e-12             
   85,   82, 3.1986610148925401e-08, 4.2582233864168399e-08, 9.9996347685252944e-13, 9.9942828679110070e-13             
   85,   83,-5.0800541199938499e-10,-3.1447469791792798e-08, 1.3695517378504711e-12, 1.3675468622915541e-12             
   85,   84, 6.9819061678490895e-08,-6.3236582542241404e-09, 1.4982692843785918e-12, 1.5020646763634144e-12             
   85,   85,-3.4943921257650298e-09,-3.1133668923762498e-08, 2.1139077902767865e-12, 2.1121501038181992e-12             
   86,    0, 3.7181167396274800e-08, 0.0000000000000000e+00, 1.1277492565294124e-13, 0.0000000000000000e+00             
   86,    1,-4.0453478499851803e-08, 3.9620312263579203e-08, 1.1427533478217173e-13, 1.1209519935662965e-13             
   86,    2,-4.1237548683315703e-08,-9.3854678593290793e-08, 1.1330858514458914e-13, 1.1136270622055762e-13             
   86,    3, 1.7718338404920800e-08,-2.6531457540077099e-08, 1.1246040141377752e-13, 1.1388486431490625e-13             
   86,    4, 5.8286117616174201e-08, 1.8982657387788801e-08, 1.1197218056254796e-13, 1.1348641070320634e-13             
   86,    5, 2.8381713426427501e-08, 2.7428959111430000e-08, 1.1297717079684416e-13, 1.1383679796984520e-13             
   86,    6,-4.9685452418800700e-08,-7.1302326509703999e-08, 1.1412700340478524e-13, 1.1396823922146119e-13             
   86,    7, 1.7121960680664801e-08, 3.4617154608344298e-08, 1.1629572459795051e-13, 1.1396954244309475e-13             
   86,    8, 8.8063556374558999e-09,-6.0052134499266200e-09, 1.1539108129958413e-13, 1.1516603912237057e-13             
   86,    9, 1.9305017122263699e-08,-2.2231638724315900e-08, 1.2019433546599420e-13, 1.1715921023138038e-13             
   86,   10,-4.2537780530932702e-08,-1.1108972351213500e-07, 1.1883979974155477e-13, 1.1868625416541202e-13             
   86,   11,-4.3734794919702201e-08,-2.2016917845325101e-10, 1.2155748632153700e-13, 1.2142694624722065e-13             
   86,   12, 1.2478583525095201e-08, 1.0342202571223501e-08, 1.2422373039031775e-13, 1.2418385838169375e-13             
   86,   13,-1.8889762070356700e-08,-6.0205410341282605e-08, 1.2434583277228712e-13, 1.2534604475078548e-13             
   86,   14, 5.3450657955738700e-08, 4.5403272063883801e-08, 1.3265004263189712e-13, 1.3110989787808309e-13             
   86,   15, 2.7932193189635801e-08, 4.6028512113889203e-08, 1.3055140950642611e-13, 1.2890849980916586e-13             
   86,   16,-2.3872882851164198e-08, 5.6555761803494902e-10, 1.4107829498839006e-13, 1.4168237019418272e-13             
   86,   17, 4.6665495597800203e-08, 4.8231779067202900e-09, 1.3560468712399509e-13, 1.3521335702806235e-13             
   86,   18, 6.5984223083745994e-08, 4.2375890444462500e-08, 1.5309641992329799e-13, 1.5288860229078019e-13             
   86,   19, 1.2421236625275800e-09,-1.1319588625942000e-07, 1.4588148561034303e-13, 1.4465142840271692e-13             
   86,   20,-7.3965025004804003e-09, 7.4206158694384296e-08, 1.6613067015456101e-13, 1.6610584095436776e-13             
   86,   21,-1.0283261110438200e-07,-2.6148413388944099e-08, 1.5555612354314466e-13, 1.5444253174730700e-13             
   86,   22, 2.0325556669460699e-08, 2.9288416747355100e-08, 1.7646044751740522e-13, 1.7814208681808870e-13             
   86,   23,-4.8561754722197300e-08, 7.4152941411652801e-09, 1.6590757003224481e-13, 1.6553271476149145e-13             
   86,   24, 2.7989011372149699e-08,-5.6548002195718502e-08, 1.8639522121632352e-13, 1.8637876110714082e-13             
   86,   25,-5.3735803623560502e-08,-7.2192908990743999e-08, 1.7883613417893928e-13, 1.7840097347660752e-13             
   86,   26, 1.9293020429347001e-08, 3.9317771100390899e-08, 1.9676505157704556e-13, 1.9539092328918934e-13             
   86,   27, 4.1947087466327302e-08,-1.0699469886185600e-08, 1.9297609676067189e-13, 1.9309357522791714e-13             
   86,   28,-7.0053106629229700e-08,-2.7062724527927402e-10, 2.0533467588142488e-13, 2.0438895237228862e-13             
   86,   29,-3.8925504970566100e-08, 4.4588626272129997e-08, 2.0707042509470217e-13, 2.0714491282614488e-13             
   86,   30, 7.3077881201861497e-08, 1.4096407174265900e-08, 2.1470947549717379e-13, 2.1431864155971585e-13             
   86,   31,-1.3747327186057900e-08, 2.0391811445425901e-08, 2.2199025224155123e-13, 2.2207281964528901e-13             
   86,   32,-6.7634825900768198e-08,-9.5730565743420706e-09, 2.2405319969296294e-13, 2.2484663743886247e-13             
   86,   33,-2.1808481287999798e-08, 7.6411845029979503e-09, 2.3733359029021224e-13, 2.3750977636279312e-13             
   86,   34, 1.0715717350968400e-08,-4.0802191541357201e-08, 2.3578814733199875e-13, 2.3579214806543925e-13             
   86,   35,-2.8791467064728500e-08,-6.9425104206687098e-08, 2.5297242493464487e-13, 2.5349668475472062e-13             
   86,   36,-1.7783936839575499e-08, 9.7041140963948197e-08, 2.4783523956389667e-13, 2.4911578287162387e-13             
   86,   37,-7.0588735612293399e-08, 1.6852110622175299e-08, 2.6978099538724676e-13, 2.6799081683251943e-13             
   86,   38,-7.9388026449581405e-09,-1.6917063158003999e-08, 2.6242661222255082e-13, 2.6355727353168558e-13             
   86,   39,-7.1142716986009302e-08, 3.9945275329330198e-08, 2.8716961138538983e-13, 2.8364312413632411e-13             
   86,   40,-3.0480489543094000e-08,-5.3516826013788399e-08, 2.7820368866944545e-13, 2.7735317477304206e-13             
   86,   41,-3.0207083865642900e-08, 5.4003670643579603e-08, 3.0280509539392983e-13, 3.0211680129528517e-13             
   86,   42, 2.9494418608499500e-08, 3.1122029001046203e-08, 2.9399380257831305e-13, 2.9348933900586152e-13             
   86,   43, 1.8810730715816399e-08, 3.7796638709219001e-08, 3.2079060053482496e-13, 3.2161143227734812e-13             
   86,   44, 1.0259422072786701e-08,-7.0083490254973100e-08, 3.0975580700046662e-13, 3.1032681772294802e-13             
   86,   45,-1.7294549728206201e-08,-8.1578514506569906e-09, 3.4192306302293756e-13, 3.4104318162872013e-13             
   86,   46, 4.2271738106928697e-08,-2.8548273429361602e-09, 3.2780788412150341e-13, 3.2733125243792704e-13             
   86,   47,-4.4492175649641801e-09, 1.5185791365049701e-08, 3.6292016407624090e-13, 3.6203824998086190e-13             
   86,   48, 3.9568061165819097e-08,-5.7931931090016703e-09, 3.4654783107306830e-13, 3.4638811067780090e-13             
   86,   49,-6.7053350878847500e-09,-1.7014147881258600e-08, 3.8344734182817376e-13, 3.8344951392895892e-13             
   86,   50,-4.2200611687648101e-08,-4.0713229032897998e-08, 3.6678615510497932e-13, 3.6652303057319053e-13             
   86,   51, 3.1727751785569902e-08,-1.8903945139576800e-08, 4.0530969542841216e-13, 4.0410723789157622e-13             
   86,   52, 4.4814689419595100e-08,-2.1755778542491798e-08, 3.8858727612812012e-13, 3.8708840475613202e-13             
   86,   53, 2.8931828512305900e-08, 8.4001742242890205e-09, 4.2785789012653952e-13, 4.2726779470184744e-13             
   86,   54,-1.3407316684934800e-08,-9.7000011611014306e-08, 4.1168745875638814e-13, 4.1183159945122336e-13             
   86,   55, 1.5945612903437501e-08, 2.6305345468628000e-08, 4.5014878782243536e-13, 4.5027609351761959e-13             
   86,   56,-4.5997679537530701e-08, 5.8717191981494200e-08, 4.3796251142882243e-13, 4.3776518906239984e-13             
   86,   57,-4.3710181733407998e-08, 6.8496553829535100e-10, 4.7111366855706729e-13, 4.7307094130897382e-13             
   86,   58,-1.1450720303309500e-08,-3.0464783757496802e-08, 4.6659075418046920e-13, 4.6810185686107024e-13             
   86,   59,-4.3932722481026501e-08, 4.9607043181674101e-08, 4.9460574635021360e-13, 4.9462134752683623e-13             
   86,   60, 3.5434886748395201e-09, 2.2749692101372201e-08, 4.9893556346091917e-13, 4.9914176825860407e-13             
   86,   61,-3.3356432453684501e-08,-3.2714881000775403e-08, 5.1655621357598790e-13, 5.1654925192399457e-13             
   86,   62,-5.5503751777711799e-08,-1.0682261459435500e-07, 5.3512208864082407e-13, 5.3413756093399603e-13             
   86,   63, 8.8679993215517708e-09, 3.2980615021969800e-08, 5.3892230211120171e-13, 5.3980411243914127e-13             
   86,   64,-1.4491633685479500e-08,-3.2361336113112901e-08, 5.7149141474764292e-13, 5.7181368305629515e-13             
   86,   65, 3.3504728712109698e-08,-1.0209660293463501e-08, 5.6440114423386335e-13, 5.6461104650363130e-13             
   86,   66,-2.7226461497800399e-08, 7.4711469844776300e-08, 6.1026861646864818e-13, 6.0978231380892423e-13             
   86,   67, 1.9295518320103000e-08,-2.1228049082102300e-08, 5.9380927503944856e-13, 5.9235155483288480e-13             
   86,   68, 7.4506044202978998e-08,-7.8722490725511896e-08, 6.4447270941445812e-13, 6.4544616753408797e-13             
   86,   69,-4.3450849386137397e-08, 9.1272057455069000e-08, 6.3340557348542704e-13, 6.3326984708231143e-13             
   86,   70,-1.4748735093957300e-08,-8.6178321224514095e-08, 6.7987197869640898e-13, 6.7925612631198687e-13             
   86,   71, 8.5369910106907993e-09, 3.9152655942791801e-08, 6.8369605629406549e-13, 6.8261633993369015e-13             
   86,   72, 2.4078772106723200e-08,-3.1847572968346598e-08, 7.1412194248040469e-13, 7.1308526137183554e-13             
   86,   73,-2.1807927332568801e-08,-8.3418265874972003e-09, 7.4341253541237598e-13, 7.4496041566552521e-13             
   86,   74, 1.6380201983006299e-08,-3.8738821836525199e-08, 7.5233428816591789e-13, 7.5296391851352681e-13             
   86,   75,-8.6709755869728000e-10,-3.2506187703170698e-08, 8.0775260398655440e-13, 8.1153226773623116e-13             
   86,   76, 6.4182266083092805e-08,-9.1293006828794095e-08, 8.1670045281309132e-13, 8.1945879603823849e-13             
   86,   77, 2.7075484626851101e-08,-5.2030408740728897e-08, 8.6299295418225237e-13, 8.6255821123511825e-13             
   86,   78,-4.1169937551815403e-08,-5.8078295803302400e-08, 9.3621299049971436e-13, 9.3485534255008128e-13             
   86,   79,-4.6955602779931102e-08, 4.0760015332457299e-08, 8.9235667306894539e-13, 8.9154911379933259e-13             
   86,   80, 1.3440514621597400e-08, 1.8390431683863399e-08, 1.1226789497736175e-12, 1.1172127263208691e-12             
   86,   81, 1.2267835083620799e-09, 6.1488177207341100e-08, 9.0921696659135295e-13, 9.0774165138870940e-13             
   86,   82, 5.1736473397466402e-08, 6.8770445682120807e-08, 1.3544003025580598e-12, 1.3524431607648962e-12             
   86,   83,-5.7304066937867003e-08,-7.0424697171106597e-09, 1.0331499564397482e-12, 1.0333747430181604e-12             
   86,   84, 6.3215554133432298e-10, 1.7012182274774801e-09, 1.5854150379612098e-12, 1.5852302287033622e-12             
   86,   85, 3.3349503156984403e-08, 3.7184632502094198e-08, 1.5228896179446251e-12, 1.5272551214619295e-12             
   86,   86,-6.4900859610428704e-08, 2.4963073805880000e-08, 2.4241935390349714e-12, 2.4246689889610451e-12             
   87,    0,-6.5214236423686807e-08, 0.0000000000000000e+00, 1.1573743597369423e-13, 0.0000000000000000e+00             
   87,    1,-7.2275771743383598e-08,-4.2303505307091203e-08, 1.1499701432040636e-13, 1.1376912139710438e-13             
   87,    2, 6.8693234439898495e-08, 4.2606621498715900e-09, 1.1847892676621052e-13, 1.1293155432339922e-13             
   87,    3, 9.6288750752639704e-08,-5.4222350134283700e-08, 1.1349792025229325e-13, 1.1554981424525437e-13             
   87,    4,-5.3015972710171403e-08, 3.1709347777238297e-08, 1.1776827529951824e-13, 1.1747693532441550e-13             
   87,    5, 2.8861225806357199e-08,-6.8650459101867101e-08, 1.1613933603547695e-13, 1.1613045974042079e-13             
   87,    6,-3.5659483677738602e-09, 6.6240755128952695e-08, 1.2089312639244750e-13, 1.1562035774003321e-13             
   87,    7,-3.5602645352664802e-08,-8.8696816292043604e-08, 1.1970377239495919e-13, 1.1594021129338651e-13             
   87,    8, 4.1928487551395198e-08, 3.2140404370403397e-08, 1.2120980027072695e-13, 1.1650784230219012e-13             
   87,    9, 3.5555097821915698e-08,-3.8040886429518000e-08, 1.1998990989307573e-13, 1.2020355754903004e-13             
   87,   10, 3.7542509763200197e-08, 4.9726048644435498e-08, 1.2063408976497857e-13, 1.1965288900168567e-13             
   87,   11, 1.8957997050169099e-08,-2.0422514714900500e-08, 1.2230187227661501e-13, 1.2375709635332420e-13             
   87,   12, 2.1152548486184702e-08,-1.0044601993317701e-07, 1.2312263318234254e-13, 1.2298555260753594e-13             
   87,   13, 1.0721934810042499e-08, 4.4598587346468000e-08, 1.2695351399130594e-13, 1.2701481514479793e-13             
   87,   14, 1.2735725062315000e-08, 1.6991008999453501e-08, 1.2963812416751824e-13, 1.2801703331308253e-13             
   87,   15, 4.0925608807945301e-08, 3.2676558697890900e-08, 1.3222896041756606e-13, 1.3355056046831589e-13             
   87,   16, 1.0397168784053000e-07, 2.9770801104707799e-08, 1.3625168873103147e-13, 1.3591933285317820e-13             
   87,   17,-2.3997239734670701e-08,-2.5985638881259599e-08, 1.3806726830691763e-13, 1.3703625707127367e-13             
   87,   18,-5.0927056273043898e-08,-6.9914358744132700e-08, 1.4384783456639076e-13, 1.4419029380248390e-13             
   87,   19, 5.0406206362336900e-08, 3.6772079435950099e-08, 1.4476689479135943e-13, 1.4604714080070569e-13             
   87,   20,-3.5503447921219101e-08, 7.5478763659116995e-09, 1.5416890182306602e-13, 1.5719507124103458e-13             
   87,   21, 7.8670270039910302e-08, 4.7392552937486599e-08, 1.5460171617848634e-13, 1.5430515136620246e-13             
   87,   22, 2.9790817675180199e-08,-2.7019187164354300e-09, 1.6518452590719254e-13, 1.6518336738147235e-13             
   87,   23, 1.8408213316359599e-10,-3.1468612355713198e-08, 1.6519170612941611e-13, 1.6445027949180298e-13             
   87,   24, 5.2673317052049602e-08,-1.9233872417608499e-08, 1.7569273318132528e-13, 1.7392161691663140e-13             
   87,   25,-2.0173046287311401e-08, 4.4174554210068499e-08, 1.7758626741216099e-13, 1.7688657823321365e-13             
   87,   26, 8.5566623994211192e-09,-2.3741114687924400e-08, 1.8654581055883849e-13, 1.8605301463527592e-13             
   87,   27,-3.9548466826885603e-09, 2.9632305512567798e-08, 1.8991812558738539e-13, 1.8994515290421956e-13             
   87,   28, 5.9114326984188597e-09, 5.1655444113864698e-08, 1.9673102869471494e-13, 1.9703029184505888e-13             
   87,   29, 6.2260195999997193e-08,-4.1595015005079297e-08, 2.0412747953306769e-13, 2.0376307463909734e-13             
   87,   30, 3.2807943998853402e-08,-1.2140720854586899e-07, 2.0727301009409554e-13, 2.0794972596082040e-13             
   87,   31, 1.0688287746846899e-08, 5.0258254936745397e-08, 2.1686089816809606e-13, 2.1708072011839774e-13             
   87,   32, 3.3204589153976200e-08, 4.8983541623407997e-08, 2.1818941638160353e-13, 2.1828350632839779e-13             
   87,   33, 7.5007625795615905e-09,-2.0808513483208601e-08, 2.2888545131310691e-13, 2.2904875655029550e-13             
   87,   34, 9.1340023670639792e-09,-4.0891639615102502e-08, 2.3062391204117787e-13, 2.2996213475177459e-13             
   87,   35,-5.7693626780772200e-08,-3.3438756574144099e-08, 2.4065952216454702e-13, 2.4115278239031707e-13             
   87,   36, 3.3910072781867702e-09, 5.2879424202517898e-08, 2.4293059302714996e-13, 2.4337996739791250e-13             
   87,   37, 5.2601914199735301e-08, 1.8959690300964199e-08, 2.5305168683610080e-13, 2.5308955846925256e-13             
   87,   38,-1.4418787122735600e-08,-1.2603278304757900e-08, 2.5739138385752973e-13, 2.5786390565663272e-13             
   87,   39, 3.0357955822629599e-08,-3.6508024708717102e-10, 2.6642230782900035e-13, 2.6432853254737524e-13             
   87,   40, 5.4516874064056599e-08,-5.0949704477278298e-08, 2.7367910849833687e-13, 2.7286222380612249e-13             
   87,   41, 1.2217282835975900e-08, 2.3817547042737500e-08, 2.7778704722938846e-13, 2.7885111182083524e-13             
   87,   42, 1.0348022255961200e-08, 3.3024326421629301e-08, 2.8875885176680701e-13, 2.8858286785965857e-13             
   87,   43,-3.9806265295544001e-09,-2.8572472398102498e-08, 2.9119810597932825e-13, 2.9229489506368071e-13             
   87,   44, 1.4189022206631500e-09,-2.6532772578588199e-08, 3.0482459949044512e-13, 3.0575843481266408e-13             
   87,   45, 6.1492222671473395e-08, 2.0802714794013200e-08, 3.0717512942660749e-13, 3.0648316989351533e-13             
   87,   46, 1.7713213170154099e-08, 3.6731297542287300e-08, 3.2369105802339729e-13, 3.2310584704712400e-13             
   87,   47, 3.0986437123080300e-08, 6.6743474213831499e-08, 3.2264366586302341e-13, 3.2162929208871847e-13             
   87,   48, 3.6896983313811202e-08,-3.6754319489896598e-08, 3.4110222772485557e-13, 3.4075827942324767e-13             
   87,   49,-1.3153582327469099e-09,-2.1086309041409201e-08, 3.3855897670163006e-13, 3.3873635741742881e-13             
   87,   50,-8.5821722559924304e-09,-1.4472021173950000e-08, 3.5945057516619325e-13, 3.5903839244268606e-13             
   87,   51,-2.1870033715109201e-08, 6.0932346050918106e-08, 3.5630265620929132e-13, 3.5529867107050496e-13             
   87,   52,-5.1639182734181803e-08,-2.8438194003026600e-08, 3.7853726558947582e-13, 3.7727705689423814e-13             
   87,   53,-3.8123759001198899e-08,-2.5381535753433000e-08, 3.7467722843666558e-13, 3.7421564627613280e-13             
   87,   54,-2.5673346416571699e-08,-4.7582338314968802e-08, 3.9762303736855059e-13, 3.9786077767196112e-13             
   87,   55, 1.2776041556330900e-08, 1.3461438601530300e-08, 3.9501338827565781e-13, 3.9504348944194345e-13             
   87,   56,-5.0434115146003902e-09,-5.7570866211895201e-08, 4.1707946207226136e-13, 4.1693482475013231e-13             
   87,   57, 1.4846296629517200e-08,-5.2087499367316300e-08, 4.1791946810690877e-13, 4.1977538569672695e-13             
   87,   58,-2.8474954885043502e-08,-1.3097480107287300e-08, 4.3706731388404188e-13, 4.3703922060862387e-13             
   87,   59, 3.4203108675221201e-08, 2.5370660672810398e-09, 4.4427959513877291e-13, 4.4428434610092675e-13             
   87,   60, 3.6503446513574098e-08,-8.2323638725915200e-09, 4.5672671750834782e-13, 4.5670458421293882e-13             
   87,   61, 8.9458782545292700e-09,-7.1895870697609694e-08, 4.7205178682925125e-13, 4.7262289466972630e-13             
   87,   62,-4.9638487022414203e-08, 7.9506463553976206e-08, 4.7691215226494912e-13, 4.7751755680459670e-13             
   87,   63,-1.0516509686972400e-08, 8.8622935805289100e-08, 5.0042882867477819e-13, 5.0250774249366629e-13             
   87,   64, 2.1054271585311299e-08,-2.5030057622374400e-08, 4.9839450687326013e-13, 4.9944561115917915e-13             
   87,   65,-5.3175284652456404e-09, 4.8915519552181098e-08, 5.3147602393924406e-13, 5.3214739200586718e-13             
   87,   66,-5.8199350340967498e-08, 1.3756605913175100e-08, 5.2326876336134275e-13, 5.2337592315477988e-13             
   87,   67, 3.1137630762044102e-08,-1.5921540992859500e-08, 5.6149897520716986e-13, 5.6201996584369107e-13             
   87,   68,-7.4743735391006399e-08, 8.7339869813268600e-08, 5.5172408554314839e-13, 5.5273062998782555e-13             
   87,   69,-1.4109515723588200e-09,-1.2462766141885100e-08, 5.8891419828106231e-13, 5.8863657708591196e-13             
   87,   70, 7.5702628574773702e-08,-6.3556524221255804e-08, 5.9324261890236421e-13, 5.9247965826435828e-13             
   87,   71,-1.3229013594421900e-09,-7.2691570025186897e-09, 6.1385224587249066e-13, 6.1293566765338836e-13             
   87,   72,-2.0821512590416801e-08, 2.9736156621071201e-08, 6.4441756423344795e-13, 6.4381612037332919e-13             
   87,   73, 2.5280171824321499e-08, 3.7852674240117104e-09, 6.3537721907942233e-13, 6.3608357640267344e-13             
   87,   74,-9.9371085207664302e-09,-3.9619857746317703e-08, 7.0714576156411506e-13, 7.0914189550860782e-13             
   87,   75,-3.8245610177243896e-09, 9.1546822669012200e-08, 6.6066045148336525e-13, 6.6384632861135771e-13             
   87,   76,-1.3238351254402700e-08, 8.1775896998389301e-08, 7.7296955180038357e-13, 7.7579200070448294e-13             
   87,   77, 7.7745633109948796e-09, 9.8558314821403903e-08, 7.1401226067107236e-13, 7.1461625697321273e-13             
   87,   78, 4.2397956856593302e-08,-6.5457903695562898e-08, 8.2996001820362907e-13, 8.2959288562246061e-13             
   87,   79, 6.4948970869199302e-08, 6.7208829084657401e-08, 8.1871717574659427e-13, 8.2006561897831362e-13             
   87,   80,-1.6124969598607300e-08,-1.4553311711689600e-08, 8.5978427085563363e-13, 8.5919024717115756e-13             
   87,   81,-2.9298272008158700e-08, 1.4081823891094900e-08, 9.9334950381752589e-13, 9.9227466558895094e-13             
   87,   82,-1.2762774182363499e-08,-9.2153002879722793e-09, 8.7528181422448954e-13, 8.7390813748293606e-13             
   87,   83,-6.1468831351669000e-09,-6.8877381272176297e-08, 1.2086154293386065e-12, 1.2075508082811047e-12             
   87,   84, 2.3506620760504701e-08,-2.2864667558151199e-08, 1.0088618050985357e-12, 1.0104301281132900e-12             
   87,   85, 6.6752667997652503e-09,-2.3454798794790399e-08, 1.3860637558839094e-12, 1.3869814564680682e-12             
   87,   86,-9.7131372336655903e-08,-4.6957979979823202e-08, 1.5284241147756575e-12, 1.5254332905479289e-12             
   87,   87, 1.2424398779074101e-07,-3.0784623712592503e-08, 2.1319741257850136e-12, 2.1277307068471510e-12             
   88,    0, 2.4960540020772199e-08, 0.0000000000000000e+00, 1.1649627621926435e-13, 0.0000000000000000e+00             
   88,    1, 4.6106170245931302e-08,-4.7048776950469601e-08, 1.1649711529306059e-13, 1.1923354624968957e-13             
   88,    2, 8.0717503796724900e-08,-5.6989447805172402e-08, 1.1686946802425729e-13, 1.1551059475274343e-13             
   88,    3, 1.9798031311208901e-08, 2.2583773316924500e-08, 1.1761144352611276e-13, 1.1730145294851891e-13             
   88,    4,-5.3909287914162299e-08,-5.3273475679015299e-08, 1.1634165882578977e-13, 1.1664485790343615e-13             
   88,    5,-2.5741820566821100e-08, 3.3602364436723202e-08, 1.1720896144829084e-13, 1.1771274846651681e-13             
   88,    6, 3.1886437151099999e-08,-2.8169100686567000e-08, 1.2179976912624640e-13, 1.1696775544035300e-13             
   88,    7, 3.5491409844445101e-08, 1.0629425829779900e-07, 1.2049141746525796e-13, 1.1772066006118931e-13             
   88,    8,-4.0969438271396301e-09,-7.2398110763989201e-08, 1.2491909633813650e-13, 1.1859093010837106e-13             
   88,    9,-2.6304743970611600e-08, 6.5504980604769901e-08, 1.2335202355841103e-13, 1.2112837771624041e-13             
   88,   10,-6.6661741610389602e-08,-5.0259350959987801e-08, 1.2237320268428082e-13, 1.2296536034243438e-13             
   88,   11,-5.3689082991191799e-08,-4.5801488991663900e-08, 1.2277888458124825e-13, 1.2452468425850820e-13             
   88,   12,-1.0850210302949601e-08, 1.7498428348381799e-08, 1.2897285824163757e-13, 1.2594023586106880e-13             
   88,   13, 6.4997011362578604e-08,-4.6208092249822702e-08, 1.2697749136481900e-13, 1.2727240115650305e-13             
   88,   14, 2.2016947809470399e-08,-1.0232648534216200e-08, 1.3522695061939788e-13, 1.3393447413366629e-13             
   88,   15,-1.3219433054963400e-08, 1.2298890951951400e-07, 1.3689164468744941e-13, 1.3254139403101882e-13             
   88,   16,-5.9340111899509397e-08,-1.4005238603018199e-07, 1.4437809462543269e-13, 1.4284747119541602e-13             
   88,   17, 5.6264084339306904e-09, 2.7467089354803300e-09, 1.3856383699437589e-13, 1.3872028648160493e-13             
   88,   18, 2.3513135793481198e-08, 5.8473789077678798e-08, 1.5194773344575041e-13, 1.5233819312818147e-13             
   88,   19,-2.0189173413393300e-08,-2.5177518832521001e-08, 1.4644815214866699e-13, 1.4567921628474860e-13             
   88,   20,-2.9864737992581797e-08, 4.2179799485109900e-08, 1.6363782735085490e-13, 1.6390854387557277e-13             
   88,   21,-8.0243101392371395e-09,-2.5995094297142800e-08, 1.5499187392719948e-13, 1.5596252356023317e-13             
   88,   22,-6.1231644699008997e-08,-4.7152626221160599e-08, 1.7581037995201521e-13, 1.7421565697854180e-13             
   88,   23, 2.2940940806602901e-08,-2.9788497539337100e-08, 1.6642195904726506e-13, 1.6487764349523082e-13             
   88,   24, 1.3726718297227099e-08, 3.1434135244915502e-08, 1.8645614464244053e-13, 1.8529628179040633e-13             
   88,   25, 4.8490323411144201e-08,-1.8322023868013600e-08, 1.7868402091736709e-13, 1.7710832833733244e-13             
   88,   26, 8.5689708287574893e-09, 4.7905220324970803e-08, 1.9586841885100027e-13, 1.9520734211422309e-13             
   88,   27, 7.4516779181074098e-09,-2.8339879470853799e-08, 1.9032961228158573e-13, 1.9068635070805879e-13             
   88,   28, 4.2456942575258901e-08,-2.1666339490230700e-08, 2.0492968878340196e-13, 2.0418882872441702e-13             
   88,   29, 2.0492266311280000e-08, 4.7448448340253002e-08, 2.0491679494286817e-13, 2.0554983142462646e-13             
   88,   30,-4.0440858574081400e-09, 9.0786606946863894e-09, 2.1378474601109241e-13, 2.1395191475874122e-13             
   88,   31, 2.8353424248066401e-09, 1.5881161996984801e-08, 2.1911435915869790e-13, 2.1937468986260742e-13             
   88,   32, 2.4887641040882501e-08,-2.5908377973244999e-08, 2.2338055040169365e-13, 2.2321698518442204e-13             
   88,   33,-2.2686086186202601e-08, 2.6854197789816801e-08, 2.3467163918105339e-13, 2.3414089960487582e-13             
   88,   34, 1.7123407104045201e-08,-5.4235866839270003e-08, 2.3413848898586426e-13, 2.3434048696595159e-13             
   88,   35,-4.4352688133021601e-08,-1.7547298860407701e-08, 2.4866786747147283e-13, 2.4955870439868745e-13             
   88,   36, 8.8691031197968901e-09, 9.2121544176519902e-08, 2.4566944123123633e-13, 2.4610936297673264e-13             
   88,   37,-3.6961208320739101e-10, 3.7984400456133197e-08, 2.6515548966826664e-13, 2.6449204018083338e-13             
   88,   38, 5.7017815856975399e-08,-3.1393191130160099e-08, 2.5889322157724700e-13, 2.5953398205969247e-13             
   88,   39, 4.6631041526153903e-08,-1.5637882421635501e-08, 2.8194919591345289e-13, 2.7856023495174942e-13             
   88,   40,-2.0168791189919299e-08, 1.4606931614889100e-08, 2.7399444102085148e-13, 2.7305335163090911e-13             
   88,   41,-1.1069578961091101e-08,-1.7968476125689001e-08, 2.9732923843797270e-13, 2.9697641469369229e-13             
   88,   42,-1.1886124012157799e-08,-5.3478215551300503e-08, 2.8856294952006477e-13, 2.8919961702986343e-13             
   88,   43,-8.7791403587457703e-08,-2.6241524836060600e-08, 3.1392425953766471e-13, 3.1486721768360481e-13             
   88,   44,-9.0601057135378800e-10, 3.7902778127075503e-08, 3.0441144046082756e-13, 3.0489852161381444e-13             
   88,   45,-6.0893544612082804e-09,-3.2367198964322500e-09, 3.3411163367903925e-13, 3.3324252367751722e-13             
   88,   46, 3.7407461862333899e-08, 2.3360590050913699e-08, 3.2136670442913842e-13, 3.2142632319896934e-13             
   88,   47,-9.3668894279333601e-08,-9.9466554930930608e-09, 3.5479513768782208e-13, 3.5359660278430654e-13             
   88,   48, 9.5018260122514403e-09,-3.4945496290015901e-08, 3.3900642447087819e-13, 3.3862543500252149e-13             
   88,   49, 1.5204718853275001e-09, 4.4264808132411299e-08, 3.7494229925882252e-13, 3.7514975066609232e-13             
   88,   50, 1.4263703798904299e-08, 4.0548946999575399e-08, 3.5801673037947228e-13, 3.5743703354254681e-13             
   88,   51,-3.7334730435988997e-08, 4.4168491958263398e-08, 3.9663529507063042e-13, 3.9563889354746579e-13             
   88,   52, 4.3392033149794001e-08,-8.6357948310123202e-08, 3.7827166586040676e-13, 3.7670247237884848e-13             
   88,   53, 2.7897677767586900e-08, 2.6749319204460802e-09, 4.1767913209398539e-13, 4.1775059167581624e-13             
   88,   54, 8.9676326160937501e-09, 3.6610995196640503e-08, 3.9874400577818748e-13, 3.9877515172166221e-13             
   88,   55, 5.5020254875686200e-08,-4.4729590800876202e-08, 4.4059840623060048e-13, 4.4062303568633818e-13             
   88,   56,-4.3707129014524703e-08, 7.9789430450193404e-08, 4.2280798051525711e-13, 4.2308916247330059e-13             
   88,   57, 3.7420822621790698e-08,-7.1317866335460802e-09, 4.6229519894789676e-13, 4.6386803823081225e-13             
   88,   58, 3.5739968177038903e-08,-3.1611174921595597e-08, 4.4863843930442378e-13, 4.4988114036986522e-13             
   88,   59, 6.3071309820038899e-08,-1.6367317573262100e-08, 4.8451811381050376e-13, 4.8468354406928822e-13             
   88,   60,-1.0040471425053600e-07,-2.5469933564349800e-08, 4.7874529200874115e-13, 4.7923843866490779e-13             
   88,   61, 7.1871225663798205e-08, 1.1164698579339200e-07, 5.0701811142962214e-13, 5.0686608186648685e-13             
   88,   62, 2.6539959006639400e-08,-1.9349918964061099e-08, 5.1164242394543188e-13, 5.1083827408004741e-13             
   88,   63, 1.7370487582717801e-08,-3.4377200787075100e-08, 5.2733044003113752e-13, 5.2825176013884384e-13             
   88,   64, 2.5499594693663199e-08,-6.6562961020494304e-09, 5.4726711917836829e-13, 5.4726670131572524e-13             
   88,   65, 2.4454594903422699e-08, 4.3244178860506499e-08, 5.4941708172894093e-13, 5.4962182074668846e-13             
   88,   66,-1.1202811813911101e-08,-4.6923343559486301e-08, 5.8474238415031914e-13, 5.8463696808872129e-13             
   88,   67, 2.6170514167629101e-08,-3.5815731411930603e-08, 5.7466357653156725e-13, 5.7303887596797783e-13             
   88,   68, 1.1922832702089499e-08,-8.3367131849929595e-08, 6.2281910497032873e-13, 6.2372900533953632e-13             
   88,   69, 1.7755891815748899e-08,-2.8368914513497601e-08, 6.0181021259185861e-13, 6.0207834565997301e-13             
   88,   70,-5.8446771153252596e-09, 3.5708193385805399e-08, 6.5836487299612833e-13, 6.5800527364851919e-13             
   88,   71,-4.8285861438180902e-08, 4.5023419194084097e-08, 6.4311130298603721e-13, 6.4162824829922948e-13             
   88,   72,-2.4409430934798801e-08, 5.3770068286044404e-09, 6.9258615991757685e-13, 6.9174027437349590e-13             
   88,   73, 2.5780841495039899e-08, 1.9034701024528501e-08, 6.9229805489785432e-13, 6.9343807724891963e-13             
   88,   74,-4.2408121335529702e-08,-7.0280593276974796e-08, 7.2491967685256289e-13, 7.2532634426473556e-13             
   88,   75, 1.3608819635822501e-08, 1.7900736291152602e-08, 7.5328918994229524e-13, 7.5694935501124670e-13             
   88,   76, 2.9047076490323001e-08, 2.9952021872964298e-09, 7.6145838084622514e-13, 7.6432371629581292e-13             
   88,   77, 8.8707700067763694e-09,-6.7900388405589204e-08, 8.2193462010956530e-13, 8.2134149801041502e-13             
   88,   78,-5.4302155968213198e-08,-1.8915062461267299e-09, 8.2826564891254070e-13, 8.2768275831912863e-13             
   88,   79,-8.3331893610996606e-08, 3.7830764641474099e-08, 8.7598071336472047e-13, 8.7423706608921184e-13             
   88,   80,-5.1197562447330599e-08, 5.6225930335587202e-08, 9.4904168634834479e-13, 9.4483435831550333e-13             
   88,   81,-3.7027124440117400e-09, 1.9282422450018099e-08, 9.0430343557810720e-13, 9.0115473740996824e-13             
   88,   82, 2.2836270561756701e-08,-6.6637533543697802e-09, 1.1352358386139004e-12, 1.1332015611573857e-12             
   88,   83,-4.8684600368296398e-08,-1.9855404991227701e-08, 9.1555616469431649e-13, 9.1611051764793261e-13             
   88,   84, 2.5834589567098201e-08,-4.1902893179992204e-09, 1.3695549521020907e-12, 1.3698981090628194e-12             
   88,   85,-6.3994857758264499e-09, 6.9126232876708695e-08, 1.0411194277016597e-12, 1.0436499934140965e-12             
   88,   86,-2.6464520335971501e-08, 3.2304006982293698e-08, 1.5962193078769874e-12, 1.5957536048559787e-12             
   88,   87, 3.2264942572665601e-08, 3.5426983448081999e-08, 1.5521267158301707e-12, 1.5514075433751920e-12             
   88,   88,-8.0416310419771804e-08, 4.1214737280429601e-08, 2.4288393160658617e-12, 2.4292833735218483e-12             
   89,    0, 2.4750239422845002e-08, 0.0000000000000000e+00, 1.1760334287780639e-13, 0.0000000000000000e+00             
   89,    1, 1.8156383752368201e-08,-1.4413252956929199e-08, 1.1667337923685613e-13, 1.1734985654004398e-13             
   89,    2,-2.1329985881929300e-08, 6.6753518905994396e-09, 1.1998473548481495e-13, 1.1714936665447951e-13             
   89,    3,-8.6216338735524095e-08,-4.8525250116768799e-08, 1.1645796032370106e-13, 1.2084043021899170e-13             
   89,    4,-7.6327102069039001e-08, 4.0385697489990701e-08, 1.2005650195803132e-13, 1.1844863106519443e-13             
   89,    5, 8.1390115284647695e-08,-2.0275385101223701e-08, 1.1850106313848883e-13, 1.2385414673599836e-13             
   89,    6,-6.8537047610767200e-08, 3.7158490012509801e-08, 1.2241700370056593e-13, 1.1930690995085484e-13             
   89,    7,-8.1576014647209894e-08,-6.8826920357626203e-08, 1.2074363085131101e-13, 1.2012840434244992e-13             
   89,    8, 1.3511506158192100e-08, 1.6296832254343801e-08, 1.2398206671606309e-13, 1.2189969429775257e-13             
   89,    9,-1.4485960375479900e-08,-4.6484182456858701e-08, 1.2212999935212313e-13, 1.2171849850870933e-13             
   89,   10,-1.9140312496165601e-08, 1.2528384636633700e-08, 1.2330840684700286e-13, 1.2291160823190584e-13             
   89,   11,-1.8190674993799699e-08, 1.6599291441657099e-08, 1.2468817224165392e-13, 1.2518847443935060e-13             
   89,   12, 2.1017211670602301e-08,-2.0944165933394900e-08, 1.2649536793439191e-13, 1.2613195753877802e-13             
   89,   13,-3.9575763732304701e-08, 8.3390083791285594e-09, 1.2961010592020480e-13, 1.2930937442612134e-13             
   89,   14, 5.0572630032373100e-09, 1.5263837693218399e-08, 1.3240978451781554e-13, 1.3014620215858613e-13             
   89,   15, 3.5555471033643299e-08,-3.1326910317940101e-08, 1.3614495445305922e-13, 1.3369901129484567e-13             
   89,   16,-1.0885882637322099e-08,-1.1813174232901900e-07, 1.3970578385445044e-13, 1.3827274994571279e-13             
   89,   17, 1.7017106082593601e-08, 1.2156950285270999e-07, 1.4343540009493636e-13, 1.3991569575358266e-13             
   89,   18, 8.5431355346990299e-09,-1.2740134294698500e-08, 1.4848299058480341e-13, 1.4602415094177023e-13             
   89,   19, 9.3159888717985296e-09, 2.4211295382946000e-09, 1.4600629112966495e-13, 1.4611579136616777e-13             
   89,   20,-2.4871027774063799e-08,-1.1762110257899200e-08, 1.5419984959189537e-13, 1.5570597597506550e-13             
   89,   21,-8.5543133298376004e-08, 2.8544054492421599e-08, 1.5482654095233904e-13, 1.5502576022698318e-13             
   89,   22,-3.1976476658023303e-08, 2.4156040426103700e-08, 1.6591022149117557e-13, 1.6479547039141416e-13             
   89,   23, 3.4056796912832101e-08, 5.0152218399008602e-08, 1.6609269492229125e-13, 1.6441000989534054e-13             
   89,   24, 8.6349620095622397e-08,-1.8609277246235099e-08, 1.7808785056588799e-13, 1.7488690767667429e-13             
   89,   25,-1.0041052392024199e-07, 4.9587021160826499e-08, 1.7675422141482226e-13, 1.7736677005018533e-13             
   89,   26, 1.8194852863741500e-08,-1.0374609360084500e-08, 1.8664722231602114e-13, 1.8508742841478453e-13             
   89,   27, 9.1011829676023900e-08,-2.4096334339188798e-08, 1.8870330122342305e-13, 1.8897159891239691e-13             
   89,   28,-5.2861912461229701e-08, 3.3060177163571697e-08, 1.9679124963260198e-13, 1.9607875288702111e-13             
   89,   29,-5.0514729936920099e-08, 1.6334259398529299e-08, 2.0145256404169672e-13, 2.0304403598009884e-13             
   89,   30,-5.2348807988807703e-08,-3.6169971899280302e-08, 2.0662693938105003e-13, 2.0619551619474923e-13             
   89,   31, 6.3175296549822000e-08,-3.2214185265399598e-08, 2.1499425711574870e-13, 2.1591927656058549e-13             
   89,   32,-6.3413811550927994e-08, 2.4422550458661500e-08, 2.1728851652794769e-13, 2.1697572135081804e-13             
   89,   33,-3.6556078956818203e-08,-2.8727667643202000e-08, 2.2703700385603452e-13, 2.2673483631419923e-13             
   89,   34, 6.6834094108559804e-09,-3.4517780703235500e-08, 2.2809598843696770e-13, 2.2769118968946851e-13             
   89,   35,-8.1027925965140705e-09, 2.2678811421778299e-08, 2.3851886163984750e-13, 2.3865375974687478e-13             
   89,   36,-1.3779943455732200e-08, 4.5032813757830101e-08, 2.3991633751681605e-13, 2.4092601841399048e-13             
   89,   37, 1.0655786477099200e-08,-5.9007819912987101e-08, 2.4994457958228162e-13, 2.5067350125658775e-13             
   89,   38,-4.4902471576558898e-08,-5.3818720851169701e-08, 2.5377109761433883e-13, 2.5414106652599575e-13             
   89,   39,-2.2446175576073901e-08, 1.3735256003733800e-08, 2.6334398051154132e-13, 2.6206144604398370e-13             
   89,   40,-3.2925601601583401e-08,-2.9797077022247000e-08, 2.6935439884802152e-13, 2.6802311848230926e-13             
   89,   41,-1.3188034298135101e-09, 3.1293891545854002e-08, 2.7452325408422829e-13, 2.7561406496580824e-13             
   89,   42,-8.1638451346364505e-08, 8.8294559195048797e-09, 2.8411096727050043e-13, 2.8427934323964552e-13             
   89,   43, 8.3923851977266506e-08, 2.8745107897965500e-08, 2.8738376803548376e-13, 2.8856034741873477e-13             
   89,   44, 5.7876518049078400e-08,-4.2154310888419203e-08, 2.9932836503447570e-13, 3.0003894834537044e-13             
   89,   45,-2.1587333940493299e-08, 1.1271513581598100e-08, 3.0238274321198731e-13, 3.0118755873523770e-13             
   89,   46,-3.1821602929519098e-08,-1.5969894840643800e-08, 3.1621025551521054e-13, 3.1620550697789658e-13             
   89,   47, 2.3237815611441801e-09,-1.5146116671915099e-08, 3.1780406178004065e-13, 3.1650742778254880e-13             
   89,   48, 5.5135287971543799e-08,-6.7614550716369500e-09, 3.3442428227619606e-13, 3.3425766955655002e-13             
   89,   49,-2.2308247397552898e-08,-3.6535272096633799e-10, 3.3247234371369668e-13, 3.3228743736095154e-13             
   89,   50,-5.4339751251711000e-08, 3.3454592162639603e-08, 3.5221432764145426e-13, 3.5180208068161995e-13             
   89,   51, 2.5066593493692999e-08,-7.7303107850982598e-10, 3.4927490160402214e-13, 3.4820401591576132e-13             
   89,   52, 5.7247282404422498e-08,-4.4404070982536303e-08, 3.7162576047331908e-13, 3.6975657420772579e-13             
   89,   53,-3.9576862775028602e-09, 2.7912014391989100e-08, 3.6616976859521101e-13, 3.6554391176882375e-13             
   89,   54, 2.6825082697005598e-09,-1.4335230658752299e-08, 3.9003414419205122e-13, 3.8966807592981648e-13             
   89,   55,-1.1665992728261800e-08, 5.1565432993803002e-08, 3.8406916057164562e-13, 3.8471613236269130e-13             
   89,   56, 5.7704481885162196e-09, 4.7859725296963301e-08, 4.0999039682396106e-13, 4.0980742041502130e-13             
   89,   57, 1.7701555375177100e-08,-1.2768280486541401e-07, 4.0454164985539960e-13, 4.0653816323101794e-13             
   89,   58,-2.8598645019274300e-08, 1.2002305105144900e-08, 4.2918868176504903e-13, 4.2957219299758700e-13             
   89,   59,-4.4087454180333998e-08, 1.1244399264241499e-07, 4.2939552744393769e-13, 4.2960981535214467e-13             
   89,   60,-1.6446171167730700e-08,-5.5407512707957903e-09, 4.4916993188122671e-13, 4.4934575186589855e-13             
   89,   61, 7.0709714886728905e-08,-2.8756240451333601e-08, 4.5467119600348233e-13, 4.5576220270268606e-13             
   89,   62,-1.0291118317938600e-07,-2.0382493807052398e-08, 4.6852785651805822e-13, 4.6932646522593964e-13             
   89,   63, 7.6980408101317799e-09,-8.2172803206266503e-09, 4.8219264552475377e-13, 4.8495317835662247e-13             
   89,   64,-3.6957454972897600e-08, 4.3034585151444903e-08, 4.8846599466011107e-13, 4.8970795022550503e-13             
   89,   65, 5.4886011294282003e-08,-6.0566066903999899e-08, 5.1278320435866182e-13, 5.1306677739653884e-13             
   89,   66, 3.0595005785816899e-08, 3.8528489972173601e-08, 5.0959790749809213e-13, 5.1010016350689419e-13             
   89,   67, 3.4154489763579797e-08, 3.3961808360399703e-08, 5.4346395985148739e-13, 5.4416440961059663e-13             
   89,   68,-1.4076604984662400e-08,-2.5809592758488901e-08, 5.3330392478137108e-13, 5.3400600107386499e-13             
   89,   69,-3.2837302297886601e-09, 3.6135888449304098e-08, 5.7429899024834172e-13, 5.7418109490129971e-13             
   89,   70, 3.3469299784814903e-08, 4.5028470570606401e-08, 5.6271269404605268e-13, 5.6176024796331984e-13             
   89,   71,-2.9833082835325500e-09,-5.0878769251398602e-08, 6.0270252845176228e-13, 6.0178595562343410e-13             
   89,   72, 2.6848872128360700e-08, 1.9152576287585500e-08, 6.0360871895281138e-13, 6.0307015522885872e-13             
   89,   73, 4.0570537802127798e-10, 2.2663488990774600e-08, 6.2657264142652230e-13, 6.2679319704360805e-13             
   89,   74,-6.3140124526258403e-09,-3.2227893787657497e-08, 6.5472304941617437e-13, 6.5605492036544156e-13             
   89,   75,-3.1155600130663497e-08, 3.3972188551195098e-08, 6.4708306741546571e-13, 6.5015050421952837e-13             
   89,   76, 2.4601206828323299e-08,-3.9278269612243202e-08, 7.1946089656322294e-13, 7.2205144255908808e-13             
   89,   77,-4.4647403467758800e-08, 2.2717846590114999e-08, 6.7400868858321808e-13, 6.7461646951011081e-13             
   89,   78,-1.9652278860535201e-08, 3.8911905379034701e-08, 7.8821883158059313e-13, 7.8804985922746386e-13             
   89,   79,-1.8785435286870401e-08,-1.9219514334509199e-08, 7.2575421338896806e-13, 7.2740141963166591e-13             
   89,   80, 2.8287105068168799e-08,-3.2586863623423898e-08, 8.4420180043003719e-13, 8.4394424993205201e-13             
   89,   81, 8.6823128427502105e-08, 2.6957087356471701e-08, 8.3420663894601361e-13, 8.3370228388547425e-13             
   89,   82, 2.7187757297821099e-08,-6.0830112764420797e-08, 8.7317652772571505e-13, 8.7098987421120678e-13             
   89,   83, 2.0172073582448601e-08,-6.7054007492030902e-08, 1.0119566836011678e-12, 1.0108003799630820e-12             
   89,   84,-4.5479349026024599e-10, 6.4428982202757905e-08, 8.8331835358124269e-13, 8.8374158254255941e-13             
   89,   85, 3.1923235611919001e-08, 5.9136825771257601e-08, 1.2292586455235927e-12, 1.2305910987713605e-12             
   89,   86,-2.3426762302820399e-08,-7.6606509640333494e-08, 1.0208732513821200e-12, 1.0199122383176928e-12             
   89,   87,-7.8675703309731792e-09,-1.7147646278581300e-08, 1.4061860612510066e-12, 1.4035361756581406e-12             
   89,   88,-2.3426531865060200e-09,-3.8753829289581598e-08, 1.5550206321093309e-12, 1.5542964463403655e-12             
   89,   89,-3.1229453013423100e-08,-2.9976068537583699e-08, 2.1481202001145553e-12, 2.1471609515048746e-12             
   90,    0,-5.7200598241017198e-08, 0.0000000000000000e+00, 1.2086348834561340e-13, 0.0000000000000000e+00             
   90,    1,-7.0477537215347597e-08,-4.4461440011311997e-08, 1.1909584558371014e-13, 1.2644058696825668e-13             
   90,    2,-9.1597159424170996e-08,-4.0177649380597799e-08, 1.2303096026020231e-13, 1.1758865434779636e-13             
   90,    3, 8.8022151156076499e-08,-2.0588705167287100e-08, 1.1945884146700639e-13, 1.2197241160555024e-13             
   90,    4, 2.3604080980462801e-08,-3.3250037308348903e-08, 1.2266913103413562e-13, 1.1964524878799015e-13             
   90,    5,-7.0757756621552597e-08,-4.6172380653973003e-08, 1.2064786015061337e-13, 1.2174313519906082e-13             
   90,    6, 1.6875221612763600e-08,-4.8994758561097698e-08, 1.2167833454810382e-13, 1.2206623761657936e-13             
   90,    7,-3.3813007524348198e-10, 3.6075654857323597e-08, 1.2355299275675758e-13, 1.2134344255687210e-13             
   90,    8,-8.8376562957511200e-08,-3.8008024943684098e-08, 1.2257326710186651e-13, 1.2346469585520984e-13             
   90,    9,-6.9893059301267998e-08,-8.8736293988679102e-10, 1.2412934445721774e-13, 1.2289584732254125e-13             
   90,   10, 7.5961109676501603e-08, 3.5529904757669899e-09, 1.2562786413275327e-13, 1.2499201740399537e-13             
   90,   11, 5.2421097455807298e-09, 3.8754107365537401e-08, 1.2635387778443873e-13, 1.2858790579800768e-13             
   90,   12, 2.0679725766386499e-08,-4.8486992108071399e-08, 1.2874991812874075e-13, 1.3016020696751523e-13             
   90,   13, 3.5971285768421302e-08,-4.8546142905063898e-08, 1.3070978244594128e-13, 1.3076132630147615e-13             
   90,   14, 2.6967535213908600e-08,-2.9153557562226799e-08, 1.3758887052881427e-13, 1.3480425993385908e-13             
   90,   15,-7.7933999614319497e-08,-4.4876786192382500e-08, 1.3447308814288261e-13, 1.3635979770781997e-13             
   90,   16, 1.0610776211993600e-07, 7.5114186434374804e-09, 1.4442898965875143e-13, 1.4569098531002920e-13             
   90,   17,-8.6559528153162000e-09, 6.8491439175459902e-08, 1.4030176937234386e-13, 1.4134421863281404e-13             
   90,   18,-1.0354197552569200e-08, 1.8618193188742701e-08, 1.5516008234396356e-13, 1.5365248921537211e-13             
   90,   19, 1.1958954795560399e-08, 2.6004112083980999e-08, 1.4654542050485948e-13, 1.4767187724028749e-13             
   90,   20,-3.6864051587948397e-08,-4.7387105456394100e-08, 1.6368073876903411e-13, 1.6506733606838220e-13             
   90,   21,-5.9595768018254801e-09,-4.8902175284646801e-08, 1.5592456063467590e-13, 1.5615914512121994e-13             
   90,   22, 8.6637972348596901e-08, 5.4632696785015298e-08, 1.7576293315902191e-13, 1.7681103576319721e-13             
   90,   23, 1.3237623809137999e-07,-7.5146835189454902e-10, 1.6907202820008607e-13, 1.6564524397024283e-13             
   90,   24,-1.0339248440527300e-07, 5.7851087891374299e-08, 1.8632370427828001e-13, 1.8852999363597522e-13             
   90,   25, 4.0811501825408902e-08, 1.4077765168327900e-08, 1.7803566633027965e-13, 1.7841051135990897e-13             
   90,   26, 2.3679216701521698e-09,-2.6983663202865199e-08, 1.9532002743451756e-13, 1.9503395126105283e-13             
   90,   27,-1.7122987824724799e-08, 7.5995472558816701e-09, 1.8985980755536787e-13, 1.9035332169437538e-13             
   90,   28,-1.3314715411483700e-08, 4.3491322720912698e-08, 2.0524227333933750e-13, 2.0392462475468854e-13             
   90,   29, 5.0222140285056898e-08,-4.4800335716047602e-08, 2.0253375742079713e-13, 2.0367766722486266e-13             
   90,   30, 1.0807795241839200e-08,-5.8025119146384803e-08, 2.1365685615314593e-13, 2.1349467458143576e-13             
   90,   31,-1.1630570164998700e-08, 5.7028156394719502e-09, 2.1700628115951435e-13, 2.1771867294429396e-13             
   90,   32,-4.1938445377786800e-08, 3.2350189335060299e-08, 2.2331046258181310e-13, 2.2291117059722075e-13             
   90,   33, 2.4501581558654901e-08,-2.0604401770109299e-08, 2.3112655628682446e-13, 2.3173053946472119e-13             
   90,   34,-3.1472964712059698e-08,-1.8592985010738199e-08, 2.3274635722523570e-13, 2.3264221996876119e-13             
   90,   35,-2.5962025196583899e-08, 9.9769862419609992e-09, 2.4540786978258136e-13, 2.4599392744774319e-13             
   90,   36, 4.9749202340274998e-09, 1.0554552133122199e-09, 2.4380197445331133e-13, 2.4457660713756436e-13             
   90,   37, 2.1086235807994800e-08,-5.8893817425882801e-08, 2.6104651394689277e-13, 2.6097692493791971e-13             
   90,   38, 9.4726384597467303e-08,-2.1826806486376302e-09, 2.5682371711779290e-13, 2.5656508293382951e-13             
   90,   39,-2.4189959883980300e-08, 5.2693300574329701e-08, 2.7761907831135056e-13, 2.7547844376030155e-13             
   90,   40, 1.1687735897578700e-08,-2.7894851977947499e-08, 2.7200408771717918e-13, 2.6934979965661644e-13             
   90,   41, 4.1102959949885601e-08, 7.9763366172612704e-08, 2.9211937006346922e-13, 2.9150296203302702e-13             
   90,   42, 2.3553593378519800e-08, 1.8133362901087599e-08, 2.8437246640653390e-13, 2.8517265531571197e-13             
   90,   43, 4.4143581115779097e-08,-6.6202060235642295e-08, 3.0848026628108616e-13, 3.0923504435643645e-13             
   90,   44,-2.6040762488667401e-08, 7.6933457995290406e-09, 2.9951765281783637e-13, 3.0035057662438714e-13             
   90,   45,-2.6687726475297999e-08, 2.8078003883162702e-09, 3.2664483932813729e-13, 3.2608960536949057e-13             
   90,   46, 4.9243039422941402e-09,-8.6813264985194608e-09, 3.1548754549098062e-13, 3.1524673794195091e-13             
   90,   47,-7.0840446013823405e-10, 3.5912161294843698e-08, 3.4685429251186369e-13, 3.4557399643446351e-13             
   90,   48, 9.9829254503432694e-09, 1.9584885483731999e-08, 3.3243844337649767e-13, 3.3257005766580787e-13             
   90,   49,-7.2137179994785901e-08,-3.2644332129681298e-08, 3.6680717928710946e-13, 3.6704472668255849e-13             
   90,   50, 5.3146066759166897e-08, 1.7914174366087700e-09, 3.5018231903428331e-13, 3.4977304997645002e-13             
   90,   51, 9.3433158316629595e-09,-2.8978738491735601e-08, 3.8798636405386915e-13, 3.8754541472284088e-13             
   90,   52, 8.6281656022541295e-09, 1.3131238918512400e-08, 3.6940093343614683e-13, 3.6788660469959410e-13             
   90,   53,-2.1791163058716601e-08, 1.0682386903866300e-08, 4.0906284151820946e-13, 4.0836220363728546e-13             
   90,   54,-4.2627902146317398e-09,-1.8189275003876499e-08, 3.8828372846272942e-13, 3.8845643344892476e-13             
   90,   55, 1.0285927449396000e-08,-5.5418612013468999e-08, 4.3077575854253176e-13, 4.3123602906501748e-13             
   90,   56,-8.2804982231433496e-08,-3.5471019141731902e-08, 4.0973741188651239e-13, 4.0979199665250851e-13             
   90,   57, 7.7382978181749102e-09, 3.4375370079442102e-08, 4.5260728824842834e-13, 4.5473388812726033e-13             
   90,   58, 1.5990387578758200e-09, 4.3288774595130297e-08, 4.3334541601074929e-13, 4.3438756185225537e-13             
   90,   59, 3.1185650661120802e-08,-1.7240348606596401e-08, 4.7585306316184050e-13, 4.7618914881163835e-13             
   90,   60,-3.6205977676361502e-08,-4.3714880691453197e-08, 4.6045240838569471e-13, 4.6041489408791444e-13             
   90,   61, 2.2199760423185800e-08, 3.0183952898672600e-09, 4.9706057845235666e-13, 4.9722359787162191e-13             
   90,   62, 2.5083079086156399e-08, 3.9494802061917599e-08, 4.9100178602574034e-13, 4.8985257484017032e-13             
   90,   63, 9.9107737800205600e-09, 7.2680197551667899e-08, 5.1859116073946378e-13, 5.1976454690975289e-13             
   90,   64, 2.4305801721682701e-08,-3.9678334154051702e-08, 5.2357325947881351e-13, 5.2324528758816271e-13             
   90,   65,-4.0421692545976800e-09, 2.1170913512147900e-08, 5.3905284160171566e-13, 5.3919319017461578e-13             
   90,   66,-5.0235022825478400e-08, 2.4447952789160301e-08, 5.6014423686524904e-13, 5.5987529366381766e-13             
   90,   67, 1.3838867914920201e-08,-3.8263178428640501e-08, 5.6030357976436625e-13, 5.5950955428342389e-13             
   90,   68, 5.4296041626392096e-10,-2.8346195255310001e-08, 5.9760918055170078e-13, 5.9815289518768725e-13             
   90,   69, 2.7072738411877900e-08, 7.0264809697886694e-08, 5.8300113521828972e-13, 5.8331413377596324e-13             
   90,   70, 1.3848455732523799e-08,-4.8421068260768002e-08, 6.3682355032905666e-13, 6.3627491382466299e-13             
   90,   71,-4.5526891862098602e-08,-5.6351867359540798e-08, 6.1193926096252680e-13, 6.1034376063926393e-13             
   90,   72,-7.0300961747814601e-09,-4.7692036802830598e-08, 6.7188106109475996e-13, 6.7128083075066222e-13             
   90,   73,-1.7236044070772399e-08,-1.3539334143984100e-08, 6.5133382465111093e-13, 6.5227779869583300e-13             
   90,   74, 3.8531329663440202e-08,-7.6201548580193294e-08, 7.0497318189377895e-13, 7.0483408931173574e-13             
   90,   75,-2.6442376839649298e-08, 5.5701853054956398e-08, 7.0108217329215721e-13, 7.0460731046865194e-13             
   90,   76, 3.0458644905053203e-08, 9.3057846887358498e-09, 7.3514394758493926e-13, 7.3836110411641598e-13             
   90,   77, 2.0174817409607800e-08, 3.0157325325756600e-08, 7.6691650259493972e-13, 7.6589857613303517e-13             
   90,   78,-3.0059407664401300e-08, 2.0734728038868300e-08, 7.7337302402139181e-13, 7.7333196315270055e-13             
   90,   79, 5.7527209903832197e-08,-3.0172745748671997e-08, 8.3524580643641553e-13, 8.3314971163248320e-13             
   90,   80, 7.8944962699958597e-08, 9.1654391784944794e-08, 8.3962769067988282e-13, 8.3638123127536433e-13             
   90,   81, 4.0996138461206101e-08,-2.9776569468611301e-09, 8.8956725850776580e-13, 8.8635836738108792e-13             
   90,   82,-3.7254782572608098e-08, 7.9184022436857600e-09, 9.5968887831551668e-13, 9.5738500705691183e-13             
   90,   83, 1.1047683184714600e-08, 2.3968250490764001e-08, 9.1354477878030233e-13, 9.1465495951513510e-13             
   90,   84, 4.9345046866020201e-08, 4.2440632648289899e-08, 1.1487364933305199e-12, 1.1490787303732084e-12             
   90,   85,-8.4374184306327703e-09,-1.2380472627199501e-07, 9.2303284291200322e-13, 9.2442541730611152e-13             
   90,   86,-3.2053950391374400e-08,-2.8470210241357602e-08, 1.3876415596124533e-12, 1.3852324889845527e-12             
   90,   87,-3.2957935371324797e-08, 2.1745527013851199e-08, 1.0520012132784667e-12, 1.0528641644581045e-12             
   90,   88,-3.8879506247248601e-09, 1.6428560173771999e-08, 1.6078476106214224e-12, 1.6061536610149332e-12             
   90,   89,-2.6144905508875299e-08, 3.2037994221896401e-09, 1.5804837591049473e-12, 1.5788419389876767e-12             
   90,   90, 6.4506114704402603e-08,-2.8284347916092399e-08, 2.4312295923492245e-12, 2.4385025832546523e-12             
   91,    0,-3.4394800636466599e-08, 0.0000000000000000e+00, 1.2291172225566523e-13, 0.0000000000000000e+00             
   91,    1, 5.4400963522632997e-08,-5.6951494726281701e-08, 1.2271404238849025e-13, 1.2222983499784272e-13             
   91,    2, 1.0121051189452800e-07, 2.1446928059128700e-08, 1.2436757553511762e-13, 1.2210477442193821e-13             
   91,    3, 3.8559041338014901e-08,-1.8724272129980300e-08, 1.2258418857494177e-13, 1.2370452590156606e-13             
   91,    4,-4.1471336800707302e-08, 7.6268550558127097e-08, 1.2202669305141653e-13, 1.2372500134832104e-13             
   91,    5, 5.3111587444001598e-08,-5.2802705200675896e-09, 1.2274641931381692e-13, 1.2335531431486071e-13             
   91,    6, 3.6523378081226402e-09, 1.1599774042380999e-08, 1.2275090736679899e-13, 1.2238852276245236e-13             
   91,    7,-3.9141541047806298e-08,-3.9125394607927598e-08, 1.2430437818908705e-13, 1.2338934052169690e-13             
   91,    8, 7.9206612275547995e-08,-4.3679610502554500e-08, 1.2483328931931294e-13, 1.2339484435884647e-13             
   91,    9, 4.7552218193680798e-08,-2.4450560979701799e-08, 1.2576402547603211e-13, 1.2643831199734020e-13             
   91,   10,-5.4538351013308701e-10,-4.4281143380695501e-09, 1.2751837808281449e-13, 1.2557090386833571e-13             
   91,   11,-8.0278845179639794e-09,-3.1548120397209600e-08, 1.2870543115470778e-13, 1.2964947622509958e-13             
   91,   12,-6.2524868985167196e-08,-5.7324443714194699e-08, 1.2968306431236008e-13, 1.2897177419432126e-13             
   91,   13,-7.4787343226856301e-09,-3.1540106375334802e-08, 1.3212087671485118e-13, 1.3382452545812174e-13             
   91,   14,-2.2901195648572900e-08,-1.4767915205656400e-08, 1.3371859684229073e-13, 1.3295466506856460e-13             
   91,   15, 4.2241309119170902e-08, 5.0808145554319898e-08, 1.3630354472503620e-13, 1.3578717698514638e-13             
   91,   16, 1.5179971323809599e-09, 2.1892158728886200e-08, 1.4130814263107143e-13, 1.3960283224917839e-13             
   91,   17, 3.6849501395687101e-09, 1.5871706857423401e-09, 1.4141342955300710e-13, 1.4252793701404431e-13             
   91,   18, 6.6064552779254396e-08,-3.0026496823710801e-08, 1.4748886451956448e-13, 1.4691588944815617e-13             
   91,   19, 5.2384326207622996e-09,-7.3469403843432002e-09, 1.4763377130326666e-13, 1.4921228872657466e-13             
   91,   20, 1.7724826881784902e-08, 6.4457457061138702e-08, 1.5544945330257243e-13, 1.5680245752346364e-13             
   91,   21, 3.7650462165743302e-08, 4.6469308616268598e-08, 1.5695247593665536e-13, 1.5585844856630871e-13             
   91,   22, 7.5266490820879092e-09, 2.0692194106398101e-08, 1.6616139256372154e-13, 1.6543285355053004e-13             
   91,   23,-4.3203441932325398e-09,-4.8724373078765597e-08, 1.6696448179258493e-13, 1.6483630650489734e-13             
   91,   24,-2.1877057847206301e-08,-6.4739696180680100e-08, 1.7717038668332935e-13, 1.7518259938751752e-13             
   91,   25,-1.5644272990471900e-08,-1.5905356444067001e-09, 1.7759214321511424e-13, 1.7614957189627207e-13             
   91,   26, 4.3784038728187901e-08, 1.4602101305341900e-10, 1.8665222135112859e-13, 1.8558786775033199e-13             
   91,   27, 2.5607319184196699e-08,-7.7227616021030596e-09, 1.8838192925688666e-13, 1.8937588129740185e-13             
   91,   28, 4.7019700358822801e-08,-8.6569678997391295e-09, 1.9845253027367023e-13, 1.9613375822791730e-13             
   91,   29,-3.8951671402563203e-08,-1.3729211787381500e-07, 2.0032540055250713e-13, 2.0049597790749507e-13             
   91,   30,-4.3964937758145402e-08, 2.1131227398851399e-08, 2.0682942149459172e-13, 2.0674459977219198e-13             
   91,   31,-2.4800261387935400e-08, 4.9639660812306903e-08, 2.1315089505291682e-13, 2.1352579030902450e-13             
   91,   32,-2.0166582602600499e-09, 8.4811164270073004e-09, 2.1586834383801289e-13, 2.1606207709324274e-13             
   91,   33, 4.6130729076549300e-08,-3.4529742541229598e-08, 2.2564915196158664e-13, 2.2574668579160789e-13             
   91,   34,-7.5730661993020703e-09, 2.3639500765560300e-08, 2.2660255165162644e-13, 2.2680137332447745e-13             
   91,   35, 2.4968215994722599e-08, 5.0505231849947198e-09, 2.3692322616478088e-13, 2.3709546942219399e-13             
   91,   36,-4.1200671623740799e-08, 4.2982097680504300e-08, 2.3743380780007957e-13, 2.3828312611524011e-13             
   91,   37, 1.7441871370460100e-08,-5.8117012465994596e-10, 2.4851198514714539e-13, 2.4885716950063121e-13             
   91,   38,-2.8549767074663700e-08, 4.0982703007111502e-08, 2.5108176762357139e-13, 2.5084659745686591e-13             
   91,   39,-4.6070507629139103e-08, 5.2623076900057599e-08, 2.6061921293682220e-13, 2.5921634698436696e-13             
   91,   40,-1.3264172805698600e-08,-6.3413916626048895e-08, 2.6503603700771922e-13, 2.6435980180518338e-13             
   91,   41, 2.5679835493988099e-08,-3.2928810224710200e-08, 2.7466980834833347e-13, 2.7279215350300324e-13             
   91,   42,-7.4648677073801705e-08,-1.3337072156155299e-07, 2.7957013765870500e-13, 2.7967161096660549e-13             
   91,   43,-2.1217530678701601e-08, 4.5580030556328002e-08, 2.8470911601040119e-13, 2.8603329455736365e-13             
   91,   44,-2.3824956250934899e-08, 2.2830734885731800e-08, 2.9433642918859275e-13, 2.9481621743813496e-13             
   91,   45, 2.5447631069577700e-08,-2.9198890485229101e-08, 2.9846488106592562e-13, 2.9795616895286820e-13             
   91,   46,-1.7766624423874202e-08, 1.6548016984090600e-08, 3.1029630883432992e-13, 3.1045453950408187e-13             
   91,   47,-1.5212433810749699e-08, 4.3683071846551900e-08, 3.1284113201591351e-13, 3.1152683019944662e-13             
   91,   48, 2.9394679813392402e-08,-3.1457422148411399e-08, 3.2816493691966289e-13, 3.2724721457400534e-13             
   91,   49, 3.9846737063415396e-09, 5.3028352807516302e-08, 3.2759744310639000e-13, 3.2795351490407791e-13             
   91,   50, 4.0643912867973198e-08,-7.9277842158517607e-09, 3.4575327047597367e-13, 3.4536439924600429e-13             
   91,   51,-4.7982448645539800e-08,-1.4304105613025000e-08, 3.4349939939752323e-13, 3.4273072661977591e-13             
   91,   52,-1.2256445695503600e-07, 1.7718199464522800e-09, 3.6413481860310838e-13, 3.6255681792663874e-13             
   91,   53, 4.8088090799214499e-08,-1.0631777748858100e-08, 3.5978564189388797e-13, 3.5870027234834465e-13             
   91,   54, 6.5348697011868504e-08, 5.7161671768357202e-08, 3.8244553194633032e-13, 3.8272478814743977e-13             
   91,   55, 1.9451435475436000e-08,-3.7050488190532598e-08, 3.7647137729403270e-13, 3.7645606633342066e-13             
   91,   56,-2.3452435666116600e-08, 7.2003964450709900e-08, 4.0194925540646802e-13, 4.0200747899823103e-13             
   91,   57, 1.3276227812575399e-08, 3.1204932245760699e-08, 3.9386718105656843e-13, 3.9576525465878473e-13             
   91,   58, 2.2389973729916900e-08, 7.5936367908609993e-09, 4.2248218452054671e-13, 4.2209001709847255e-13             
   91,   59, 2.8693446589776102e-08, 3.6324644946733703e-08, 4.1595697528876555e-13, 4.1640774855172292e-13             
   91,   60,-2.8046390795151799e-08,-7.5328615101678092e-09, 4.4175141833029815e-13, 4.4223832678122862e-13             
   91,   61, 6.0169132531164306e-08,-1.3812355509299101e-08, 4.3986156470144038e-13, 4.4061317865382746e-13             
   91,   62,-4.1048483289480997e-08, 2.5693417997030999e-08, 4.6143914886167691e-13, 4.6190948109293212e-13             
   91,   63,-4.2571642496899700e-08,-2.0689674315764801e-08, 4.6501118279538788e-13, 4.6695553346283689e-13             
   91,   64, 3.7518580675962300e-08, 6.7889419744970003e-09, 4.8060253654000484e-13, 4.8208467644100565e-13             
   91,   65,-3.4288927565751100e-09, 7.2340946177811104e-08, 4.9427736363692096e-13, 4.9474464787920638e-13             
   91,   66, 3.5172834052130399e-10,-2.8812101644539599e-08, 5.0095175304481761e-13, 5.0126030497431897e-13             
   91,   67,-2.9866844341852600e-08,-8.9572618722990906e-09, 5.2418461625171688e-13, 5.2478565063173157e-13             
   91,   68, 6.7533366054390896e-09, 5.4136894595944002e-08, 5.2068445220134016e-13, 5.2128729950223473e-13             
   91,   69, 8.3100995135498602e-09, 2.1299423470181699e-08, 5.5635240059224488e-13, 5.5617226907824372e-13             
   91,   70, 2.4879976320011401e-08,-2.6242670835961601e-08, 5.4465479842158445e-13, 5.4359678029960389e-13             
   91,   71, 2.6789268329316899e-08, 3.8435423650380900e-08, 5.8795832899898376e-13, 5.8684186648226741e-13             
   91,   72, 2.7549250946507502e-08,-2.6614863231235302e-09, 5.7272301875639342e-13, 5.7251319521411532e-13             
   91,   73, 5.6998824506115901e-08, 2.1793271908941701e-08, 6.1617017635154626e-13, 6.1608821163468187e-13             
   91,   74,-1.4173970598639100e-08, 6.6291993787145094e-08, 6.1344863181462195e-13, 6.1446703132117228e-13             
   91,   75,-5.0215938914215297e-08, 1.9234949437131000e-08, 6.3911050460654084e-13, 6.4187385572721395e-13             
   91,   76, 1.9064078827636399e-08,-6.5020308796282798e-08, 6.6554276166311020e-13, 6.6834308245173876e-13             
   91,   77,-5.3604624653151898e-08,-2.2715359506649899e-08, 6.6155854078110432e-13, 6.6232237419377245e-13             
   91,   78, 1.4305278275372801e-08,-6.1819466295382996e-08, 7.3360827959428073e-13, 7.3374291277754174e-13             
   91,   79, 4.7153291279365299e-08,-1.7517957396554801e-08, 6.8637939671910090e-13, 6.8723377871913606e-13             
   91,   80,-5.6164756760032600e-08, 6.8288933707230403e-08, 8.0292211439302139e-13, 8.0196373516098989e-13             
   91,   81,-3.4832747313708301e-08,-9.4989089225192798e-08, 7.3950852325875462e-13, 7.3896385347866426e-13             
   91,   82,-3.8092526744539899e-08, 1.7472685973480500e-08, 8.6017625623309443e-13, 8.5772706972981891e-13             
   91,   83,-4.1749630176699802e-08, 2.9782236131028401e-08, 8.4966479299066029e-13, 8.4814436349940256e-13             
   91,   84,-5.8105977824031900e-08, 5.3942950729942401e-08, 8.8474086675938523e-13, 8.8554602880076256e-13             
   91,   85, 3.0852073117893100e-08, 5.0708036245732402e-08, 1.0296526522685976e-12, 1.0312311331642267e-12             
   91,   86,-2.5491557046352401e-08, 8.8697707545936399e-08, 8.9286006019646197e-13, 8.9302077799854053e-13             
   91,   87, 2.8897964204983499e-08, 3.6820788450614702e-09, 1.2526628861502431e-12, 1.2515117904137643e-12             
   91,   88, 7.7909045374483699e-08, 5.7644273218079400e-08, 1.0323527028743822e-12, 1.0315226273304502e-12             
   91,   89, 2.3072578440001699e-08,-7.1618176109836901e-09, 1.4216934315306512e-12, 1.4254713214486276e-12             
   91,   90,-3.0406183898113497e-08, 1.3890691519659800e-08, 1.5817933177858717e-12, 1.5850352935058240e-12             
   91,   91,-5.8559664551696899e-08, 1.5793550859088401e-08, 2.1612867903589585e-12, 2.1713295756009628e-12             
   92,    0, 2.8384239690495400e-08, 0.0000000000000000e+00, 1.2359393507857033e-13, 0.0000000000000000e+00             
   92,    1, 3.1729466058699901e-08,-3.5857857319424601e-08, 1.2249330011859983e-13, 1.2345602895057107e-13             
   92,    2,-1.5248202817547501e-09, 2.0573679034291199e-08, 1.2456420769802920e-13, 1.2207832068532453e-13             
   92,    3,-2.2779468075437699e-08, 2.4128409531924602e-08, 1.2141387494592302e-13, 1.2466748757106726e-13             
   92,    4, 1.5799602048816700e-08,-2.3620563013004401e-08, 1.2284615285373669e-13, 1.2484983239445191e-13             
   92,    5,-4.4875626131324899e-08,-3.9791711741987899e-08, 1.2484353347503463e-13, 1.2501607470000161e-13             
   92,    6, 1.1558563398645900e-08,-7.1944484804942895e-08, 1.2395496224569707e-13, 1.2465206502087248e-13             
   92,    7, 4.4297371592430199e-09, 2.8672029357718401e-08, 1.2816508704840158e-13, 1.2421461244539739e-13             
   92,    8, 2.3530983543413198e-08,-4.4652600195697401e-08, 1.2526686847893032e-13, 1.2552008757114910e-13             
   92,    9, 1.4413237063035500e-08,-2.0318800503857000e-08, 1.2770286567764794e-13, 1.2743541030301727e-13             
   92,   10, 2.8535894383668001e-08,-1.9399393676605600e-08, 1.2872308190180645e-13, 1.2804495436879258e-13             
   92,   11,-5.9407760636518699e-08, 3.2643677382895299e-08, 1.2893085754490210e-13, 1.3049815087122411e-13             
   92,   12, 8.5366636134454396e-09, 2.1812278699740300e-08, 1.3285593653298331e-13, 1.3225155201437384e-13             
   92,   13, 4.5455983320277500e-09, 1.8769282008907800e-08, 1.3323342112237069e-13, 1.3313146156241864e-13             
   92,   14,-2.7954213134578602e-08, 3.9792838365220403e-08, 1.3908247563026519e-13, 1.3892202274892526e-13             
   92,   15,-6.9472851839196402e-08,-8.1502604737390903e-08, 1.3978904525471975e-13, 1.3667892522181452e-13             
   92,   16, 2.9889791415412401e-08, 7.4460435357344906e-08, 1.4674505852552184e-13, 1.4703696550395692e-13             
   92,   17, 9.5983786243992200e-09, 2.1830605512072198e-08, 1.4279103325171996e-13, 1.4236146991509227e-13             
   92,   18,-8.4000813823571295e-09,-1.5267859802892799e-08, 1.5461160395871786e-13, 1.5561763317616699e-13             
   92,   19,-6.6983795230874801e-08,-4.1130011328130802e-08, 1.4833864376376940e-13, 1.4962605526135113e-13             
   92,   20,-6.0210117312160396e-08,-2.5845395710388799e-08, 1.6470973762808893e-13, 1.6736509894812746e-13             
   92,   21,-4.3201568303865202e-08, 6.3057500180761801e-08, 1.5811023742138869e-13, 1.5734235275441267e-13             
   92,   22, 1.9067606980613802e-09,-4.8775526210525699e-08, 1.7592922935156468e-13, 1.7551432263857939e-13             
   92,   23, 6.9785671315200095e-08,-2.9138773449284901e-08, 1.6710596650203210e-13, 1.6666910692604804e-13             
   92,   24,-6.2067989635550602e-08, 8.1582011058819697e-08, 1.8688515051732797e-13, 1.8687735655264271e-13             
   92,   25, 4.2989657543323298e-08, 3.2419651721132398e-08, 1.7956264001011547e-13, 1.7786500886372423e-13             
   92,   26,-3.4540232188809399e-09, 2.6126974790546101e-08, 1.9712820681309897e-13, 1.9623576028160677e-13             
   92,   27, 4.1242272300276403e-08, 6.9987238187291802e-08, 1.8899402584971143e-13, 1.8976998303459986e-13             
   92,   28,-2.7299218564174401e-10,-3.8568313112527098e-08, 2.0762438255805417e-13, 2.0427950453264340e-13             
   92,   29,-3.1270192743828398e-08, 7.6283168667882497e-08, 2.0153592787826189e-13, 2.0280711050391614e-13             
   92,   30, 1.3638097710063100e-09, 4.3886558456876700e-08, 2.1390733834473202e-13, 2.1373437149202756e-13             
   92,   31, 2.1699827980903699e-08,-3.9263956328346399e-08, 2.1518214834708112e-13, 2.1588696406079413e-13             
   92,   32,-4.1856138717501703e-08,-6.0542413529368305e-08, 2.2259030942911095e-13, 2.2304804680179467e-13             
   92,   33, 8.4352345625860397e-09, 7.5765695062294095e-08, 2.2967577034919722e-13, 2.2924530604848693e-13             
   92,   34, 3.8004312346941599e-08,-2.9935031140425401e-09, 2.3363950234021827e-13, 2.3258710786399635e-13             
   92,   35,-6.7314420685720596e-08, 4.1529088340614503e-08, 2.4252372397350278e-13, 2.4294303475999982e-13             
   92,   36, 1.7816871454218799e-08, 1.3032036445130300e-08, 2.4274176072222624e-13, 2.4306450067199135e-13             
   92,   37, 4.5901496262489198e-08, 1.9299594373363901e-08, 2.5747953689954929e-13, 2.5696493382715907e-13             
   92,   38,-1.8243885970889600e-08, 2.4145071613592300e-08, 2.5484080486026479e-13, 2.5440845004782364e-13             
   92,   39,-1.7948167116448601e-08, 2.0170178240947298e-08, 2.7371825159792010e-13, 2.7084736372751416e-13             
   92,   40, 1.1080090328484201e-07,-6.2949887123986001e-08, 2.6781149165929520e-13, 2.6767364932034273e-13             
   92,   41,-7.2842015545399803e-08,-2.8235121588919399e-09, 2.8813477921889949e-13, 2.8921048169156007e-13             
   92,   42, 3.8822811413135601e-08, 2.4125878955288299e-08, 2.8149217966586778e-13, 2.8179767180305113e-13             
   92,   43, 5.4236042914920802e-08, 2.9019571042893699e-08, 3.0279884757905381e-13, 3.0425536159709864e-13             
   92,   44, 1.8006454160456801e-08, 5.4713494690284603e-10, 2.9563711953625268e-13, 2.9593204882706279e-13             
   92,   45,-3.0428118705020698e-08, 5.7023867259568403e-09, 3.2131023611692015e-13, 3.2033141074583731e-13             
   92,   46, 3.1804359039896698e-08, 7.9759977340341997e-08, 3.1115311285126683e-13, 3.1100355569893012e-13             
   92,   47, 1.3881606274115500e-08,-2.3603702192099899e-09, 3.3943670104179392e-13, 3.3820226536640030e-13             
   92,   48, 4.4879565354355700e-09,-4.0751751406087001e-08, 3.2699031951822500e-13, 3.2615258433711499e-13             
   92,   49,-1.9546127682471700e-08, 2.0610550303484901e-08, 3.5939179637366062e-13, 3.5915086195522774e-13             
   92,   50,-3.9741708518606999e-08,-4.4457897815373897e-08, 3.4373912625508750e-13, 3.4375613510324042e-13             
   92,   51,-1.5302790811758201e-08,-1.0151330082291200e-08, 3.8007966352505988e-13, 3.7893763683267921e-13             
   92,   52, 3.8632519764930303e-08, 6.2234767970591499e-09, 3.6209539238895979e-13, 3.6056185797786887e-13             
   92,   53,-1.5208170481609600e-09, 6.8947078068198494e-08, 4.0059190631336530e-13, 4.0027599503557135e-13             
   92,   54, 1.5167981825852099e-08,-1.6077314476436200e-08, 3.7972941772968297e-13, 3.7986860089180089e-13             
   92,   55,-2.8710923718944400e-08,-2.4594962854268601e-08, 4.2144712796938629e-13, 4.2181595469427542e-13             
   92,   56,-2.6313438578328599e-08, 3.6862509952634103e-08, 3.9952024119985820e-13, 3.9968981843675990e-13             
   92,   57,-2.1038633992014200e-08,-7.5157093663711693e-08, 4.4327374335333845e-13, 4.4504590570246264e-13             
   92,   58,-4.9266134096017202e-08, 2.1049549028177201e-08, 4.2084964635049289e-13, 4.2133658959843741e-13             
   92,   59,-2.2881877242550300e-08,-3.3499419658386301e-08, 4.6680030672343949e-13, 4.6717295045559335e-13             
   92,   60,-1.2833130768653801e-08,-2.8825974203208400e-08, 4.4512211701968425e-13, 4.4536390753143839e-13             
   92,   61,-4.1234682922995103e-08,-2.2739924099180199e-08, 4.8912707146068811e-13, 4.8897793626235830e-13             
   92,   62,-5.2446332769682903e-08, 4.6586833225692401e-08, 4.7225527827630443e-13, 4.7149193774857085e-13             
   92,   63,-1.2625527252919200e-08,-8.8322608643467998e-09, 5.0966036083202895e-13, 5.1035704638029033e-13             
   92,   64, 3.8256661974358898e-08, 4.9487344651118801e-08, 5.0183500033068206e-13, 5.0230174645352441e-13             
   92,   65,-4.9563126009305000e-08,-3.2100514208933297e-08, 5.3147371510097975e-13, 5.3163440205986647e-13             
   92,   66, 2.1973455289442100e-08,-1.2462975180592201e-07, 5.3576593545004371e-13, 5.3585185414332289e-13             
   92,   67,-1.0437368948188500e-08, 7.6270180553043096e-08, 5.5087509552083190e-13, 5.5026393621239318e-13             
   92,   68, 3.4713633922535301e-08, 1.8251973250475800e-08, 5.7264012362412202e-13, 5.7322890365001608e-13             
   92,   69, 1.5086961686689801e-08,-3.4537911384560002e-08, 5.7058708227653086e-13, 5.7020510564215589e-13             
   92,   70,-8.1034062733606801e-09,-1.2898578062682000e-09, 6.1187772646141278e-13, 6.1098362495721356e-13             
   92,   71,-7.0961846322470599e-08,-1.0275283939804701e-07, 5.9315018336749650e-13, 5.9240578596942505e-13             
   92,   72, 4.2442647726666199e-08,-2.2626055740176000e-08, 6.5064561221622752e-13, 6.4965877058927504e-13             
   92,   73,-2.2011846008506099e-08,-1.3801506092134300e-08, 6.1991307331266241e-13, 6.2113471826933910e-13             
   92,   74,-1.6682035699709798e-08,-3.4514359993701903e-08, 6.8520774761564692e-13, 6.8478832636680085e-13             
   92,   75, 1.5581739654408599e-08, 1.1354077307515800e-08, 6.5968236529843665e-13, 6.6292869621777667e-13             
   92,   76, 1.6828281623115199e-08,-2.9732330112103402e-08, 7.1623916263841301e-13, 7.1929361242294742e-13             
   92,   77,-1.5023019950782001e-08, 1.9855006291107800e-08, 7.1344519892376331e-13, 7.1257396526949624e-13             
   92,   78, 4.1518861160716701e-08, 6.6326085752390699e-08, 7.4860530088955236e-13, 7.4829095812627290e-13             
   92,   79,-4.0973375473122498e-08, 3.5610292154421101e-08, 7.7885126205096622e-13, 7.7733430898400201e-13             
   92,   80,-3.8017910148674797e-08,-5.6679691317500599e-08, 7.8498809594851922e-13, 7.8266456139590465e-13             
   92,   81,-3.9353234376204603e-09, 6.8175430563488099e-09, 8.4896115138987366e-13, 8.4540054745810763e-13             
   92,   82,-3.6052943162839103e-08, 3.4778583137587300e-08, 8.4912531606850458e-13, 8.4736240462223357e-13             
   92,   83,-5.2365918082469499e-09,-1.0029115216523300e-08, 9.0084790229285887e-13, 9.0197280430396183e-13             
   92,   84, 2.8043033352522499e-08, 2.4516980389736599e-08, 9.7045478826119933e-13, 9.7062896790245358e-13             
   92,   85,-1.8414716994985398e-08,-8.6896690320614306e-08, 9.2532205069994900e-13, 9.2678443401969165e-13             
   92,   86,-5.6775203344567503e-08,-5.3502661789528602e-08, 1.1648000061241010e-12, 1.1630844874660417e-12             
   92,   87, 5.4802359226282801e-09, 1.5848954183177701e-08, 9.3168371930814340e-13, 9.3275228497028312e-13             
   92,   88,-1.4072939502097199e-08, 1.3961622717706600e-08, 1.4045583747761094e-12, 1.4024485527451563e-12             
   92,   89,-1.4083889971001000e-07,-9.2392761912931494e-09, 1.0639711804213010e-12, 1.0627049033301919e-12             
   92,   90,-4.7780025320672698e-08, 2.7112491400158600e-08, 1.6165170466447292e-12, 1.6202956641638611e-12             
   92,   91,-1.9285358618919201e-08,-1.0994426502099900e-08, 1.6077341303718303e-12, 1.6095507679339423e-12             
   92,   92, 2.0757461857517499e-09, 1.2075185949559499e-08, 2.4401576875862007e-12, 2.4433999219326647e-12             
   93,    0, 2.9763003683737301e-08, 0.0000000000000000e+00, 1.2576566075798785e-13, 0.0000000000000000e+00             
   93,    1,-1.0627098739692099e-08,-4.2504496005450300e-08, 1.2454207674278009e-13, 1.2497645878776017e-13             
   93,    2,-1.2140118596159499e-08,-8.5755687466114207e-09, 1.2836694817146330e-13, 1.2436418516228612e-13             
   93,    3,-5.3903613852077402e-08,-5.1805409724804797e-08, 1.2296398548124544e-13, 1.2815097074928821e-13             
   93,    4,-6.3672784576357403e-08, 1.1279934957118901e-08, 1.2739177798678745e-13, 1.2559115847025342e-13             
   93,    5, 1.6830545377880000e-08,-4.0840217067868502e-08, 1.2523043756742419e-13, 1.2814324475849899e-13             
   93,    6,-1.2287776685826899e-08, 4.9336035088064501e-08, 1.2740199788662680e-13, 1.2670776095264637e-13             
   93,    7, 2.0287570551126601e-08,-5.7659894843985403e-08, 1.2998306365438087e-13, 1.2623654979296034e-13             
   93,    8,-2.4092959920709299e-08, 4.0816500794657102e-08, 1.2870742539708167e-13, 1.2749642989566900e-13             
   93,    9, 5.0875952092351099e-09,-1.2346790501216101e-09, 1.3319580965255139e-13, 1.3007209602565431e-13             
   93,   10,-5.1202555646038301e-08, 9.5982113834785399e-08, 1.3063936930047991e-13, 1.2926512895996800e-13             
   93,   11, 3.1086379832497799e-08,-4.6821681740912102e-08, 1.3078993215501652e-13, 1.3440909785277857e-13             
   93,   12,-2.0166018706407402e-08,-6.9840394844707400e-08, 1.3315240041282415e-13, 1.3224010636350003e-13             
   93,   13,-4.9663658476384196e-09,-1.6600371290447999e-10, 1.3605317923112504e-13, 1.3525613680331148e-13             
   93,   14, 1.1346988907444399e-08,-9.9806022968550204e-09, 1.3687474194787615e-13, 1.3665978160528096e-13             
   93,   15,-3.9958075670438602e-08,-2.2198782012197800e-08, 1.3987881671609606e-13, 1.3900672170547738e-13             
   93,   16, 1.5475706172628099e-08, 5.9693230703994604e-08, 1.4547228760802284e-13, 1.4329165078125046e-13             
   93,   17,-2.9041896788087401e-08,-9.8819102298797204e-08, 1.4640777947036992e-13, 1.4371259337250725e-13             
   93,   18,-1.7215743033799699e-08, 6.1452343995565799e-08, 1.5124669228748187e-13, 1.5137040875732656e-13             
   93,   19,-5.0499704374143202e-08,-8.5505817060815201e-09, 1.5093074513382451e-13, 1.5090857028620197e-13             
   93,   20, 7.4969691343310996e-08, 3.5827886617769297e-08, 1.5724202205997438e-13, 1.5851324631871877e-13             
   93,   21, 1.5572609639430199e-08,-2.0849550657124902e-08, 1.5718220162494272e-13, 1.5995783362262909e-13             
   93,   22, 5.8128813455711303e-08,-5.6974927198795197e-08, 1.6705388464470771e-13, 1.6637395150319511e-13             
   93,   23,-5.3810228581386104e-09, 1.0751093070713500e-08, 1.6997630807744207e-13, 1.6728817594116507e-13             
   93,   24, 3.1532470828293202e-08,-7.7048066891245199e-08, 1.7790650042757465e-13, 1.7624916730973853e-13             
   93,   25,-4.3787900099568898e-08, 9.4944559934990605e-09, 1.7742880603406428e-13, 1.7728018749779925e-13             
   93,   26, 3.3269959474313400e-08, 2.8758851961324001e-08, 1.8683858268487791e-13, 1.8646151807902004e-13             
   93,   27,-4.5101907821222703e-09, 2.9346484152869702e-10, 1.8831303579383562e-13, 1.8900422519631221e-13             
   93,   28,-5.6492017642931501e-08,-6.8524054911995196e-08, 1.9688477486640482e-13, 1.9640465746072674e-13             
   93,   29,-8.3742660169449800e-09, 2.0943841750155201e-10, 2.0075512985204592e-13, 2.0051907762009980e-13             
   93,   30, 5.2198335075391498e-10,-1.5966873178773999e-08, 2.0586472186087312e-13, 2.0573548514849436e-13             
   93,   31,-9.5629278035500792e-10,-4.1049048189346501e-08, 2.1200039428509973e-13, 2.1203280797692286e-13             
   93,   32,-3.1469134776731799e-08,-1.4708242124641500e-08, 2.1564733676929533e-13, 2.1549946724556429e-13             
   93,   33, 3.4277552933916102e-09, 1.2121660793448799e-08, 2.2501809080360446e-13, 2.2547572947136271e-13             
   93,   34,-9.6439748698429998e-08,-6.6860976397275894e-08, 2.2577666162906198e-13, 2.2564383962046284e-13             
   93,   35, 4.4336682700991199e-08, 6.6469800602290604e-09, 2.3585030016975304e-13, 2.3666888771869158e-13             
   93,   36, 7.1405340607075399e-09, 1.2986302531652500e-08, 2.3575876601495921e-13, 2.3624604455096021e-13             
   93,   37,-3.7538938811821698e-08,-2.5355231773609301e-08, 2.4623132543906292e-13, 2.4732385905935179e-13             
   93,   38, 7.8069163454155394e-08,-2.7646602630445701e-08, 2.4850041872756277e-13, 2.4773476007941257e-13             
   93,   39, 1.7847400146318499e-08,-5.2170633162559198e-08, 2.5936224870746224e-13, 2.5747145257669830e-13             
   93,   40,-1.7716617768631799e-08,-5.4868572488761399e-08, 2.6182306465122701e-13, 2.6100827152151890e-13             
   93,   41,-1.4625020088470901e-08, 9.7032401056434196e-08, 2.6951707000901264e-13, 2.6973855743099025e-13             
   93,   42, 1.7185432126068301e-08, 5.6679658591224000e-08, 2.7595289924210451e-13, 2.7572730261845521e-13             
   93,   43,-1.9004106398341500e-08,-1.4756456434253000e-08, 2.8171637016074534e-13, 2.8339338145234285e-13             
   93,   44, 1.4778345466323200e-08,-6.1487067550383300e-08, 2.9015209243571252e-13, 2.9077269587869950e-13             
   93,   45,-4.3374190902238097e-08,-4.0559688223137999e-08, 2.9615568221326076e-13, 2.9465830266102348e-13             
   93,   46, 2.0634647934487302e-08,-5.1998423383721297e-08, 3.0585206504779397e-13, 3.0511036111786678e-13             
   93,   47, 3.3585977870836899e-08,-5.8223777942310301e-08, 3.0954603558490892e-13, 3.0803766514279297e-13             
   93,   48, 7.2598996232008797e-09, 1.7076255339363200e-08, 3.2235969496316435e-13, 3.2101072518739799e-13             
   93,   49,-4.3459187717490397e-08,-6.1271711108997501e-08, 3.2318785340116441e-13, 3.2347803887646255e-13             
   93,   50, 3.2354434705797899e-08,-2.2083805241780799e-08, 3.3912524388727924e-13, 3.3869653352511628e-13             
   93,   51, 6.1263745076979201e-08, 1.2442744457030899e-08, 3.3884148971077751e-13, 3.3790337792547896e-13             
   93,   52,-1.4759058354912500e-09, 1.2554195913451901e-09, 3.5747995313649256e-13, 3.5629210028600652e-13             
   93,   53, 2.6213393532588599e-08, 2.6581927607069601e-08, 3.5410957463383157e-13, 3.5338333762980179e-13             
   93,   54,-8.3246176410984594e-09,-4.4156936565807099e-08, 3.7499760013192283e-13, 3.7493482309904874e-13             
   93,   55,-8.5321616856385396e-10, 2.7281288565781798e-08, 3.6896315278703000e-13, 3.6979023057233093e-13             
   93,   56, 4.0462904440265100e-08, 7.6767471042889500e-09, 3.9456738982229388e-13, 3.9437752219854764e-13             
   93,   57, 6.3495981041111802e-09,-6.4983973433404200e-09, 3.8546414514063498e-13, 3.8788403127156083e-13             
   93,   58, 5.6926838890357398e-08,-9.2186955802817003e-09, 4.1462345266601713e-13, 4.1428665002546143e-13             
   93,   59,-1.8128502807762200e-08,-2.9144977708169201e-08, 4.0511458291161697e-13, 4.0565461698289557e-13             
   93,   60,-3.6130701409640798e-08, 1.4204258944949200e-08, 4.3459413034500083e-13, 4.3515114073530368e-13             
   93,   61, 5.6206950358260101e-08, 6.6623774278434601e-09, 4.2692548460232634e-13, 4.2735499843884311e-13             
   93,   62, 5.5336031590438901e-08, 5.0564221884906301e-08, 4.5463818966342994e-13, 4.5491344850620754e-13             
   93,   63,-5.0106468058588398e-08,-5.1960713070418000e-08, 4.5003731883113740e-13, 4.5251429704876615e-13             
   93,   64, 6.2298569492138205e-08, 3.2975954752203303e-08, 4.7386920183877163e-13, 4.7541488427852318e-13             
   93,   65,-4.5213554559309699e-08, 8.8524564979115993e-09, 4.7692118464202508e-13, 4.7730840587140129e-13             
   93,   66, 3.4627309620170301e-09, 5.6451729438592798e-08, 4.9401422859290932e-13, 4.9404683714550049e-13             
   93,   67, 5.1823652434601497e-08, 5.8615696978984199e-08, 5.0560286757760823e-13, 5.0625511014035756e-13             
   93,   68, 8.3940885755386805e-08,-3.9334631917796402e-08, 5.1300005885090148e-13, 5.1344175617827044e-13             
   93,   69,-2.3730801184616200e-08,-7.4912660364723098e-08, 5.3661787207042987e-13, 5.3643876489314820e-13             
   93,   70, 2.1975079067780300e-08, 4.7466652283871200e-08, 5.3302871185932233e-13, 5.3174607930805396e-13             
   93,   71,-1.1316314620853800e-08,-7.3672805661066896e-09, 5.6989183862630077e-13, 5.6876788624318873e-13             
   93,   72, 6.2821074335819997e-08, 8.9553729936186201e-08, 5.5497619765782492e-13, 5.5460120375939337e-13             
   93,   73,-2.7838328804379101e-08,-2.5291205185708599e-08, 6.0105666860980981e-13, 6.0113722287377405e-13             
   93,   74,-1.2192046744476000e-08, 5.3487740047693402e-09, 5.8295118089099466e-13, 5.8330047247534331e-13             
   93,   75,-2.3309227142236601e-08, 1.3792736178938900e-08, 6.2915429312630264e-13, 6.3171567178102118e-13             
   93,   76,-6.2820382856133599e-09,-3.4279755810312399e-08, 6.2355509743537621e-13, 6.2598829038110467e-13             
   93,   77,-4.4837240122831303e-09,-5.0257000865624098e-09, 6.5442097415861051e-13, 6.5499975207033623e-13             
   93,   78, 1.2045156302917400e-08,-3.1000160424555999e-08, 6.7860051852613622e-13, 6.7879420389638316e-13             
   93,   79,-4.3436769102561201e-08,-4.6995013277742202e-08, 6.7529691311727091e-13, 6.7557088882475936e-13             
   93,   80, 8.8552035935356003e-08, 1.8576455830641400e-08, 7.4722642160727236e-13, 7.4676894937932359e-13             
   93,   81, 3.2189809181623400e-08,-6.4674269673654595e-10, 6.9985952332875815e-13, 6.9941114943704321e-13             
   93,   82,-3.1367787107561903e-08,-2.2989424783255100e-08, 8.1805227163783649e-13, 8.1618587296938158e-13             
   93,   83,-1.5314004523788001e-08, 1.8943646099623701e-08, 7.5248512488303419e-13, 7.5186356294831172e-13             
   93,   84, 5.5681067589267698e-08,-4.5159643070481000e-08, 8.7384562168695167e-13, 8.7468135984414645e-13             
   93,   85, 1.4342165808345401e-08, 1.6940565545061800e-08, 8.6374598163456702e-13, 8.6445152293219588e-13             
   93,   86, 3.4593701502973801e-08,-2.0453642977514300e-08, 8.9867829815345670e-13, 8.9861051722253369e-13             
   93,   87, 5.9785141710621505e-08, 7.0615412129531494e-08, 1.0501992304370306e-12, 1.0493005307673414e-12             
   93,   88, 4.4967729067101703e-09,-2.1181273970123299e-08, 9.0295074696042976e-13, 9.0278744156860888e-13             
   93,   89, 9.0230593948286698e-08, 4.0653225106421401e-08, 1.2724765305078335e-12, 1.2767016801461975e-12             
   93,   90, 8.4841793642707997e-08,-2.7287333217301699e-08, 1.0429996775740010e-12, 1.0454021535380565e-12             
   93,   91, 4.5895510558584002e-08,-3.9095204387730502e-08, 1.4392776265495356e-12, 1.4461316998704083e-12             
   93,   92, 1.8806416941935501e-08,-2.7691530752862100e-08, 1.6111108884197835e-12, 1.6151136389731518e-12             
   93,   93, 6.6925120348384397e-08, 1.7405502347504800e-08, 2.1813538098106492e-12, 2.1905497207090596e-12             
   94,    0,-9.8055564299362601e-08, 0.0000000000000000e+00, 1.2806235702183411e-13, 0.0000000000000000e+00             
   94,    1,-8.7957843714505602e-08, 1.1951478720320401e-09, 1.2730740972414179e-13, 1.3474282132734812e-13             
   94,    2,-3.4109566915954297e-08,-1.4583295644235600e-08, 1.2839600841704403e-13, 1.2751155861178850e-13             
   94,    3, 1.2798386860614600e-08,-1.4389123686209599e-08, 1.2616408159270859e-13, 1.3092198957585819e-13             
   94,    4,-4.0305037767379502e-08,-4.6320917453156100e-08, 1.2723338604475640e-13, 1.2845395427311761e-13             
   94,    5, 2.1753170155394399e-08, 1.3132697497243701e-08, 1.2817257649730482e-13, 1.2910036424774275e-13             
   94,    6, 1.4199878239632399e-08,-3.1449695528234203e-08, 1.3030914232929810e-13, 1.2885403644351245e-13             
   94,    7,-5.5702863603793902e-08, 9.5531726824174397e-08, 1.3199065890376986e-13, 1.2867159909424852e-13             
   94,    8,-6.0921643900582896e-08,-6.1603882559402696e-08, 1.3258717674289437e-13, 1.2952768103238107e-13             
   94,    9, 4.6131155366942697e-08, 1.2621935930260100e-08, 1.3224830901061013e-13, 1.3069050663942219e-13             
   94,   10, 1.4306613095646100e-08,-1.4382412553068300e-08, 1.3241561200356549e-13, 1.3131396351441877e-13             
   94,   11,-3.8048636172390199e-08,-2.7239066983452200e-08, 1.3212218954665322e-13, 1.3395329558817544e-13             
   94,   12, 1.8602326369190300e-08, 1.5380678353325501e-08, 1.3588573469242044e-13, 1.3598322409039838e-13             
   94,   13,-2.7139334031817102e-08,-1.8013550317936901e-08, 1.3618296951513182e-13, 1.3660173313023728e-13             
   94,   14, 6.3287710430300196e-09,-4.7915871837960198e-08, 1.4136444736381685e-13, 1.3994662079529948e-13             
   94,   15, 3.4440605875569203e-08, 3.2473943761403503e-08, 1.4129950720986697e-13, 1.4096814850155598e-13             
   94,   16, 7.1425019889973596e-08,-2.4700306223097901e-08, 1.4828819234100176e-13, 1.4909555434518195e-13             
   94,   17, 2.5881480148550600e-08,-3.1747077300699702e-08, 1.4514274723536276e-13, 1.4753621755464496e-13             
   94,   18, 4.2735843529141799e-08,-7.5659302110967493e-09, 1.5695616671510422e-13, 1.5719647337826996e-13             
   94,   19,-1.0775503785412399e-08,-1.1287229478619000e-08, 1.5047848636935458e-13, 1.5280969137081902e-13             
   94,   20, 2.5953577506168099e-08, 6.3187145024843900e-09, 1.6580726522696342e-13, 1.6657113472849568e-13             
   94,   21,-1.9019047336598499e-09,-2.5895488392320301e-08, 1.5882910480915990e-13, 1.6103510314366191e-13             
   94,   22, 8.5035884727768403e-08,-2.0481189565393001e-08, 1.7709650416246894e-13, 1.7604724430237537e-13             
   94,   23, 2.8772960330228099e-08, 3.2517551124074497e-08, 1.6905484142010837e-13, 1.6734947496800874e-13             
   94,   24,-1.1720373723550500e-07, 3.3922055875865703e-08, 1.8891666036180696e-13, 1.8568383419671689e-13             
   94,   25,-3.8955015245106798e-09, 6.7047046148585897e-08, 1.7887041913372755e-13, 1.7836055360831117e-13             
   94,   26, 3.9440645599252403e-08,-2.1380727159056099e-08, 1.9643651706377294e-13, 1.9664326799022926e-13             
   94,   27,-5.4572161906887997e-08,-5.0896541329016798e-08, 1.8944362869217539e-13, 1.8991980302267432e-13             
   94,   28, 4.2041462257016002e-08, 7.6246363590577993e-09, 2.0746697246612179e-13, 2.0548279640172607e-13             
   94,   29,-2.9615379777425202e-08,-7.0288839976652904e-08, 2.0139293808489113e-13, 2.0269045354674907e-13             
   94,   30, 3.0384319205864100e-08,-1.6307697044417699e-08, 2.1413863612216257e-13, 2.1530217479929593e-13             
   94,   31,-7.7840702508294803e-08, 5.6769808748959399e-08, 2.1396581571790682e-13, 2.1454136299150411e-13             
   94,   32, 2.1926732617058601e-08, 2.7603629880065801e-08, 2.2351768052299674e-13, 2.2352749793694585e-13             
   94,   33,-1.7293106933588900e-09, 1.1099822065502700e-08, 2.2769961640081131e-13, 2.2720330307132363e-13             
   94,   34, 1.6481315356138201e-08, 3.3375795874945301e-08, 2.3239626970472770e-13, 2.3199996888556291e-13             
   94,   35,-1.0062714187588101e-08, 7.8452920311705003e-09, 2.4073645217094028e-13, 2.4134790377755738e-13             
   94,   36, 4.7162104768653199e-09,-2.0422738460366000e-08, 2.4169602847280244e-13, 2.4282830661365086e-13             
   94,   37, 6.9466997901587294e-08,-2.6845966455319200e-09, 2.5449546889549461e-13, 2.5349528072101808e-13             
   94,   38,-8.3910877780375494e-09,-2.3158356025969199e-08, 2.5351316397545222e-13, 2.5263426846096222e-13             
   94,   39,-4.3059853141062001e-08,-6.8039640179174701e-09, 2.6987665906083302e-13, 2.6701989644400856e-13             
   94,   40,-2.1987984112492199e-08, 1.4608413117636799e-08, 2.6610535317832499e-13, 2.6566149898428649e-13             
   94,   41,-5.6366700595987299e-08, 7.1889375731719695e-08, 2.8342933164908986e-13, 2.8286120880507519e-13             
   94,   42, 1.0141968403325100e-08,-4.4486114837107100e-08, 2.7824368012798639e-13, 2.7945736533857801e-13             
   94,   43,-3.5039614587370601e-08,-9.9286837326044804e-08, 2.9875343207455051e-13, 2.9999109770633640e-13             
   94,   44,-1.2441662284467401e-08, 2.8065136014357801e-08, 2.9313643493384983e-13, 2.9347623222265360e-13             
   94,   45,-1.8041499511652399e-08, 8.7394043571527999e-09, 3.1673187012850595e-13, 3.1465797752909532e-13             
   94,   46, 5.1862465780744298e-09, 1.1767217532781300e-07, 3.0734380268865118e-13, 3.0749478960352108e-13             
   94,   47,-6.8665826153890301e-08, 3.9636283715724602e-08, 3.3352210285141706e-13, 3.3208714980408858e-13             
   94,   48,-9.5781144431229104e-09,-4.3033758427753103e-08, 3.2280563990716558e-13, 3.2249441199192596e-13             
   94,   49,-1.0475122852278700e-08, 8.8370285510982096e-09, 3.5111316660648960e-13, 3.5175235866007466e-13             
   94,   50, 6.7755360955452697e-08, 8.9196814699531505e-08, 3.3825657508254863e-13, 3.3820238964898497e-13             
   94,   51, 1.6649389068751700e-08, 1.9411714320778700e-08, 3.7282888075207079e-13, 3.7155383228487131e-13             
   94,   52,-9.5416653246654501e-09, 4.3170062721072102e-09, 3.5613894762613693e-13, 3.5477682904475624e-13             
   94,   53,-8.4853409540412195e-08,-6.5226841099229895e-08, 3.9246895255325189e-13, 3.9170102373210698e-13             
   94,   54, 1.7058029495429901e-08, 4.0360365069317601e-09, 3.7307881852545079e-13, 3.7332494963403195e-13             
   94,   55,-1.4672786314426299e-08,-7.3904146998521598e-09, 4.1293317593054179e-13, 4.1332287638265975e-13             
   94,   56, 3.4918849420709199e-08,-2.2743219080264601e-08, 3.9112394465926916e-13, 3.9098257206643560e-13             
   94,   57,-2.5312527003817701e-08, 5.7635868685114002e-08, 4.3379364114294728e-13, 4.3560984027031921e-13             
   94,   58,-2.5466792806944701e-09, 1.7307265356725200e-09, 4.1050055963337099e-13, 4.1098489310977768e-13             
   94,   59, 7.6163235469302903e-08,-2.6378801390595699e-10, 4.5736886404555996e-13, 4.5779407649995405e-13             
   94,   60, 9.7120243303024803e-09, 3.9504020659377900e-08, 4.3203409282194285e-13, 4.3276525310118430e-13             
   94,   61, 6.7521106135637504e-08, 1.9897873470262898e-09, 4.8054559342675382e-13, 4.8014681263328564e-13             
   94,   62,-3.7392188889034600e-08, 1.1997648840198700e-08, 4.5687431295797636e-13, 4.5604990977398783e-13             
   94,   63,-3.0132782270652801e-08, 6.9645517575676298e-09, 5.0169576718118316e-13, 5.0259197296908561e-13             
   94,   64, 5.3437399723748298e-09, 6.2646900865652399e-08, 4.8306504882756594e-13, 4.8357692620977092e-13             
   94,   65,-4.8928147368810398e-08,-3.2884337636237400e-08, 5.2310046864014091e-13, 5.2283716103609923e-13             
   94,   66, 5.6418255579566103e-08, 1.9047038207903199e-08, 5.1377176984534127e-13, 5.1407763319573036e-13             
   94,   67, 2.4943910446802501e-10, 3.7164771190171598e-10, 5.4394562924813994e-13, 5.4345559454235791e-13             
   94,   68,-8.1987577466707405e-08, 1.0258771251706599e-08, 5.4812297820942805e-13, 5.4851130771750302e-13             
   94,   69,-3.1092579609293001e-08, 4.5033530125943503e-08, 5.6201208097685373e-13, 5.6168748336085472e-13             
   94,   70, 3.9996237331054300e-08, 1.4908166684959901e-09, 5.8625318997628065e-13, 5.8549214650001212e-13             
   94,   71, 2.6049846338530600e-08,-9.8934984350002200e-09, 5.8145674001887448e-13, 5.8067629012447988e-13             
   94,   72,-4.6187604278286000e-08, 1.2853255632859999e-08, 6.2513184969267518e-13, 6.2425907014174893e-13             
   94,   73, 1.4050182698559300e-08,-6.2809019055455200e-08, 6.0197577917738933e-13, 6.0293692801677737e-13             
   94,   74, 1.2957428583397200e-08,-5.6101230431035899e-09, 6.6415868313696096e-13, 6.6330906674135485e-13             
   94,   75, 7.3224754617751203e-08,-5.7428752181129497e-08, 6.2878742291452280e-13, 6.3165774342615633e-13             
   94,   76,-2.1527155332628099e-09, 2.1516884549841901e-08, 6.9707404927119814e-13, 7.0019044240936694e-13             
   94,   77, 1.6723806487764200e-08, 4.3048208277515697e-08, 6.7142179308701151e-13, 6.7070352469556318e-13             
   94,   78,-3.6012910629525002e-08, 1.7813118662818401e-09, 7.3120243653436877e-13, 7.3048239031688714e-13             
   94,   79, 3.6781242199139698e-09, 3.3910299238087002e-08, 7.2440081218553686e-13, 7.2267562261349952e-13             
   94,   80, 9.8764412461813909e-10, 4.6995702092586303e-08, 7.6130362086621686e-13, 7.5910615177335677e-13             
   94,   81,-3.7240481883092297e-08,-4.1664532779506898e-08, 7.9182235266532042e-13, 7.8851030728014744e-13             
   94,   82,-2.6055856303775200e-08,-7.0641249973943097e-09, 7.9528263267967912e-13, 7.9397151935303967e-13             
   94,   83,-9.3648843485175899e-09, 4.0939030066652602e-08, 8.6009969527376763e-13, 8.6110331054908860e-13             
   94,   84, 2.1331381177634899e-08, 3.4907029228335301e-09, 8.5890898942438414e-13, 8.5887247970918070e-13             
   94,   85,-3.1906658284219000e-08,-3.4418312535344203e-08, 9.1450847203837396e-13, 9.1639784904908499e-13             
   94,   86,-4.4775261889288598e-08,-1.9327974695304201e-08, 9.8376111868572072e-13, 9.8174869278438557e-13             
   94,   87, 7.5426547351300306e-09, 1.0931912943032100e-08, 9.3853209823723211e-13, 9.3848808715490643e-13             
   94,   88, 1.6560502412450999e-08,-4.4180948385682397e-08, 1.1802216332615644e-12, 1.1785359189207177e-12             
   94,   89,-1.0137863170127500e-07,-2.8082594261831099e-08, 9.4111108274493250e-13, 9.4128742681817494e-13             
   94,   90,-1.2581203065389601e-07,-3.6086036903073499e-09, 1.4199138226559169e-12, 1.4220296259158387e-12             
   94,   91,-1.5433028963033999e-08, 1.9776644343416100e-08, 1.0738845259647950e-12, 1.0763388288993934e-12             
   94,   92,-4.0102175065778001e-08,-9.0753162423375606e-09, 1.6310930963909763e-12, 1.6291305156405183e-12             
   94,   93,-3.5776693529600000e-08,-1.4158402586366000e-08, 1.6388216833867625e-12, 1.6384879118549343e-12             
   94,   94,-3.8311943563812603e-08,-9.6584842099360803e-09, 2.4521879481088756e-12, 2.4478299741320966e-12             
   95,    0, 5.8182738688526199e-09, 0.0000000000000000e+00, 1.2941222672554240e-13, 0.0000000000000000e+00             
   95,    1, 3.4435160066337802e-08,-6.2581253532119902e-09, 1.2908355437501276e-13, 1.3018122367391614e-13             
   95,    2, 4.3777725558655397e-08,-1.2656687283776100e-08, 1.3110115902402584e-13, 1.2817463256407106e-13             
   95,    3,-5.7019482554885901e-08, 4.0948507847139703e-08, 1.2722734551054431e-13, 1.3180743073877747e-13             
   95,    4,-1.2336169901700300e-08, 2.9756757041796002e-09, 1.3043172178197178e-13, 1.3031298071969974e-13             
   95,    5, 2.6241105141675700e-08, 2.0886343832481199e-08, 1.2934446330102704e-13, 1.3095903719661887e-13             
   95,    6,-1.9414000510222599e-08,-3.2180577441539399e-08, 1.3013311449852781e-13, 1.3125483101606395e-13             
   95,    7, 2.6037261144819199e-08,-7.3287417742950694e-08, 1.3362463585838216e-13, 1.3086437330777440e-13             
   95,    8, 9.2797583560195594e-08,-3.9060591024400902e-08, 1.3211617341421437e-13, 1.3480861957444532e-13             
   95,    9, 8.1502747469051397e-08, 2.9359419572938700e-08, 1.3405807554613889e-13, 1.3320865667960189e-13             
   95,   10,-3.5415791573872002e-08,-2.3785199459807999e-08, 1.3373664030903190e-13, 1.4166227531632280e-13             
   95,   11, 1.1152004594059500e-07,-3.0252762435796199e-09, 1.3511065387948049e-13, 1.3590963877604367e-13             
   95,   12,-2.0928000526888400e-09, 1.5107163190710699e-08, 1.3739694291256102e-13, 1.4290426000814475e-13             
   95,   13, 7.2290338637227098e-08, 8.1407302319450303e-08, 1.3869707549151528e-13, 1.3894044961212095e-13             
   95,   14, 4.7589048787983401e-08, 3.1153776353577298e-08, 1.4205086835906043e-13, 1.3959641963814460e-13             
   95,   15,-1.3747087204382699e-08, 3.6956930448109498e-09, 1.4321394936415603e-13, 1.4197297530594068e-13             
   95,   16,-5.2396093905765399e-08, 7.4481498545721702e-09, 1.4655677278304546e-13, 1.4513555580043929e-13             
   95,   17,-4.6934979504750103e-08, 6.4783774372035803e-08, 1.4678272345120572e-13, 1.4812348461627001e-13             
   95,   18,-1.4536478770502300e-08, 2.0955352622907501e-08, 1.5320741099112263e-13, 1.5238737065880195e-13             
   95,   19,-4.8374919213940904e-09, 3.1041149072086998e-09, 1.5215846578428700e-13, 1.5310719057303498e-13             
   95,   20, 5.1600018653213099e-08, 3.7143114636049602e-10, 1.5906201522604515e-13, 1.6097618046968205e-13             
   95,   21,-5.4594056946271602e-08, 2.1633535884926201e-08, 1.5912931178745913e-13, 1.5924580323856641e-13             
   95,   22,-1.6759915887899099e-08,-4.1121541043509702e-09, 1.6913847658899508e-13, 1.7193874603717525e-13             
   95,   23,-1.0476586050015799e-07, 1.3405721954096001e-08, 1.6877654179349262e-13, 1.6682943021917345e-13             
   95,   24, 1.0370368494941400e-08,-2.6269908780321000e-08, 1.7972668839952632e-13, 1.7637226885885822e-13             
   95,   25, 1.1244918794978700e-07,-2.4705507688182798e-08, 1.7888574382018345e-13, 1.7856932775676814e-13             
   95,   26, 4.1815703870103699e-08,-3.1070102166642601e-08, 1.8825961046454643e-13, 1.9080127639379947e-13             
   95,   27, 3.0375502217968702e-08, 4.4598414701325400e-08, 1.8875741448988807e-13, 1.8835979281920242e-13             
   95,   28, 1.9561689225760499e-08,-1.9015400212220899e-08, 1.9730541458495543e-13, 1.9732639603915425e-13             
   95,   29, 4.0176650788822200e-08, 1.2259326522532000e-08, 2.0051638334540641e-13, 2.0072983605843841e-13             
   95,   30, 1.5454744706266599e-08, 5.8260986788355398e-08, 2.0708568020957914e-13, 2.0782342008844308e-13             
   95,   31, 6.6831361624162006e-08, 4.0889008139686201e-08, 2.1122465133195760e-13, 2.1185504185518224e-13             
   95,   32, 4.0403837611558397e-08,-4.9429917912272103e-08, 2.1556134267426571e-13, 2.1556505786467532e-13             
   95,   33,-1.4704978592944700e-08, 3.2638396039561700e-09, 2.2399901315964510e-13, 2.2366416101951486e-13             
   95,   34, 2.0096066690307600e-08,-2.0779173394873600e-08, 2.2518884159008472e-13, 2.2498684157990656e-13             
   95,   35, 5.6030443316453903e-08,-1.2728806376550300e-08, 2.3487925520879189e-13, 2.3512453987913235e-13             
   95,   36, 1.7787709960495899e-08,-1.4518302983721400e-08, 2.3472627854875646e-13, 2.3552836727772244e-13             
   95,   37, 6.0556233336719498e-09, 3.2504075384125601e-09, 2.4538389765800303e-13, 2.4545793747196584e-13             
   95,   38,-2.1976187837831801e-08, 1.4125290330054300e-08, 2.4591442076568576e-13, 2.4599316114169280e-13             
   95,   39, 2.9322825269554701e-08, 2.3612195606331299e-08, 2.5740430217827463e-13, 2.5545979231549291e-13             
   95,   40, 4.0501404714152999e-09,-2.1409636686385500e-08, 2.5883809257796125e-13, 2.5788945753945216e-13             
   95,   41, 2.1627209911043399e-08, 2.4605978804502502e-08, 2.6816429561045147e-13, 2.6812612373934683e-13             
   95,   42, 1.5890594700680000e-08,-2.8444952305015200e-08, 2.7178412855757597e-13, 2.7204932464920499e-13             
   95,   43, 5.5220742064533500e-08, 2.0148687519301100e-08, 2.7929643787479011e-13, 2.8079559998195410e-13             
   95,   44, 2.5078822820359501e-08, 2.3388974965761701e-08, 2.8586425645098706e-13, 2.8755282101377436e-13             
   95,   45, 7.6646396212431606e-08, 1.9910329005791899e-08, 2.9343711960944683e-13, 2.9257876960191232e-13             
   95,   46, 1.7946597001496399e-08,-1.0774761697522901e-08, 3.0060084121628978e-13, 3.0214868317533651e-13             
   95,   47, 5.9907886374956094e-08,-8.9383294273238100e-09, 3.0667653968380789e-13, 3.0498993166431056e-13             
   95,   48,-2.0741343470598701e-08, 1.3961443441691300e-08, 3.1604155597343786e-13, 3.1580763748946111e-13             
   95,   49,-5.9314461658566901e-10, 2.9132064773047799e-08, 3.1972790066022038e-13, 3.1992682874151095e-13             
   95,   50,-1.7713861716187100e-08,-2.5913231540214199e-09, 3.3265379390968733e-13, 3.3213610755513622e-13             
   95,   51,-2.8756901425645199e-08,-4.9297181847088001e-08, 3.3502145005977804e-13, 3.3405662986619753e-13             
   95,   52,-3.8557870481578000e-08,-6.9847338583575497e-09, 3.5110459117942272e-13, 3.4967257538030167e-13             
   95,   53, 5.3803701528560699e-08, 1.6562338747627601e-08, 3.4965209053376615e-13, 3.4891211604886507e-13             
   95,   54, 3.4615172316577702e-08,-1.9962694001416299e-09, 3.6797721166649140e-13, 3.6819101116959454e-13             
   95,   55,-4.0824349455836198e-08,-1.0274902505255700e-08, 3.6412689742047312e-13, 3.6523616400204879e-13             
   95,   56, 4.1280540835766797e-08, 7.9747453735016994e-09, 3.8668188994053900e-13, 3.8683644317055489e-13             
   95,   57, 1.9337967045528101e-08, 2.4164585023867600e-08, 3.7885277486700490e-13, 3.8114966633982567e-13             
   95,   58, 1.5745674437830202e-08,-2.8498637530865799e-08, 4.0699870123265031e-13, 4.0692338131161034e-13             
   95,   59,-9.3252614638270002e-08, 6.4767576205386799e-09, 3.9711253562121152e-13, 3.9759894763137856e-13             
   95,   60,-2.9912196876634598e-08,-1.5938250525468900e-08, 4.2703130750254683e-13, 4.2758052341717988e-13             
   95,   61, 1.7208684422468499e-08,-8.6488698414122995e-09, 4.1607503021249942e-13, 4.1651884806948780e-13             
   95,   62,-2.1230265226680900e-08,-2.5056052163515399e-08, 4.4786791376779131e-13, 4.4786424765938149e-13             
   95,   63,-1.1855587309441000e-09,-1.0796935522705800e-08, 4.3719547833814720e-13, 4.3908181424243851e-13             
   95,   64,-1.1711318928644400e-08,-9.4538804244342103e-09, 4.6717113999497168e-13, 4.6854307059485056e-13             
   95,   65, 7.3509501404004604e-09,-9.3101017450021405e-09, 4.6169539048033064e-13, 4.6198311014405996e-13             
   95,   66,-2.1564396425948700e-08,-1.0725864198359500e-08, 4.8739902812822266e-13, 4.8781488414934742e-13             
   95,   67,-2.0361011541173201e-08,-2.2225823064639099e-08, 4.8791541737608136e-13, 4.8830558859262768e-13             
   95,   68, 1.6596991153127301e-08,-3.1313063802035203e-08, 5.0693541300406999e-13, 5.0703877166773454e-13             
   95,   69, 6.7601431558416700e-08,-2.4744055964495199e-08, 5.1771604852207117e-13, 5.1710241891400357e-13             
   95,   70,-2.8942739067276700e-08, 3.4411097450028298e-08, 5.2609954025558953e-13, 5.2502954659150159e-13             
   95,   71,-4.9015438951592203e-08, 2.1763606624168000e-08, 5.4900195282278352e-13, 5.4837668984851746e-13             
   95,   72, 1.1940960021967900e-08,-1.4774094152216000e-09, 5.4382760271195339e-13, 5.4398806357408461e-13             
   95,   73, 6.2814407687978399e-09,-1.5659711796462099e-08, 5.8225327730719155e-13, 5.8261010697179732e-13             
   95,   74, 3.6756853716538402e-08, 3.7913081569094001e-08, 5.6558903182721582e-13, 5.6554162574872413e-13             
   95,   75, 4.2101805637547197e-08, 4.0046388055285402e-08, 6.1412947719926769e-13, 6.1637080489218210e-13             
   95,   76,-5.6493089531421602e-08, 5.5073822056572302e-08, 5.9268784481105910e-13, 5.9521230485270026e-13             
   95,   77, 2.3015144342467700e-08, 1.4616986108083500e-08, 6.4475514799691934e-13, 6.4556660880055367e-13             
   95,   78, 1.5359218951242999e-08,-2.4734500889610199e-08, 6.3571023217299397e-13, 6.3593114621655843e-13             
   95,   79, 1.6215860694729799e-08,-1.9070535148955502e-08, 6.6934753227734303e-13, 6.6936220826257117e-13             
   95,   80, 3.1245173929928401e-08,-3.3371699665904801e-08, 6.9097104897560106e-13, 6.9051452891379441e-13             
   95,   81,-3.0361480994132802e-08,-2.5042162444603801e-08, 6.8927037971653474e-13, 6.8920013336149454e-13             
   95,   82,-1.0122886219337401e-08, 4.0331674605533897e-08, 7.6142587596065483e-13, 7.5979537861940996e-13             
   95,   83, 7.4222422880627806e-08,-3.0991703830531897e-08, 7.1256787548334494e-13, 7.1286247331582652e-13             
   95,   84, 1.7768555388827100e-09, 9.4067131118642791e-10, 8.3156939651863118e-13, 8.3292779376546945e-13             
   95,   85,-3.0010530619862601e-08, 1.5896821225802701e-08, 7.6534789031524293e-13, 7.6569286325732462e-13             
   95,   86, 1.1646472946227500e-08, 4.8578670376785502e-08, 8.9027932563581536e-13, 8.8984260475774948e-13             
   95,   87, 4.2293186605397602e-08, 3.7060230215679201e-08, 8.8009137668182825e-13, 8.7927566895943319e-13             
   95,   88,-4.5353329361956003e-08,-5.3074761118391003e-08, 9.1214186223778683e-13, 9.1290690178777421e-13             
   95,   89, 1.2958659523865500e-09, 1.9670063673687000e-08, 1.0676580421596780e-12, 1.0713839676756342e-12             
   95,   90, 8.9984650544015006e-08, 7.4643678599758500e-09, 9.1215151614602793e-13, 9.1407739927356315e-13             
   95,   91, 2.3873174558968600e-08,-5.4937278848695104e-09, 1.2949569683000728e-12, 1.3000071965339081e-12             
   95,   92,-4.2909905315209002e-08, 2.2164428696399701e-08, 1.0550883420868861e-12, 1.0594014654742203e-12             
   95,   93, 2.5359440054379099e-08, 6.5209402907040097e-08, 1.4601741366694466e-12, 1.4643621987170214e-12             
   95,   94, 1.5553229714163000e-09, 2.0447421565552000e-08, 1.6446290197683220e-12, 1.6428064175608983e-12             
   95,   95,-4.3281770177614097e-08, 2.6214208026839300e-08, 2.2059970647428800e-12, 2.2071592746997311e-12             
   96,    0, 2.4402969352470001e-08, 0.0000000000000000e+00, 1.3126239884439472e-13, 0.0000000000000000e+00             
   96,    1,-2.5132597642028099e-08,-1.8902398065960299e-08, 1.3164825649821719e-13, 1.3101583262775456e-13             
   96,    2,-3.9307288835502501e-08, 2.1334115923424699e-08, 1.3234455638583238e-13, 1.3026815073591042e-13             
   96,    3, 3.5355001377698402e-08, 3.8017025581333899e-08, 1.2897545457321791e-13, 1.3411429733633606e-13             
   96,    4, 4.7182994830922504e-09,-1.6513861810770799e-08, 1.3102874305264457e-13, 1.3248635579405755e-13             
   96,    5,-6.2431644569486302e-09,-3.9511510913732397e-08, 1.3108014918091274e-13, 1.3344764478292458e-13             
   96,    6, 4.8152376986051403e-08, 2.0481156758724101e-08, 1.3160533584690200e-13, 1.3278566071178506e-13             
   96,    7,-6.3971454625027102e-10, 3.8560590540081798e-08, 1.3487013971366508e-13, 1.3181271538649009e-13             
   96,    8,-4.2113429787995402e-08, 2.4649481040687700e-08, 1.3420113043220218e-13, 1.3367562706311554e-13             
   96,    9, 2.0591905566277100e-08, 1.9543911282402400e-08, 1.3510560975109344e-13, 1.3553690454924792e-13             
   96,   10,-2.0339404476334901e-08, 7.7803860885522199e-10, 1.3606848847400533e-13, 1.3547910937098550e-13             
   96,   11, 6.6776422068336397e-09, 9.7718656506392294e-09, 1.3742326114876379e-13, 1.3773594802157556e-13             
   96,   12,-1.1979752962762901e-08,-6.5606371954053106e-08, 1.3965041018858923e-13, 1.3923925316035522e-13             
   96,   13,-3.5404989798544498e-08,-1.8506208495113301e-08, 1.4291742733479714e-13, 1.4075684090325375e-13             
   96,   14,-4.7962693431389501e-08,-5.7917447769854503e-08, 1.4536907276935138e-13, 1.4414602060009293e-13             
   96,   15,-3.6837468145750797e-08,-3.9407651886778197e-08, 1.4413053837041223e-13, 1.4358812017101538e-13             
   96,   16, 5.2125288239630601e-08, 3.5958809860844203e-08, 1.5093357243064233e-13, 1.5072163358664303e-13             
   96,   17, 2.1671133619846202e-09, 1.5973613272151001e-08, 1.4790567785761102e-13, 1.4833539128333115e-13             
   96,   18,-2.3017132619148701e-08,-5.6730252825956399e-08, 1.5886229754633765e-13, 1.5887097873660931e-13             
   96,   19,-1.5564412180720900e-08, 2.7817263463789100e-08, 1.5490292193941611e-13, 1.5526204336965500e-13             
   96,   20,-3.7610106776402898e-08,-4.0844823789429200e-08, 1.6754885215395948e-13, 1.6850657007448054e-13             
   96,   21,-1.7639149405604399e-10, 6.5575011817646799e-09, 1.6138003188342194e-13, 1.6150020456800217e-13             
   96,   22,-4.2597529650030098e-08,-9.8848751734509207e-09, 1.7833482199743080e-13, 1.7765988572275283e-13             
   96,   23, 6.1211303614605894e-08, 1.3055761390794500e-08, 1.7028620722992726e-13, 1.6861347016014785e-13             
   96,   24, 1.0156722437651900e-08,-8.6988497366534507e-09, 1.8825696459344041e-13, 1.8649531835308090e-13             
   96,   25,-6.1056071837506798e-08,-5.3594673111759002e-09, 1.7988616879936971e-13, 1.7894246334416760e-13             
   96,   26,-2.2882551560562099e-08, 1.9712369651697101e-08, 1.9744207732547221e-13, 1.9817504717016200e-13             
   96,   27,-2.6458320010269901e-08, 3.0910095907542603e-08, 1.9036031974801180e-13, 1.8959181730676198e-13             
   96,   28, 2.8973163235790100e-08,-1.8385193405525101e-09, 2.0695051558958781e-13, 2.0587196045316289e-13             
   96,   29,-2.4780264762341599e-08, 2.5164512123133200e-08, 2.0091691223338844e-13, 2.0221677692815152e-13             
   96,   30, 2.7536160261785998e-08, 6.4865715518880107e-08, 2.1485620649200681e-13, 2.1460521278643640e-13             
   96,   31,-7.5887145041021302e-09, 7.0575675780102402e-09, 2.1352556597707694e-13, 2.1399520242293556e-13             
   96,   32,-3.4156339718265897e-08,-2.2088781676023698e-08, 2.2350884563757258e-13, 2.2338358056756057e-13             
   96,   33,-2.0712106480464399e-08, 3.9377300034469899e-08, 2.2602209279611757e-13, 2.2625958106609819e-13             
   96,   34,-2.2825593030513698e-09,-2.7946161426732300e-08, 2.3291928656482201e-13, 2.3234580525765707e-13             
   96,   35, 6.6809063689785899e-09, 5.0838574418610101e-08, 2.3958341407314993e-13, 2.3917703837123707e-13             
   96,   36, 3.7128635462708398e-08,-5.1444667441491603e-08, 2.4140493502223226e-13, 2.4256438520596153e-13             
   96,   37, 7.5638470458787107e-09,-3.7237017833051603e-08, 2.5261479754023579e-13, 2.5203609314294189e-13             
   96,   38,-4.0134915863600598e-08, 2.2621938530371601e-08, 2.5261550752959799e-13, 2.5166868782282695e-13             
   96,   39, 1.1278295253669800e-09,-1.0018046179341400e-08, 2.6668526119783888e-13, 2.6442685604109875e-13             
   96,   40,-5.6242832454552703e-08,-9.9493472123081896e-09, 2.6450379973349417e-13, 2.6303726272620749e-13             
   96,   41, 2.8714674156221800e-09, 4.3779688366603700e-08, 2.8010660606024340e-13, 2.8017532883778215e-13             
   96,   42,-3.1743074411356501e-08,-2.3535487250672699e-08, 2.7634962829873440e-13, 2.7685477461696626e-13             
   96,   43,-2.2388323382452699e-08, 9.2506337636619399e-10, 2.9385067333510958e-13, 2.9493494777253470e-13             
   96,   44, 6.0352052340813394e-08, 1.5992262272081501e-08, 2.8941868374155569e-13, 2.9035226462639814e-13             
   96,   45,-1.6322063302071701e-08,-5.0753145167234596e-09, 3.1091616295183828e-13, 3.1001400762357592e-13             
   96,   46,-4.2322402708209497e-08,-9.8347697234034701e-09, 3.0444008835271387e-13, 3.0424664320511075e-13             
   96,   47,-1.0913414947492700e-08,-2.9983772150789599e-08, 3.2830141793076867e-13, 3.2612654057064036e-13             
   96,   48, 1.1193974136590501e-08,-6.9280966870417005e-08, 3.1872343027010984e-13, 3.1860370613036748e-13             
   96,   49,-2.5970639919089301e-08,-1.8620340835386400e-09, 3.4519565768761098e-13, 3.4484452359227967e-13             
   96,   50, 1.5385884728557899e-08,-1.2706152624867000e-08, 3.3423394479413764e-13, 3.3384410427839332e-13             
   96,   51, 7.2480040813960499e-09, 1.2362295985574599e-09, 3.6435392255396953e-13, 3.6345469473965598e-13             
   96,   52, 1.3726870012116601e-08, 4.3040229118835199e-08, 3.5060918205475984e-13, 3.4956579432180394e-13             
   96,   53, 8.3493169317965894e-08, 2.1690920710275100e-08, 3.8503752277317837e-13, 3.8402420759666712e-13             
   96,   54,-3.6103560628731602e-08,-3.9016353433236402e-08, 3.6682481255292693e-13, 3.6759566466198101e-13             
   96,   55, 3.3247502975682397e-08,-9.9309610824047804e-09, 4.0463420530212258e-13, 4.0472530609741093e-13             
   96,   56, 4.8299630156930903e-08, 1.6570316759000999e-08, 3.8401253332359184e-13, 3.8436337407792012e-13             
   96,   57,-9.9857068316725406e-09, 1.3174665981591100e-08, 4.2512579200869239e-13, 4.2688260519185534e-13             
   96,   58, 2.4389858508329899e-08, 2.3934097813328301e-08, 4.0223008254484739e-13, 4.0274904488516698e-13             
   96,   59,-4.5612962452518102e-08, 4.0495384774142602e-08, 4.4762972881834389e-13, 4.4844157672212345e-13             
   96,   60, 7.0254831014456905e-08,-8.8127659606247196e-09, 4.2213805310884518e-13, 4.2165134371410341e-13             
   96,   61, 2.8432321535985600e-08, 2.3387585230178200e-08, 4.7113258083381396e-13, 4.7139116126612980e-13             
   96,   62, 2.0378214781151401e-08,-3.9260365338705999e-08, 4.4402104543629291e-13, 4.4301708718377896e-13             
   96,   63,-1.7283631069633000e-08, 1.7563331736579801e-08, 4.9323820992879490e-13, 4.9438616738152367e-13             
   96,   64, 3.0240914348629303e-08, 5.6253049868891698e-08, 4.6761412479902250e-13, 4.6826336596349276e-13             
   96,   65,-4.1867805673657203e-08,-6.4576319739504703e-09, 5.1526985872310625e-13, 5.1529248314027657e-13             
   96,   66, 2.7747207253832001e-08,-4.7733319292510898e-08, 4.9477823085968387e-13, 4.9516679729231784e-13             
   96,   67,-2.0829473906270801e-08, 1.3326031228463800e-09, 5.3602358460096432e-13, 5.3584594582298940e-13             
   96,   68, 1.0601197156849900e-08, 1.4425606368688701e-08, 5.2582503327600428e-13, 5.2623166708875327e-13             
   96,   69, 8.5380009893863599e-09, 5.7550677167921499e-08, 5.5620249688809011e-13, 5.5589817414228958e-13             
   96,   70, 6.0277867365421898e-08,-7.1520376388216100e-09, 5.6118532947537920e-13, 5.6096003947352166e-13             
   96,   71, 7.5554063669888295e-08,-5.7531939213066498e-08, 5.7367800086531775e-13, 5.7331840500259166e-13             
   96,   72, 5.8373769434416702e-08,-3.4552473560364300e-08, 5.9922270507311888e-13, 5.9872527307673996e-13             
   96,   73,-4.0874389748649497e-09, 2.0615126375107300e-08, 5.9147821456036049e-13, 5.9242563685676745e-13             
   96,   74, 2.9301093034127500e-09, 8.7026367438982106e-09, 6.3869409880872554e-13, 6.3755445873773013e-13             
   96,   75,-1.1773513966067001e-08, 6.0608593805101999e-09, 6.1081661142409508e-13, 6.1400997806046458e-13             
   96,   76,-3.3529903128433398e-08,-2.1049241861429701e-08, 6.7580018468862506e-13, 6.7861131523823442e-13             
   96,   77,-1.7903102972751600e-08,-1.0868301364443499e-08, 6.4063931516850929e-13, 6.3980301195865712e-13             
   96,   78,-8.4396464648871306e-09,-6.1400957208805306e-08, 7.1275606608771227e-13, 7.1181360830565139e-13             
   96,   79,-1.4813771281357800e-08,-2.2901923502473101e-08, 6.8172488634504982e-13, 6.8040905723152117e-13             
   96,   80,-5.9913192752432096e-08,-9.5240377146019698e-09, 7.4464257411091344e-13, 7.4335274542352626e-13             
   96,   81,-2.1375496582924799e-08, 5.3495705851125797e-08, 7.3560777827933942e-13, 7.3318555721645411e-13             
   96,   82,-3.7848677620103698e-08,-6.2570344353481104e-08, 7.7280044085042585e-13, 7.7164525529976682e-13             
   96,   83, 3.0245774767511303e-08,-1.9278918218476701e-08, 8.0229634534919673e-13, 8.0304855842529828e-13             
   96,   84,-4.2129887859188599e-08,-6.5267002359641004e-10, 8.0612054551270423e-13, 8.0530218728256203e-13             
   96,   85,-3.9362741838413699e-08,-9.3580333305038705e-08, 8.7345919406624223e-13, 8.7567825915612234e-13             
   96,   86, 4.4615324017193498e-09, 1.7948024516616201e-08, 8.7078294945259267e-13, 8.6889122731280572e-13             
   96,   87, 2.5882097432403500e-09,-1.8457553178282299e-09, 9.3013729976349679e-13, 9.3000386083726103e-13             
   96,   88,-2.3804706114928100e-08,-6.3451742302996002e-08, 9.9606918019713272e-13, 9.9456467518617039e-13             
   96,   89, 9.1214254724235894e-09, 1.4072975183078100e-08, 9.5113048717644443e-13, 9.5173925072888275e-13             
   96,   90, 7.9219122262729502e-09, 4.9817568304712001e-08, 1.1942501412905678e-12, 1.1960565440888398e-12             
   96,   91,-2.1319520492192000e-08,-6.2102038268116503e-09, 9.4940911555406814e-13, 9.5193919017064411e-13             
   96,   92, 2.6543569700122700e-08,-1.1679376559246299e-08, 1.4403062149546251e-12, 1.4372883194695042e-12             
   96,   93,-6.3901504021444902e-09,-1.1627367691286500e-08, 1.0875552840518140e-12, 1.0877597891271385e-12             
   96,   94,-3.7668213057105402e-08, 6.5940783755469301e-09, 1.6434704795336704e-12, 1.6411274415854517e-12             
   96,   95,-1.4528771861010401e-08,-3.3786271574432201e-08, 1.6673513003206861e-12, 1.6718442454812673e-12             
   96,   96, 1.9830247580288100e-08,-3.4262236083993900e-08, 2.4602701221541675e-12, 2.4587531432297690e-12             
   97,    0,-3.7706509560312401e-08, 0.0000000000000000e+00, 1.3367360383855103e-13, 0.0000000000000000e+00             
   97,    1,-5.3069302719758300e-08, 1.2075220839683401e-08, 1.3337481674448313e-13, 1.3437745928135057e-13             
   97,    2,-1.9700283369597200e-08, 1.8211591960286301e-08, 1.3443604613314013e-13, 1.3346234557752819e-13             
   97,    3,-9.3172710925140704e-09, 8.0130819561487106e-09, 1.3093075565899547e-13, 1.3592240350047254e-13             
   97,    4,-1.5918739126942500e-08,-1.8644148173300700e-08, 1.3320731707775555e-13, 1.3465968212325135e-13             
   97,    5, 5.0752114885250200e-08, 1.0284891682179300e-08, 1.3279348801863609e-13, 1.3480377845295654e-13             
   97,    6, 3.8380054914130299e-08, 1.8877594735770400e-08, 1.3480735789064665e-13, 1.3477829875782295e-13             
   97,    7,-3.0746791122457201e-08,-5.5087600371622499e-08, 1.3624531794423685e-13, 1.3392486825705171e-13             
   97,    8,-9.3879621493915704e-09, 7.3657057446248498e-09, 1.3683056813304457e-13, 1.3565375624180365e-13             
   97,    9, 7.5945499094156993e-09,-1.6931850121809599e-08, 1.3687639922443125e-13, 1.3698998079710061e-13             
   97,   10,-2.2442414332634599e-08,-1.1360912194370201e-08, 1.3842006357980226e-13, 1.3651507634703411e-13             
   97,   11, 3.2583349184205999e-08,-2.4084627953144001e-08, 1.3983754742831157e-13, 1.4148999027107505e-13             
   97,   12,-3.5432684220075798e-08, 8.5370779274456102e-08, 1.4118544106737120e-13, 1.4014484786425164e-13             
   97,   13,-7.3548028473568804e-09, 6.3900774319120098e-08, 1.4345751338144223e-13, 1.4442048194735943e-13             
   97,   14, 1.0389794352375300e-07,-2.0749796155136399e-08, 1.4559495432906051e-13, 1.4217918818451060e-13             
   97,   15, 8.7535986038933402e-09, 1.9423409819161301e-08, 1.4665916284399768e-13, 1.4697989137997619e-13             
   97,   16,-2.1243360873572100e-08, 9.6104040029111293e-09, 1.4835423581037820e-13, 1.4872259698584355e-13             
   97,   17, 1.7213103172768701e-08,-3.0895903790076499e-08, 1.5046722055832231e-13, 1.4970176064208776e-13             
   97,   18, 8.3290675812899601e-09, 1.3905549829703499e-08, 1.5624666723551945e-13, 1.5447956188262626e-13             
   97,   19,-2.0890814787706599e-08,-7.8482534142919994e-08, 1.5451386750936270e-13, 1.5597654870257436e-13             
   97,   20, 1.8000740852236099e-08, 1.0353967965736400e-08, 1.6240902619458305e-13, 1.6303553256436412e-13             
   97,   21,-3.0827400267986802e-08,-1.0708916878576600e-08, 1.6241965088057981e-13, 1.6205975135626712e-13             
   97,   22, 3.9051949492300298e-08, 6.0541793353145695e-08, 1.7047204462642027e-13, 1.6937440798427862e-13             
   97,   23, 2.2885607775330699e-08, 7.3228858606126003e-09, 1.7010275325490689e-13, 1.6895617197927666e-13             
   97,   24,-4.0566364473272598e-09,-7.9233480853699401e-08, 1.8033773457005225e-13, 1.7812643578922675e-13             
   97,   25, 5.6489407314460898e-09, 2.1562803585775100e-08, 1.7943760258110746e-13, 1.7872382485543437e-13             
   97,   26,-9.0533147606550693e-09, 4.2176566327703397e-08, 1.8903768051894861e-13, 1.8842871022881382e-13             
   97,   27,-2.5944346004572100e-08,-3.0868558797269697e-08, 1.9052057583875370e-13, 1.8960175735842182e-13             
   97,   28,-3.1168541379466299e-09, 1.6288139270173700e-08, 1.9873720687127156e-13, 1.9836938652142496e-13             
   97,   29,-9.3327725197847807e-09,-5.6353640737592997e-09, 1.9965350251713710e-13, 2.0064448075680909e-13             
   97,   30,-6.2856142410693006e-08,-4.8042373090312298e-08, 2.0701039474370240e-13, 2.0661988708813884e-13             
   97,   31,-1.5933250525349400e-08, 1.0821024563593100e-08, 2.1225869873046179e-13, 2.1188133303166933e-13             
   97,   32, 1.7926565338517001e-08,-2.5376606977449300e-08, 2.1604633796637076e-13, 2.1616236661906310e-13             
   97,   33, 2.3120546470989100e-08, 1.3481767075890701e-08, 2.2236774614765008e-13, 2.2208489538752640e-13             
   97,   34,-2.1214400004872199e-08, 4.4170082473842499e-09, 2.2468447271175856e-13, 2.2434775658717871e-13             
   97,   35, 2.6681933600815199e-08,-3.7227720941628698e-08, 2.3426863716489541e-13, 2.3433885756780942e-13             
   97,   36, 1.0277477537481501e-08, 2.2413573123064601e-08, 2.3439383310558474e-13, 2.3510483766879351e-13             
   97,   37, 2.0191272675722899e-08, 8.4832915896699199e-08, 2.4499912206362001e-13, 2.4561641653270674e-13             
   97,   38, 6.1062601175792401e-08,-3.1675063432289598e-08, 2.4509866585821654e-13, 2.4478895469877206e-13             
   97,   39, 1.3964577958670701e-08,-1.4103672083588601e-08, 2.5672612333077562e-13, 2.5460599201587640e-13             
   97,   40,-1.6484568684458800e-08,-2.7598920233937701e-08, 2.5667062013639960e-13, 2.5564180980351136e-13             
   97,   41,-2.4829314741601199e-08, 2.6252097601318900e-08, 2.6679551081247347e-13, 2.6673395618631570e-13             
   97,   42, 2.5866873574762301e-08,-5.7771636826244197e-09, 2.6864951429201172e-13, 2.6897698640114913e-13             
   97,   43, 1.4778274649734100e-08, 1.5504410429133999e-08, 2.7773171571604394e-13, 2.7926347126988012e-13             
   97,   44,-5.0217954397645101e-10,-2.6722803628486400e-08, 2.8240643924667387e-13, 2.8239829874359314e-13             
   97,   45,-2.2777756786620201e-08, 6.0533130936706498e-08, 2.9131211468519964e-13, 2.9036544046932727e-13             
   97,   46,-7.7104986584670699e-10,-3.1702875471634701e-08, 2.9725342536033402e-13, 2.9634113879712934e-13             
   97,   47,-8.0721693142698404e-09, 5.5025584976549498e-08, 3.0478999308097204e-13, 3.0309156905271122e-13             
   97,   48, 1.5957802836843600e-08,-2.0095345139070299e-08, 3.1206947991506545e-13, 3.1137143753329532e-13             
   97,   49,-6.4881606891188800e-08, 4.0214328149332098e-08, 3.1720662970048987e-13, 3.1735455764550944e-13             
   97,   50, 4.3201186310673703e-08,-2.3023699753193399e-09, 3.2691650644863562e-13, 3.2640484082703167e-13             
   97,   51, 2.0318072448695402e-08,-5.1458572928460402e-09, 3.3178267498306916e-13, 3.3115607668277327e-13             
   97,   52, 1.8569881300278099e-08,-1.8648800871376799e-08, 3.4497463841496162e-13, 3.4296726263720423e-13             
   97,   53,-6.3199071979794101e-08,-1.0031315054819400e-07, 3.4612190584750644e-13, 3.4548328904795890e-13             
   97,   54, 1.1412266636027900e-08, 2.7107485589863400e-08, 3.6189589761123644e-13, 3.6202242248185329e-13             
   97,   55, 2.2355736637752802e-08, 3.2368974040061299e-08, 3.6002353228919778e-13, 3.6113209568001562e-13             
   97,   56, 4.3509437272017497e-08,-5.2019940359420099e-09, 3.7962764738794298e-13, 3.7976756815561163e-13             
   97,   57,-6.6615667570216296e-08, 2.2633425936719199e-08, 3.7437889903143061e-13, 3.7640942679296197e-13             
   97,   58,-5.0234575341144802e-08, 2.1006057398836301e-09, 3.9927535890911090e-13, 3.9885170212493100e-13             
   97,   59, 2.1826053315353199e-08, 2.1870756015061401e-09, 3.9066282264799199e-13, 3.9115854446182723e-13             
   97,   60, 2.7448444406882700e-08,-6.7788128279445704e-09, 4.1937826573070422e-13, 4.1947754350110087e-13             
   97,   61,-1.1812726376943399e-08,-1.4575089548714801e-08, 4.0795915212134818e-13, 4.0858057136802344e-13             
   97,   62, 6.5150640283434104e-09, 4.0128075414953203e-08, 4.4032005229505271e-13, 4.4045013415674905e-13             
   97,   63,-3.9849336028731202e-08, 2.9043894408241900e-08, 4.2650046391403119e-13, 4.2815408137518542e-13             
   97,   64,-4.2494532916936097e-09, 3.1437980583603702e-08, 4.6057370601564298e-13, 4.6183048463549923e-13             
   97,   65,-5.2902422345386601e-09,-3.6474338476737997e-08, 4.4913908551140058e-13, 4.4927310375344980e-13             
   97,   66,-5.6205049253438103e-09,-1.3964575194440800e-08, 4.8105097081075420e-13, 4.8134245858040553e-13             
   97,   67, 1.2618417125372299e-08, 9.3979457130996806e-09, 4.7254859722964726e-13, 4.7305382602672650e-13             
   97,   68, 6.0241924423550401e-08, 6.7792611333538899e-08, 5.0104438904794781e-13, 5.0107156446725723e-13             
   97,   69, 3.0681104815848002e-08,-1.1627657871062600e-08, 4.9977059283369566e-13, 4.9908230736782246e-13             
   97,   70,-5.1955967550319097e-08,-3.6195686900507197e-08, 5.2053865780008442e-13, 5.1957609989565414e-13             
   97,   71, 3.9437369475782601e-09, 2.0949369833880601e-10, 5.2954353762476130e-13, 5.2908341192194813e-13             
   97,   72,-3.5092438983915200e-08, 5.2818039107161598e-08, 5.3796846795770870e-13, 5.3802747103532518e-13             
   97,   73,-8.8516385629163907e-09, 1.8318006661687601e-08, 5.6108325599209204e-13, 5.6159747501716098e-13             
   97,   74,-6.0104818413429298e-09,-3.0990638702222699e-08, 5.5601093542076734e-13, 5.5535894418211712e-13             
   97,   75,-2.4821732548088401e-08, 6.0444735037509505e-08, 5.9524708666716953e-13, 5.9732826680279740e-13             
   97,   76,-1.9737118415510101e-08,-9.4146614585013700e-08, 5.7537262902751494e-13, 5.7787973860332394e-13             
   97,   77, 1.9265507844666199e-08,-1.0427833613890100e-09, 6.2971129597799804e-13, 6.3005982522165597e-13             
   97,   78,-4.6093186448028999e-08,-3.3307528129354899e-08, 6.0472923579298381e-13, 6.0526396008063631e-13             
   97,   79,-6.3516211772296397e-09, 5.9893182758282996e-08, 6.6028744284917057e-13, 6.6010779687328641e-13             
   97,   80, 4.8034962102643500e-08, 5.6517653182416799e-08, 6.4704088572715721e-13, 6.4720013576621731e-13             
   97,   81,-3.8702003450069602e-08,-3.5049113679102198e-08, 6.8433834656188411e-13, 6.8442178851109244e-13             
   97,   82, 1.2632588592873501e-08,-6.5234580115861603e-09, 7.0387043002200894e-13, 7.0232626211550052e-13             
   97,   83, 3.3299758316831902e-08, 2.9801562247297199e-08, 7.0312863198768352e-13, 7.0356734624645470e-13             
   97,   84,-1.6748427359087699e-08, 6.7043725198691302e-09, 7.7423125033390151e-13, 7.7497336374224474e-13             
   97,   85, 5.0934573259899697e-08, 6.6770039525243295e-08, 7.2619095548489732e-13, 7.2615530797899390e-13             
   97,   86, 1.0610896141400800e-08, 8.4200686224182503e-08, 8.4830251379340429e-13, 8.4735169267768220e-13             
   97,   87,-1.1261236450789401e-08,-2.8904729657874899e-08, 7.7975152188803895e-13, 7.7888924206089839e-13             
   97,   88, 2.0216498678933899e-08, 2.4852581757352000e-08, 9.0577656661259159e-13, 9.0679323998771557e-13             
   97,   89,-3.6806668683001999e-08, 5.3138088417777300e-08, 8.9434978000239060e-13, 8.9704728477000262e-13             
   97,   90, 3.6820113918392602e-08, 3.4144941080297798e-10, 9.2598876815485513e-13, 9.2766887055348858e-13             
   97,   91,-2.8097773497060299e-08,-2.4957216003632698e-08, 1.0872265877297549e-12, 1.0921331803661175e-12             
   97,   92,-4.1047988566252597e-08, 1.4514265109027100e-08, 9.2208493308140884e-13, 9.2577493196263329e-13             
   97,   93,-3.5399510194198399e-08,-4.6696160799096098e-08, 1.3199025261801267e-12, 1.3216287448433407e-12             
   97,   94,-7.3538742675299603e-09,-3.2218678843858303e-08, 1.0712346339260667e-12, 1.0707393579723774e-12             
   97,   95,-5.0686648740108600e-09, 1.1514540621359501e-08, 1.4830557318944746e-12, 1.4814527201869019e-12             
   97,   96, 4.3859469728171298e-08, 5.5636310026707103e-08, 1.6764864696066385e-12, 1.6737896979883631e-12             
   97,   97, 3.3465064195123399e-08, 5.2188671645899200e-08, 2.2295584714238110e-12, 2.2266020894474996e-12             
   98,    0,-4.6037303590016500e-08, 0.0000000000000000e+00, 1.3576827770957429e-13, 0.0000000000000000e+00             
   98,    1, 2.5721159224288501e-08,-2.0089212930987399e-08, 1.3660210338037977e-13, 1.3561805798407954e-13             
   98,    2, 4.5523707346837400e-08,-2.1192416436735802e-08, 1.3660370541291777e-13, 1.3519119945787604e-13             
   98,    3, 2.0801734894277200e-08, 9.5084151258538508e-09, 1.3468280782825457e-13, 1.3854857291095992e-13             
   98,    4,-2.0484904814042500e-08,-4.8343382748015399e-08, 1.3551372663587441e-13, 1.3637643681323697e-13             
   98,    5,-1.6339584247730700e-09,-2.5450716885820801e-09, 1.3535027070272092e-13, 1.3799639890056982e-13             
   98,    6,-2.9105226950215001e-08, 2.2332441191078701e-08, 1.3623485873432329e-13, 1.3825955364895702e-13             
   98,    7,-7.2907363024870104e-08,-1.0287153067073600e-08, 1.3895630978273207e-13, 1.3636285322136116e-13             
   98,    8, 4.1962003198348501e-08,-1.1468705498949699e-08, 1.3853225475490124e-13, 1.3863409759731328e-13             
   98,    9, 1.6498041518262498e-08, 4.0391866553701102e-08, 1.3956865367403852e-13, 1.3902292765338626e-13             
   98,   10,-2.9360336180742601e-08,-7.6417742283296893e-09, 1.4083449675444311e-13, 1.3915805637945949e-13             
   98,   11, 3.3097074558738103e-08,-3.0780531303071097e-08, 1.4052699802987981e-13, 1.4278980937826114e-13             
   98,   12,-1.3232968617024300e-08, 1.9301661726219299e-08, 1.4379146247594491e-13, 1.4370926930376388e-13             
   98,   13, 3.8397807356250800e-08,-2.5541253198939000e-08, 1.4374066986335977e-13, 1.4477921312341218e-13             
   98,   14, 2.8081819666020999e-08,-2.1149453821292600e-08, 1.4832016181581587e-13, 1.4750759931119960e-13             
   98,   15, 3.3909093457176202e-08, 4.3685493624511197e-08, 1.4777189264409632e-13, 1.5003634597640538e-13             
   98,   16, 8.8153424142121301e-08, 6.0197479217101503e-09, 1.5528217050935850e-13, 1.5359667213040423e-13             
   98,   17,-3.0531109448399200e-08, 2.0937178967864399e-08, 1.5175433310695326e-13, 1.5125047935820602e-13             
   98,   18,-5.5024549190896103e-08,-1.1943302503957600e-08, 1.6127691477647630e-13, 1.6212177619280238e-13             
   98,   19,-1.5858031509055200e-08, 1.7739601770858501e-08, 1.5604155686066591e-13, 1.5905625901257826e-13             
   98,   20,-3.9185361314028203e-08, 1.5070204357433101e-08, 1.6946966188692014e-13, 1.7054105675203245e-13             
   98,   21, 4.3666511126121303e-08,-7.1704023168674302e-09, 1.6361030937574872e-13, 1.6322523015865671e-13             
   98,   22, 5.8085646189229497e-08, 2.0672670917107401e-08, 1.8020698203545938e-13, 1.7963610593366764e-13             
   98,   23, 2.8823102952057799e-08,-4.7457032509309797e-08, 1.7179700870479829e-13, 1.7060875436485117e-13             
   98,   24,-1.1853244339649700e-08, 1.0888963217612701e-08, 1.9004310292801456e-13, 1.8765131171588575e-13             
   98,   25,-1.2299931545607199e-08,-3.1311679538454897e-08, 1.8035536567591230e-13, 1.7989338152953667e-13             
   98,   26, 3.9276296176807297e-08, 1.8419871629590300e-08, 1.9841212195828061e-13, 1.9789194157293685e-13             
   98,   27, 4.7525369599147598e-09, 3.7172036184615703e-08, 1.9101911285401295e-13, 1.9137452001940965e-13             
   98,   28, 2.8714453407880501e-08, 6.0506978310750501e-08, 2.0784001902004770e-13, 2.0706793944444713e-13             
   98,   29,-2.2688203556069701e-08,-6.7457680697898594e-08, 2.0200495819309508e-13, 2.0424190759053323e-13             
   98,   30, 9.6502239945617199e-08, 1.9713022603150701e-08, 2.1719048739617443e-13, 2.1639531039087302e-13             
   98,   31,-5.6436807037831601e-08,-3.0161337883948403e-08, 2.1320290378205484e-13, 2.1419726209423756e-13             
   98,   32,-1.3818300665336900e-08,-1.4755764098999600e-08, 2.2432780525773701e-13, 2.2488795656707081e-13             
   98,   33,-2.9327783280787102e-09, 9.6547400706588697e-08, 2.2562244308035837e-13, 2.2545908461119657e-13             
   98,   34, 1.9503756447160901e-08, 9.9496578741945803e-09, 2.3504447388656727e-13, 2.3282441890482453e-13             
   98,   35,-3.0053811632469597e-08, 4.3846702209795000e-08, 2.3711467629541736e-13, 2.3782028449237917e-13             
   98,   36, 8.7637220871557999e-09,-3.8821279658195502e-08, 2.4162078400311576e-13, 2.4301988945782796e-13             
   98,   37,-6.5037823848087500e-08, 1.4968259307700800e-08, 2.5070265429190612e-13, 2.5025848368979241e-13             
   98,   38,-1.3676356176840901e-08, 3.8010178423503998e-08, 2.5265393158254366e-13, 2.5238868027139777e-13             
   98,   39,-6.8717585753401398e-09, 4.5402046539370100e-08, 2.6460680085489560e-13, 2.6185603348735063e-13             
   98,   40, 3.9376574896714903e-08,-3.8416351347114400e-08, 2.6398850449207496e-13, 2.6201659916379455e-13             
   98,   41,-2.6297488864457299e-08, 3.5237359275361297e-08, 2.7742029340829212e-13, 2.7630017807133675e-13             
   98,   42, 5.7857134294053900e-09,-4.9922789427926503e-08, 2.7471917500700134e-13, 2.7525131955267667e-13             
   98,   43,-4.0777422657783000e-08, 1.4231430028959800e-08, 2.9070982578168399e-13, 2.9163383014727800e-13             
   98,   44,-9.9984861211740294e-09, 4.7199187163165098e-09, 2.8727370559516585e-13, 2.8845747483994391e-13             
   98,   45,-3.9204924079233402e-08,-8.1235179107884294e-09, 3.0625870569424107e-13, 3.0558022021168819e-13             
   98,   46,-2.4422949477358001e-08, 2.7115599176860999e-08, 3.0148626200120229e-13, 3.0165389231992681e-13             
   98,   47,-1.0421040683730700e-08, 1.3708551902919100e-08, 3.2257766815351689e-13, 3.2117579963429398e-13             
   98,   48, 1.2185434340044301e-08, 1.2375872587378099e-08, 3.1602657139579950e-13, 3.1552600892664018e-13             
   98,   49, 9.4973045227690398e-09, 2.2339250959192900e-08, 3.3860018923966715e-13, 3.3874999432026110e-13             
   98,   50, 3.4476542527445601e-08, 9.7368112185487005e-09, 3.3049147929000183e-13, 3.3039635201001718e-13             
   98,   51,-7.4518969810763804e-08,-3.7262365127891401e-08, 3.5757488429184644e-13, 3.5663773376646789e-13             
   98,   52,-1.2212530859236701e-08, 7.4721216134011793e-09, 3.4664261068634907e-13, 3.4539749374795774e-13             
   98,   53, 2.3946639441714199e-08, 1.6242788917998500e-09, 3.7691819097693686e-13, 3.7630839016547534e-13             
   98,   54,-3.8707020117869403e-08, 2.9235658678513901e-08, 3.6188479462054303e-13, 3.6185791826926483e-13             
   98,   55, 2.2754518569325800e-08, 2.3685850817515500e-08, 3.9697836814894742e-13, 3.9775053611064217e-13             
   98,   56,-5.9669680038536103e-08, 8.5159548936873898e-09, 3.7833918953966645e-13, 3.7907190078894290e-13             
   98,   57, 2.9832003300673201e-08,-6.5356562334978504e-09, 4.1648083926208351e-13, 4.1802409889221777e-13             
   98,   58, 2.3268459504359499e-08, 1.8451632320288599e-08, 3.9547134151156742e-13, 3.9612337005688479e-13             
   98,   59, 3.3266826697274300e-08, 1.9037909989866001e-08, 4.3860829585539419e-13, 4.3922095918899358e-13             
   98,   60, 1.0076295015901901e-08, 1.3222400214291900e-08, 4.1411029730043974e-13, 4.1386601241680014e-13             
   98,   61,-2.4004846214516599e-08,-2.8554766472131299e-08, 4.6129244569550118e-13, 4.6132744171226798e-13             
   98,   62,-5.7862469259731602e-08,-5.5146185935236902e-08, 4.3392010775623258e-13, 4.3277767634895267e-13             
   98,   63,-2.9428409835091801e-09,-1.4865943005101601e-08, 4.8447077325534169e-13, 4.8519384630682979e-13             
   98,   64, 4.1608525330143998e-08, 2.9769602244314299e-08, 4.5474787189093892e-13, 4.5534003455297013e-13             
   98,   65, 3.2856897348954702e-08,-1.8251177320358001e-08, 5.0745035778453204e-13, 5.0719781675517918e-13             
   98,   66,-4.7795565731199998e-08, 3.3712924130684003e-08, 4.7923200504895729e-13, 4.7971216785520143e-13             
   98,   67,-1.2303051200309199e-08, 4.3965675500840699e-08, 5.2854711824574563e-13, 5.2849935053783183e-13             
   98,   68, 6.0003667243867000e-09,-1.8570297194161801e-08, 5.0640198471007719e-13, 5.0692708391525537e-13             
   98,   69,-1.6149308043646701e-08,-5.8937687328657298e-08, 5.4939279667385420e-13, 5.4888536157906227e-13             
   98,   70,-4.0251638169778899e-08,-1.1169293883779299e-08, 5.3852375807905977e-13, 5.3806751066079897e-13             
   98,   71,-1.3935590653402501e-08, 3.0840826973597797e-08, 5.6880165456831426e-13, 5.6810284162204990e-13             
   98,   72, 3.9735777440049299e-09, 4.1676619203656503e-08, 5.7419957490921468e-13, 5.7338229345476552e-13             
   98,   73, 9.8448907485747899e-09,-9.9655200720504908e-09, 5.8480128955083502e-13, 5.8530211866369407e-13             
   98,   74,-5.7941041193205402e-08,-9.7635543792333106e-09, 6.1253730445417826e-13, 6.1175588877138353e-13             
   98,   75, 9.6061112881655206e-08,-1.8309527488147699e-08, 6.0174078384499419e-13, 6.0431423219205118e-13             
   98,   76,-4.5839835527908502e-08, 2.7565916214108300e-08, 6.5044209910781513e-13, 6.5322279719485951e-13             
   98,   77, 3.8243375994631897e-08, 8.4107940531660395e-08, 6.2285180449760752e-13, 6.2232146974047129e-13             
   98,   78,-9.3944505333815198e-09,-1.6557954216364700e-08, 6.9174704195637988e-13, 6.9054743268817542e-13             
   98,   79, 4.1856335015934998e-08, 2.2329160501641398e-08, 6.5100319109223454e-13, 6.4975213603402629e-13             
   98,   80,-1.7444347393859599e-08,-5.8349071578194597e-08, 7.2665829854070394e-13, 7.2556404759518513e-13             
   98,   81, 3.6224482083026701e-08, 3.3794119543192599e-09, 6.9207974800503814e-13, 6.9023348789930526e-13             
   98,   82, 3.2695001361953702e-08, 1.7542234835815899e-08, 7.5791324068941528e-13, 7.5692263886366800e-13             
   98,   83, 5.7336002967968399e-08, 3.5775816499367099e-08, 7.4517076029365534e-13, 7.4575213835411028e-13             
   98,   84,-1.3865369759444700e-08, 1.0142309825549301e-09, 7.8459795235356072e-13, 7.8438286781433047e-13             
   98,   85,-6.7612127274025595e-08,-1.2126877472771801e-08, 8.1447050332935819e-13, 8.1665519518322423e-13             
   98,   86, 2.0904950583320801e-08,-4.4056670946337802e-08, 8.1796581594793689e-13, 8.1602641311939698e-13             
   98,   87, 1.4528219740642800e-08, 9.3825472229644793e-09, 8.8901560630861650e-13, 8.8907710780505041e-13             
   98,   88,-4.9471886521798803e-08, 1.6576418259935300e-08, 8.8141770864396599e-13, 8.8072216247416984e-13             
   98,   89,-2.9752921643568898e-09,-6.7562122054923005e-08, 9.4472047302178596e-13, 9.4567921668175364e-13             
   98,   90, 2.7050253720220500e-08, 3.1344261029914497e-08, 1.0072254788669518e-12, 1.0092167241158416e-12             
   98,   91,-2.8299147719894799e-08,-2.5841156119076599e-08, 9.6378077426128934e-13, 9.6594830316985341e-13             
   98,   92, 1.8376246820086401e-08,-4.0837887448457900e-08, 1.2126672263565727e-12, 1.2099293755130928e-12             
   98,   93,-5.6364341275107403e-09,-4.4302610270043399e-08, 9.6051560372899009e-13, 9.6086568649507800e-13             
   98,   94, 1.8833305299272201e-08, 1.8503168846324299e-08, 1.4577996955027540e-12, 1.4562598809285511e-12             
   98,   95, 7.5601880185141397e-08, 2.2996180299778199e-08, 1.1006240067953213e-12, 1.1014481876006693e-12             
   98,   96, 3.1769523624332801e-08,-3.7220279768063300e-09, 1.6554503072505076e-12, 1.6543481915035443e-12             
   98,   97,-5.2419857356729401e-08,-5.3791942354090103e-10, 1.7004654427924396e-12, 1.7024261110045360e-12             
   98,   98,-1.5195787446873401e-08,-2.1980481041486900e-08, 2.4666420878625201e-12, 2.4738778100596394e-12             
   99,    0, 5.4503139637474398e-08, 0.0000000000000000e+00, 1.3870879533297558e-13, 0.0000000000000000e+00             
   99,    1,-1.3361345129684300e-08, 3.1746202394902500e-08, 1.3972375649989890e-13, 1.3782428306946667e-13             
   99,    2,-6.1350827977035695e-08, 3.2130665899527299e-08, 1.3945506238006396e-13, 1.3957955143242208e-13             
   99,    3,-7.8560876129628001e-08,-6.5526348269172597e-09, 1.3621702100541005e-13, 1.4109500673650738e-13             
   99,    4, 2.3703554457702500e-08,-2.1828955276743500e-08, 1.3801618115005889e-13, 1.4188313870549949e-13             
   99,    5,-2.5402579066324600e-08, 3.2760599390549898e-08, 1.3799137880632214e-13, 1.3965059934507953e-13             
   99,    6,-8.7023019002878798e-09, 2.2062836205446198e-09, 1.3891833793448174e-13, 1.4012028169898136e-13             
   99,    7, 8.1976501963208105e-08,-3.4833799835513198e-08, 1.4134825175701356e-13, 1.3818713613919735e-13             
   99,    8, 1.0299441171839601e-08, 4.3197761865200503e-09, 1.4046403646577710e-13, 1.4501947926004263e-13             
   99,    9, 5.6647961664523998e-08, 1.1134464322650800e-09, 1.4206830632793812e-13, 1.4181997199266657e-13             
   99,   10,-3.5314245858513000e-08,-6.9401143658967204e-08, 1.4344583517992807e-13, 1.4333968639087527e-13             
   99,   11, 2.9152191622075800e-08, 6.9906453040098506e-08, 1.4314329152126286e-13, 1.4484527716563385e-13             
   99,   12, 1.4995658548399899e-08, 2.2288462041983700e-08, 1.4408118788483554e-13, 1.4556093489444047e-13             
   99,   13, 5.7374921416186000e-08,-6.7906964332490199e-08, 1.4660394455650002e-13, 1.4656442990009073e-13             
   99,   14, 5.7801005138195999e-09, 2.4946769042317098e-08, 1.5134246227783367e-13, 1.4665672113568156e-13             
   99,   15,-2.0049257762388500e-08,-4.8012779847061700e-08, 1.5000287934431008e-13, 1.5012291022333557e-13             
   99,   16,-6.0052259680604897e-08,-3.9754120072305497e-08, 1.5273659532195332e-13, 1.5206051825669799e-13             
   99,   17,-1.9844750183913699e-08, 9.2107563776160598e-08, 1.5428272753951621e-13, 1.5372913967156898e-13             
   99,   18, 3.4993267088613401e-08, 1.7842290084459999e-08, 1.5995329153772211e-13, 1.5845843970331036e-13             
   99,   19, 2.3221028410025901e-08, 8.9795249345748401e-09, 1.5829848072068632e-13, 1.6313334617540215e-13             
   99,   20, 1.0048482090431301e-07, 2.9867645099068698e-08, 1.6381638430914368e-13, 1.6587895560762398e-13             
   99,   21, 2.2905164783202898e-08,-2.3701178196225101e-08, 1.6562958280311542e-13, 1.6465239546707840e-13             
   99,   22,-4.2659174079690303e-08, 4.7703359269542797e-08, 1.7414892811210136e-13, 1.7205734023330944e-13             
   99,   23, 1.0494933077522799e-10,-4.4271038159367203e-08, 1.7238095585662121e-13, 1.7223738120862649e-13             
   99,   24,-3.4945731683698900e-08,-1.9581876743298801e-08, 1.8194570145530079e-13, 1.8029452130610769e-13             
   99,   25, 4.8550189333290602e-08, 3.2008469640188903e-08, 1.8050095654687533e-13, 1.8171595092683418e-13             
   99,   26,-6.5574283628160596e-08, 1.3783949851416601e-08, 1.9041930683341546e-13, 1.8971225857712864e-13             
   99,   27,-8.2645214572137896e-09,-1.4470797182571701e-08, 1.9073997416018455e-13, 1.9066641752420071e-13             
   99,   28, 2.4317273853385701e-08,-2.9775372256230299e-08, 1.9969038023237249e-13, 1.9946126102654840e-13             
   99,   29, 7.3081139443286400e-08,-3.6508895601337002e-09, 2.0107973736284989e-13, 2.0137964470365954e-13             
   99,   30,-2.6403020862683500e-08, 2.3358418052872499e-08, 2.0822958506154358e-13, 2.0893711471952308e-13             
   99,   31, 1.2496964941436301e-08,-7.7492189765439396e-09, 2.1185170433698694e-13, 2.1184062438764938e-13             
   99,   32, 3.9919378576152998e-08, 2.9082033958867200e-08, 2.1628893183506844e-13, 2.1677964757648307e-13             
   99,   33,-3.1380544995889103e-08,-3.4436288422434300e-08, 2.2317561098465508e-13, 2.2239995128929721e-13             
   99,   34,-4.7680928360622701e-08,-1.9932729357913001e-08, 2.2654811365791417e-13, 2.2509450177760634e-13             
   99,   35, 7.6083377303678105e-08,-4.9787776584539399e-08, 2.3319679276806479e-13, 2.3391564730766356e-13             
   99,   36, 2.5657215626039199e-09, 4.7595750043441399e-08, 2.3342956135285341e-13, 2.3479707870004567e-13             
   99,   37, 1.6627442398005898e-08, 2.1891219202698201e-08, 2.4469397803345721e-13, 2.4562152091845149e-13             
   99,   38, 6.4047096523130799e-08,-4.5452730577089903e-08, 2.4399945690368994e-13, 2.4427737242770906e-13             
   99,   39,-1.7236389739862499e-08,-4.9766990416730398e-08, 2.5599429937804233e-13, 2.5462137254885954e-13             
   99,   40,-2.7613191027418700e-08, 3.3324200143794198e-08, 2.5487375741238374e-13, 2.5388336200878739e-13             
   99,   41, 3.0344405512964301e-08, 2.2210948281480301e-08, 2.6603337353984993e-13, 2.6613167625268224e-13             
   99,   42,-1.6268342261732999e-08,-8.7846548936091296e-09, 2.6639734683935145e-13, 2.6674558234960912e-13             
   99,   43,-4.0127228731932902e-08,-2.1770251589769500e-08, 2.7662376401855057e-13, 2.7817865501408439e-13             
   99,   44,-7.6894522741830004e-09, 2.3810931830006199e-10, 2.7909850770677344e-13, 2.7958182847638970e-13             
   99,   45, 1.4335700587457200e-08,-1.2046553028479301e-08, 2.8971879626467638e-13, 2.8898144256397822e-13             
   99,   46, 1.0833685488124101e-09, 8.9417353413313200e-09, 2.9285667926476605e-13, 2.9264187130761557e-13             
   99,   47, 2.2727838294906301e-08, 1.2790373268311199e-08, 3.0285857143845802e-13, 3.0133100431685878e-13             
   99,   48, 1.1489682766347100e-08,-1.1673240819041400e-09, 3.0686669038885947e-13, 3.0642074567406820e-13             
   99,   49,-3.5523533726316699e-10,-2.0852003332999401e-08, 3.1525823894716137e-13, 3.1538516496715485e-13             
   99,   50,-6.1831769011381598e-08, 4.8971319786736495e-10, 3.2226283593808283e-13, 3.2143212030492960e-13             
   99,   51, 4.0712537317295601e-08,-4.0501054556906101e-08, 3.2940513234184723e-13, 3.2890727732434905e-13             
   99,   52,-4.0900141621286998e-08, 5.2162854126407400e-08, 3.3847271455723955e-13, 3.3686213080527875e-13             
   99,   53,-6.1137710622006305e-08, 1.4335726541770400e-08, 3.4384289989220473e-13, 3.4294320290838054e-13             
   99,   54,-2.9182501318353300e-08, 1.7608635869284799e-08, 3.5486401383089848e-13, 3.5550901754148242e-13             
   99,   55, 1.8236508932510300e-09, 1.2194343976065500e-09, 3.5677315421338935e-13, 3.5770089119137597e-13             
   99,   56, 1.6999898341651299e-08,-3.7810933995224599e-08, 3.7318491100088356e-13, 3.7330715690849158e-13             
   99,   57,-2.0591243212831100e-08,-1.8518359290282799e-08, 3.7081468596330011e-13, 3.7297532410575396e-13             
   99,   58,-9.1228352114502795e-09, 9.2497679072152704e-09, 3.9167493571963970e-13, 3.9110292940687443e-13             
   99,   59, 2.8602027202650100e-08, 5.9459750481203398e-09, 3.8609983748230159e-13, 3.8659215014741602e-13             
   99,   60,-2.3494453262477601e-08, 2.3190769964016300e-09, 4.1138548193144596e-13, 4.1175439843108279e-13             
   99,   61, 1.5404741877309801e-08,-2.5703894458502599e-08, 4.0196397731523871e-13, 4.0237778768371092e-13             
   99,   62, 3.5990589629431903e-08, 2.2285137344784700e-08, 4.3239637397214977e-13, 4.3219873344418017e-13             
   99,   63,-8.0487337982402404e-09,-1.0983963979805099e-08, 4.1891235733882407e-13, 4.2024513151032260e-13             
   99,   64, 1.3700023421931100e-08, 6.2547128074587894e-08, 4.5326729238377687e-13, 4.5428021644000881e-13             
   99,   65,-3.3714962798897000e-08,-4.0020105770253997e-08, 4.3854268754707640e-13, 4.3862765070523683e-13             
   99,   66, 1.8905300900786600e-08,-6.2984883383352703e-08, 4.7456813052924124e-13, 4.7493315596453684e-13             
   99,   67, 1.8964625744906000e-08,-2.3935874022799801e-08, 4.6061313947626957e-13, 4.6040156600323826e-13             
   99,   68, 3.0775356894353697e-08,-1.4222154104839600e-08, 4.9488132993129858e-13, 4.9479676814738512e-13             
   99,   69,-4.4598251148068298e-08, 2.3370701646095499e-08, 4.8418842872231152e-13, 4.8363308847605141e-13             
   99,   70,-1.3956318497041699e-08,-4.0619654506658003e-08, 5.1534779987199417e-13, 5.1428438699981919e-13             
   99,   71, 2.1358451180872699e-08, 2.0820454530552599e-08, 5.1122510397521377e-13, 5.1070691400809413e-13             
   99,   72, 4.6157489919650604e-09,-3.3524811096572701e-08, 5.3324544437583814e-13, 5.3355210244802071e-13             
   99,   73, 1.7336867782832200e-08, 4.8099846136786199e-09, 5.4114980854129460e-13, 5.4157593754578804e-13             
   99,   74, 5.3684084002995701e-09, 1.7318047493363500e-08, 5.5092608342155148e-13, 5.5035067306706133e-13             
   99,   75,-2.8440841726921100e-08, 1.4327715901514000e-09, 5.7321716509472577e-13, 5.7549444491958002e-13             
   99,   76,-2.0954858870160900e-08, 2.8263597089080700e-08, 5.6653731441071743e-13, 5.6864684615207929e-13             
   99,   77,-1.7662162496243101e-08,-6.4787672257900397e-09, 6.1000851545505356e-13, 6.1041289638832223e-13             
   99,   78, 2.0107483087607299e-08,-1.3755918410876799e-08, 5.8769510015258727e-13, 5.8797052394530460e-13             
   99,   79, 1.0943788167578600e-08, 3.2461319484566202e-08, 6.4484380713651384e-13, 6.4444022689120434e-13             
   99,   80, 2.1390445490331701e-08, 6.6269919170810698e-09, 6.1635698533391759e-13, 6.1627417779460773e-13             
   99,   81,-2.5167608347947799e-08, 4.9325680570091599e-08, 6.7549915885214543e-13, 6.7558712909083728e-13             
   99,   82,-3.0244154048745997e-08, 2.2382163731918000e-08, 6.5908770013850263e-13, 6.5805923825749942e-13             
   99,   83,-5.3724256377378901e-08,-2.0578510082309399e-08, 6.9928039613426749e-13, 7.0000965031492980e-13             
   99,   84,-7.3549322803114894e-08,-4.4759848292108698e-08, 7.1575468312040241e-13, 7.1581565438461592e-13             
   99,   85, 6.3918836091988903e-10,-5.0340314900699003e-08, 7.1775492982371431e-13, 7.1790533071120043e-13             
   99,   86,-2.8582806754479898e-09,-3.5673962058941602e-08, 7.8948690162779282e-13, 7.8818708140833231e-13             
   99,   87,-2.1239853686046700e-09, 2.6830400231433401e-08, 7.4062500456708932e-13, 7.3907064565156592e-13             
   99,   88, 1.9184918236127599e-08, 1.7067068120191098e-08, 8.6314511988093525e-13, 8.6447634911203987e-13             
   99,   89, 3.8049150383616299e-08, 1.2138873884154401e-08, 7.9225364948252791e-13, 7.9468164884907344e-13             
   99,   90,-3.5169243849978600e-08,-1.2005040735880099e-08, 9.2229919615686916e-13, 9.2363259557259217e-13             
   99,   91,-1.8448696562343699e-08,-4.4359268269037801e-08, 9.0985913961418906e-13, 9.1421767994840100e-13             
   99,   92,-1.6388444445216101e-08,-1.6187739866217199e-09, 9.4049837415077142e-13, 9.4246062636714049e-13             
   99,   93, 7.4230595986116002e-09, 7.8619195724638195e-09, 1.1093931550336408e-12, 1.1111258758280902e-12             
   99,   94, 9.1219995852777208e-09, 1.0824861013469900e-08, 9.3515430846886006e-13, 9.3517256314827393e-13             
   99,   95,-2.0416802978017900e-08, 3.5310506234716998e-08, 1.3459566240218136e-12, 1.3430031652169638e-12             
   99,   96,-3.8907267104244697e-08, 1.3601253472237499e-08, 1.0865875040978751e-12, 1.0842972911101991e-12             
   99,   97,-8.9052304156837199e-09, 1.2007321944038200e-08, 1.5032711414024917e-12, 1.5020656872911143e-12             
   99,   98, 4.0161962583771197e-08,-7.6824548175862800e-09, 1.7063312898484051e-12, 1.7083764914740019e-12             
   99,   99,-3.8957068552598403e-08, 5.0802300433870800e-08, 2.2514894122985555e-12, 2.2494157925866154e-12             
  100,    0,-1.1080035858784400e-07, 0.0000000000000000e+00, 1.4081030158232975e-13, 0.0000000000000000e+00             
  100,    1,-2.6494689476814900e-08,-3.0349457882343402e-09, 1.4182712504827316e-13, 1.4898690606894500e-13             
  100,    2,-2.5237465862698599e-08,-9.9469047489458393e-09, 1.4155044401390544e-13, 1.4027499154237763e-13             
  100,    3,-2.8666291712990999e-08,-2.4781415930642999e-08, 1.3976180891545857e-13, 1.4415693460199482e-13             
  100,    4, 8.6752570455951004e-08, 2.4702467691681601e-08, 1.4008670816123918e-13, 1.4248591181636715e-13             
  100,    5,-3.2915833715774801e-08, 1.4171741932167100e-08, 1.4111509632859279e-13, 1.4657422348625311e-13             
  100,    6, 3.9591456798489502e-08, 2.0881668842449299e-08, 1.4131655804118025e-13, 1.4219556683008374e-13             
  100,    7,-2.1396466401661599e-08, 2.8178754139458901e-08, 1.4610998452476009e-13, 1.4162041253258426e-13             
  100,    8, 7.2559425491091303e-09, 6.8923133395089804e-08, 1.4230913600034675e-13, 1.4308778801178048e-13             
  100,    9,-2.4313828330015200e-08,-5.3458165612746497e-08, 1.4684605280341402e-13, 1.4374197092455183e-13             
  100,   10,-2.1557953982348798e-09, 3.5924070783034698e-08, 1.4549600358793458e-13, 1.4372608752315065e-13             
  100,   11, 1.7263072945257601e-08, 3.0164752397837500e-10, 1.4534249316207768e-13, 1.4703656959039156e-13             
  100,   12,-4.7059853139539502e-08,-1.9960974896082100e-09, 1.4804329858985815e-13, 1.4756746223674068e-13             
  100,   13,-8.0225939791059895e-08, 4.0812856797576000e-08, 1.4795824756632688e-13, 1.4874136415418029e-13             
  100,   14,-3.1560718454840699e-09,-5.3531749678040299e-09, 1.5341820389920638e-13, 1.5109999372606715e-13             
  100,   15, 2.2910605449003098e-08, 2.1559671633940601e-08, 1.5354889106840360e-13, 1.5163195732641264e-13             
  100,   16,-2.6653281640436599e-08, 9.2772305121106402e-08, 1.5715647068796224e-13, 1.5723834901172480e-13             
  100,   17,-1.4746298298620500e-08,-2.1838286129367000e-08, 1.5707017628455298e-13, 1.5954425762242830e-13             
  100,   18,-1.0114668301524700e-07,-2.9716230385135399e-09, 1.6533912943178791e-13, 1.6505544340646276e-13             
  100,   19,-1.5228364837880699e-08, 7.1214805142870199e-08, 1.6021610734993723e-13, 1.6378933942570509e-13             
  100,   20,-5.6997489465892497e-09,-2.4414351588407599e-08, 1.7348231307587291e-13, 1.7368693178981839e-13             
  100,   21,-5.7835752163290002e-08, 3.1999349638463098e-08, 1.6685608020737475e-13, 1.6611322775519908e-13             
  100,   22, 2.5683985821659201e-08,-3.0203531882179398e-08, 1.8313251307257328e-13, 1.8131489043661444e-13             
  100,   23,-6.7948586941386100e-09, 1.7136146843855901e-08, 1.7437068311289299e-13, 1.7278844141688109e-13             
  100,   24,-3.2544426264432503e-08, 3.6164399857539097e-08, 1.9198052680674434e-13, 1.8952511821745758e-13             
  100,   25, 2.9504563616220200e-08,-1.8817716910187301e-09, 1.8250902619650392e-13, 1.8153067328431568e-13             
  100,   26,-1.2810806868640800e-10, 2.7735694466492301e-08, 1.9971981547569541e-13, 2.0024316595633228e-13             
  100,   27, 4.9407798763383100e-08, 3.3124533788755797e-08, 1.9221832433830747e-13, 1.9168733308516366e-13             
  100,   28, 2.0992111319897000e-08, 2.8428943197745901e-08, 2.0904384327939086e-13, 2.0836856984355438e-13             
  100,   29,-1.9581917756731701e-08,-5.1190600452012902e-08, 2.0219870508793215e-13, 2.0254485851556739e-13             
  100,   30, 7.5554172906358898e-09, 3.6484822100798398e-08, 2.1831052442618703e-13, 2.1787956972264594e-13             
  100,   31,-5.9561617062751901e-08,-3.2227365019268903e-08, 2.1347568134503095e-13, 2.1401603463603901e-13             
  100,   32, 5.3932329049072303e-08, 1.2290900666737000e-08, 2.2534094298026347e-13, 2.2547284077874285e-13             
  100,   33, 5.0627742327029699e-08,-8.5901580719345496e-09, 2.2502766137991593e-13, 2.2636780191943653e-13             
  100,   34, 5.2515438137216000e-08, 2.5990780495694501e-08, 2.3475836485502936e-13, 2.3377845144709301e-13             
  100,   35,-2.0283876417195800e-09,-5.6181205563240197e-09, 2.3713528909638532e-13, 2.3748413179595655e-13             
  100,   36,-2.7334902286689999e-08,-2.8223701684024199e-08, 2.4308966010705018e-13, 2.4347700809476693e-13             
  100,   37,-5.6698222761822399e-08,-5.8587601600132799e-08, 2.4923059718028138e-13, 2.4874166818066478e-13             
  100,   38, 6.9789390124024702e-09, 8.2400938561866902e-08, 2.5208065117065463e-13, 2.5193440837893256e-13             
  100,   39,-3.4872889847656401e-09, 3.1592345159143902e-08, 2.6322160509281798e-13, 2.6042235276866293e-13             
  100,   40,-5.3301211717786698e-08,-2.7125717638944100e-08, 2.6306447655322416e-13, 2.6184596389494229e-13             
  100,   41,-1.2016978030062300e-08,-3.1855353454998299e-08, 2.7472631028736050e-13, 2.7391186334398631e-13             
  100,   42, 3.0963900482039700e-08, 1.2835489063347100e-08, 2.7329711735841105e-13, 2.7406898245607404e-13             
  100,   43,-4.2141008115788798e-08, 1.3477383646469700e-08, 2.8697694161093371e-13, 2.8897609136262954e-13             
  100,   44, 4.1695604037732397e-08,-4.3208393743830402e-08, 2.8578288852179633e-13, 2.8656589536661744e-13             
  100,   45,-2.0111499331466201e-08, 9.5209572051890604e-09, 3.0297931670275933e-13, 3.0269189537778560e-13             
  100,   46, 1.9699968216666201e-08,-1.5430586061644300e-08, 2.9923017995457612e-13, 2.9909554770980337e-13             
  100,   47, 4.5218274779335099e-09,-1.4661991037382500e-08, 3.1843291750722228e-13, 3.1692973652789768e-13             
  100,   48, 5.0898693998638302e-08,-4.9543147351412297e-08, 3.1386426541043668e-13, 3.1331394562655359e-13             
  100,   49,-6.6966870004845305e-08,-2.4813688675616199e-08, 3.3363373372490071e-13, 3.3375979699110893e-13             
  100,   50, 1.3398981843438500e-08, 1.7025391007648301e-08, 3.2778776859783692e-13, 3.2724252736546682e-13             
  100,   51, 3.0850435301819999e-08, 1.2921193190213200e-09, 3.5105298144821574e-13, 3.5004442839580686e-13             
  100,   52, 8.6729192848186699e-09, 1.8048902387228802e-08, 3.4351230325483154e-13, 3.4191763960965516e-13             
  100,   53, 9.7076434263198503e-09,-9.5533878028081096e-08, 3.7000112066818471e-13, 3.6939909313420670e-13             
  100,   54, 5.9562621659962197e-08, 5.2846405677865597e-09, 3.5822366414440603e-13, 3.5809430354541000e-13             
  100,   55, 1.7562814566207800e-08, 2.4749945733907401e-08, 3.8908714428376336e-13, 3.8951805448940002e-13             
  100,   56, 1.5465127227398000e-09,-3.7251183575610400e-08, 3.7383288245768403e-13, 3.7423418360402526e-13             
  100,   57, 1.5609180389951799e-08, 1.4763262821446499e-08, 4.0892917728883625e-13, 4.1048379061040600e-13             
  100,   58,-7.5854838265908194e-09, 1.3485959689728501e-08, 3.9032958718108227e-13, 3.9077608551445274e-13             
  100,   59,-2.7245419903301399e-09,-3.9440244074701900e-08, 4.2965487585014434e-13, 4.3018434541815175e-13             
  100,   60,-4.0584984321984802e-08, 1.4279676303052199e-08, 4.0749316143777460e-13, 4.0719564999821496e-13             
  100,   61, 1.6682578778689400e-09, 2.8603051550200800e-08, 4.5213301706725466e-13, 4.5212418466726460e-13             
  100,   62, 2.5072860845473299e-08, 6.3517680541737103e-09, 4.2637759582969884e-13, 4.2537861809183157e-13             
  100,   63,-4.3493897476307500e-08, 4.7837728071063901e-08, 4.7419571659211509e-13, 4.7536250953519055e-13             
  100,   64,-2.7460621587616599e-08,-1.6161947888325399e-08, 4.4461970534766309e-13, 4.4525400406590102e-13             
  100,   65,-9.1219781332086002e-09,-1.0883874580878100e-08, 4.9881077682301652e-13, 4.9854512384897974e-13             
  100,   66,-1.5003597123639100e-08,-9.7740681923182505e-09, 4.6635786797312324e-13, 4.6721532818588848e-13             
  100,   67, 2.9924691959549802e-08, 3.3902870050918698e-08, 5.2099894274025521e-13, 5.2067093597430724e-13             
  100,   68,-2.4708337588924102e-08,-4.4803388063307599e-08, 4.9093784460208327e-13, 4.9143963116584787e-13             
  100,   69,-3.8699501899581798e-08,-1.3313924890849201e-08, 5.4223479287290173e-13, 5.4171327878889140e-13             
  100,   70,-6.0106044123617002e-09,-1.2823351152236799e-08, 5.1890585577118217e-13, 5.1839332130849727e-13             
  100,   71, 4.7583478898822299e-09, 6.3447529372101000e-09, 5.6276127340408874e-13, 5.6210365109934917e-13             
  100,   72,-2.1254723805534499e-08, 1.3107916169366999e-08, 5.5097030829254996e-13, 5.5037227945393786e-13             
  100,   73,-4.7288369347035700e-08, 1.7393835666945700e-08, 5.8079880374690585e-13, 5.8135784432546722e-13             
  100,   74,-7.4470461295234203e-08,-1.5205438328564200e-08, 5.8718932772235980e-13, 5.8612606766026103e-13             
  100,   75, 2.2862448522045600e-08, 1.1970572406507100e-08, 5.9548988636465064e-13, 5.9845159431014148e-13             
  100,   76,-1.6413223011007201e-08,-6.0039958069029503e-09, 6.2408408243159745e-13, 6.2633467957808693e-13             
  100,   77, 5.6651927207449999e-08,-3.4047406811236697e-08, 6.1431145697620941e-13, 6.1394201652001817e-13             
  100,   78, 9.7745307263293797e-09,-2.4350375360451900e-08, 6.6585783411981853e-13, 6.6483155360854643e-13             
  100,   79,-5.7571861436331797e-08,-2.9288664729310099e-08, 6.3341807136033830e-13, 6.3255127614477283e-13             
  100,   80, 4.4219314126040403e-08,-2.2300813583095700e-08, 7.0532962357063116e-13, 7.0443881825875720e-13             
  100,   81, 3.0279952046733397e-08, 2.2344576672282901e-09, 6.6136712063249838e-13, 6.6024978126492673e-13             
  100,   82,-3.6662140470676501e-09,-6.5466887833890398e-08, 7.4062996720493479e-13, 7.3953842308424738e-13             
  100,   83,-1.4591969710253500e-08,-2.4481214247386599e-10, 7.0148401242607341e-13, 7.0158114804567461e-13             
  100,   84, 1.8227495041636699e-08,-2.5194165716880300e-08, 7.7121035227810105e-13, 7.7084676755458219e-13             
  100,   85, 3.9441907621760197e-08, 3.0483228008941401e-08, 7.5606356210843151e-13, 7.5777687414379288e-13             
  100,   86, 7.8330744243348697e-09, 3.2640186243834997e-08, 7.9800336148434040e-13, 7.9607565857436530e-13             
  100,   87, 3.1720135476753297e-08, 3.4851156909145201e-08, 8.2888705519607530e-13, 8.2896768017551604e-13             
  100,   88,-5.8791962620508798e-09, 2.4840446529937001e-08, 8.2868776911078222e-13, 8.2847541259195316e-13             
  100,   89,-5.3305481497456500e-09,-5.0853973825317102e-08, 9.0358015797496527e-13, 9.0440827634334393e-13             
  100,   90, 8.0574706370514397e-09, 2.8499404151545600e-09, 8.9168084460868413e-13, 8.9359102515352421e-13             
  100,   91, 1.9094209596099098e-08, 3.3255892233396801e-08, 9.6004205220815560e-13, 9.6171500129093329e-13             
  100,   92, 2.9631373261934098e-08, 7.6484966642387301e-09, 1.0219226216984385e-12, 1.0207678476363153e-12             
  100,   93,-3.0371470593441797e-08, 1.5001995550960901e-08, 9.7923126702260190e-13, 9.7827689628548101e-13             
  100,   94, 7.2206780489084803e-09, 3.6947695291047700e-08, 1.2288110520214312e-12, 1.2269763568020059e-12             
  100,   95,-2.0564252359404999e-08,-1.8528485034805502e-08, 9.7200969434082227e-13, 9.7044625782201195e-13             
  100,   96, 5.3041015409561301e-08,-7.3047778984893405e-08, 1.4769771068449959e-12, 1.4743749232241595e-12             
  100,   97, 1.2768509764093599e-08, 6.5379828647547998e-08, 1.1140494978830707e-12, 1.1162615455461698e-12             
  100,   98,-1.9010498927397699e-08,-1.3341008917940700e-08, 1.6672769751495491e-12, 1.6685906133156651e-12             
  100,   99,-1.1095558831894499e-09,-6.9043219091350098e-09, 1.7345288686516164e-12, 1.7336594033740610e-12             
  100,  100,-6.1249982155643699e-09,-1.8044588287484099e-09, 2.4827130597515024e-12, 2.4817726661911171e-12             
  101,    0,-1.8806554770737200e-08, 0.0000000000000000e+00, 1.4327402107442801e-13, 0.0000000000000000e+00             
  101,    1, 2.2231235713658700e-08,-1.4709307142675000e-08, 1.4342243708900377e-13, 1.4344506568952179e-13             
  101,    2,-1.4861165614789000e-08, 1.7128979673977599e-08, 1.4417849903401045e-13, 1.4284042790629322e-13             
  101,    3, 2.2516046487947199e-08, 4.5279507373769498e-08, 1.4051027237003552e-13, 1.4585397595164795e-13             
  101,    4, 1.3328908852577999e-10,-1.2377220570240700e-08, 1.4487453086173178e-13, 1.4384245197530531e-13             
  101,    5,-2.3588907292834999e-09, 4.7983838039926601e-08, 1.4270723776832492e-13, 1.4461775169659937e-13             
  101,    6,-7.5397617467933096e-09,-8.3343732086856895e-09, 1.4409344352061383e-13, 1.4443885427304183e-13             
  101,    7,-1.6706101290742299e-08,-1.8680134161084299e-09, 1.4627836829989152e-13, 1.4286625221656407e-13             
  101,    8,-2.6578087344099502e-10,-2.2372866880738901e-08, 1.4528267267081335e-13, 1.4628142428183996e-13             
  101,    9,-5.5786978713360297e-08, 4.6601022166740099e-08, 1.4589967053633619e-13, 1.4633166190889319e-13             
  101,   10,-2.2319988929976200e-08,-1.8837281194843401e-09, 1.5024368202396565e-13, 1.4688546198685224e-13             
  101,   11, 1.0114405554965500e-09, 7.3785749132027501e-08, 1.4727308642371782e-13, 1.4914805288943668e-13             
  101,   12,-1.3081649084542400e-08, 2.5048659079503100e-08, 1.4873719544244380e-13, 1.4920138646129223e-13             
  101,   13,-8.7289135330554001e-09,-7.0160008422314895e-08, 1.5054887200430059e-13, 1.5063381978394622e-13             
  101,   14, 1.2597259535360699e-08,-1.6347983228242901e-08, 1.5310004500320301e-13, 1.5172715120020865e-13             
  101,   15,-2.3567297615891599e-08, 5.3928600467270696e-09, 1.5459862590301168e-13, 1.5378808768969722e-13             
  101,   16,-1.4172957289808099e-08, 2.6880450300737001e-08, 1.5687126583098677e-13, 1.5531080622412338e-13             
  101,   17,-2.0692652049633100e-08, 5.1821591626296900e-08, 1.5787205080886565e-13, 1.5782082827252254e-13             
  101,   18, 4.1241115617689597e-08, 1.8068586025933001e-08, 1.6146058964531774e-13, 1.6176697627180589e-13             
  101,   19, 2.9958852264259003e-08,-3.3791479474782698e-08, 1.6165061708989244e-13, 1.6362531063051419e-13             
  101,   20, 2.7260360044449800e-08, 1.2082244630037800e-08, 1.6710200926436774e-13, 1.6837980273513893e-13             
  101,   21,-2.4714877710899100e-08, 2.1102090355086599e-08, 1.6986626827415110e-13, 1.6833596724763744e-13             
  101,   22, 1.6799523168665199e-08, 8.8897269226369596e-08, 1.7599389084315784e-13, 1.7471648427882135e-13             
  101,   23, 8.7713609105516802e-09, 1.8608526765373600e-08, 1.7583656981874835e-13, 1.7527896063709040e-13             
  101,   24, 8.3736212722088405e-08,-1.7386581423717400e-08, 1.8486415261407489e-13, 1.8204503710672402e-13             
  101,   25, 1.9652975877561701e-08,-6.2119448335030699e-09, 1.8279138112533886e-13, 1.8314246004983584e-13             
  101,   26,-2.1847173244128801e-08, 1.3517092404553499e-08, 1.9192345911223107e-13, 1.9188538418725761e-13             
  101,   27,-2.4396786096042000e-08,-3.1328541949967398e-09, 1.9172083074641477e-13, 1.9225932550416900e-13             
  101,   28,-2.0240863849291801e-08,-1.6248209535100202e-08, 2.0155556850119867e-13, 2.0071185297780165e-13             
  101,   29,-6.3877876960553097e-09, 4.8678361381949702e-08, 2.0209468937982565e-13, 2.0244082267350231e-13             
  101,   30,-1.3137171414575300e-08,-3.8460357450766800e-08, 2.0969240590561485e-13, 2.0937182421393723e-13             
  101,   31,-8.2225595243635303e-10,-7.7139725724942792e-09, 2.1259953822714412e-13, 2.1267323748867445e-13             
  101,   32,-1.7296624203229001e-08,-9.4939618259855794e-09, 2.1726678552854946e-13, 2.1772004737348677e-13             
  101,   33,-3.5131914917317603e-08, 8.1821124975675707e-09, 2.2361785179057550e-13, 2.2279341316274828e-13             
  101,   34,-2.9619727299597798e-09,-5.6217405488767498e-08, 2.2624976597906189e-13, 2.2545918631696907e-13             
  101,   35,-7.3664271590902402e-09,-3.7269869018405798e-08, 2.3406880010932794e-13, 2.3418701365177310e-13             
  101,   36, 2.1817649739530501e-08, 2.8004345042532699e-09, 2.3429013341385140e-13, 2.3492376575363701e-13             
  101,   37,-6.8667111889830396e-09, 3.3432486519934903e-08, 2.4432953705050541e-13, 2.4493450331101701e-13             
  101,   38, 1.0440448661478500e-08, 3.5029098342821101e-08, 2.4353468230622533e-13, 2.4363752211086865e-13             
  101,   39,-5.3266241074207699e-08,-8.0623396058321994e-09, 2.5655984709967332e-13, 2.5473344378049379e-13             
  101,   40, 3.6761474761551500e-08,-4.1653174261921399e-08, 2.5448517437888965e-13, 2.5326370890207609e-13             
  101,   41, 9.0900989125932002e-08,-8.1025367336479895e-09, 2.6634587330689004e-13, 2.6548720877823106e-13             
  101,   42,-6.5470304588019094e-08,-4.3880305391850499e-08, 2.6458678866736111e-13, 2.6660320035906482e-13             
  101,   43, 5.4788430317478403e-08,-5.8049011957110503e-08, 2.7644427088473735e-13, 2.7809673435321793e-13             
  101,   44, 4.2494200983785802e-08,-4.6043966613376097e-09, 2.7703165088287296e-13, 2.7788553103352302e-13             
  101,   45, 1.8801367876667800e-08,-3.6277291658637699e-09, 2.8887204217827972e-13, 2.8811497622622767e-13             
  101,   46,-2.1882095636898698e-08,-4.7548691585029697e-08, 2.8985448147252086e-13, 2.8962722252424238e-13             
  101,   47, 2.3334198478736298e-10, 6.8440964982622500e-09, 3.0191565062360028e-13, 3.0034870256506202e-13             
  101,   48,-5.0588860398114702e-08,-1.7590714305228799e-08, 3.0339807205719385e-13, 3.0317425404768871e-13             
  101,   49,-5.5924494818724700e-08,-5.2356664119502298e-10, 3.1378588192963940e-13, 3.1383495725089563e-13             
  101,   50, 2.5996949293173900e-08, 2.8109841942400600e-09, 3.1767304290151816e-13, 3.1686285277113902e-13             
  101,   51, 1.6678123266857900e-08,-4.5157749338579202e-08, 3.2745767273484230e-13, 3.2646083959550768e-13             
  101,   52,-3.6548870747984498e-08,-1.3765165468984700e-08, 3.3299614218126322e-13, 3.3190083702675809e-13             
  101,   53, 3.6562106914780701e-08, 2.0906633475962900e-08, 3.4086298307668422e-13, 3.4035920082013536e-13             
  101,   54, 9.4167598427383303e-10, 3.9790406824375098e-08, 3.4874408504639946e-13, 3.4887920218655140e-13             
  101,   55,-2.9794299682861701e-08, 1.0817466606858300e-08, 3.5468379992776814e-13, 3.5551687847708218e-13             
  101,   56,-1.8898854593798501e-08, 2.6615847521578301e-08, 3.6646731859206275e-13, 3.6701479129298596e-13             
  101,   57,-3.4009210193330603e-08,-1.8965742595362198e-09, 3.6781887816524943e-13, 3.6994230668753765e-13             
  101,   58, 4.6748039733566000e-08,-5.2652509726856297e-08, 3.8514266876415839e-13, 3.8469153263934185e-13             
  101,   59, 1.6231323804605101e-09,-3.7634356306882802e-08, 3.8297996518331264e-13, 3.8360564605038113e-13             
  101,   60,-4.9237902298021702e-08, 2.4710874160456000e-08, 4.0366382180411849e-13, 4.0353911314737597e-13             
  101,   61, 3.2937695819719198e-08,-1.7826063194904800e-09, 3.9748490599526557e-13, 3.9786572826915133e-13             
  101,   62,-3.4377983447624000e-08, 3.1159307700383503e-08, 4.2459591929100711e-13, 4.2415941132421461e-13             
  101,   63,-1.1665563355106400e-08,-3.2839255928417897e-08, 4.1298803169167013e-13, 4.1438833071487646e-13             
  101,   64, 3.8653254198336203e-08,-4.2310235066364600e-08, 4.4518528940801876e-13, 4.4591897102188532e-13             
  101,   65, 1.4730838909819199e-08,-4.1425126383531399e-08, 4.3089366525908824e-13, 4.3088455830815485e-13             
  101,   66, 1.2833014624959801e-09, 7.6233846758090600e-09, 4.6719738577742028e-13, 4.6759529554050237e-13             
  101,   67, 1.6685756798437300e-08,-2.9101090543644399e-09, 4.4995961700304111e-13, 4.5018787397491760e-13             
  101,   68, 6.0866758815044001e-08, 1.2345085426932200e-08, 4.8853011540259525e-13, 4.8848281030537984e-13             
  101,   69,-8.4684632023063101e-08,-3.2187626485439098e-08, 4.7189705724625974e-13, 4.7175262133075997e-13             
  101,   70, 2.1303794039953000e-08,-2.7250130465351902e-08, 5.0927999652221335e-13, 5.0842941238829654e-13             
  101,   71, 2.5754229932525301e-09, 2.0986760115179200e-08, 4.9557628697972124e-13, 4.9492156566674250e-13             
  101,   72,-8.8258828269686206e-09,-2.1942345173879499e-08, 5.2881356052802523e-13, 5.2875601548110448e-13             
  101,   73, 9.3016694181442897e-10, 6.6625678212297506e-08, 5.2272424473122901e-13, 5.2271815669576226e-13             
  101,   74, 3.3481113255840902e-08,-3.6512303756777501e-08, 5.4746945418241246e-13, 5.4660205019500024e-13             
  101,   75, 1.2215541292577699e-08, 2.2240941274089801e-08, 5.5283261671944212e-13, 5.5500953305983706e-13             
  101,   76, 2.3290367512561500e-08,-3.3611603945632399e-08, 5.6234107005543380e-13, 5.6460099965977170e-13             
  101,   77, 4.0542588247648802e-09,-1.2567106838048201e-08, 5.8749748547916983e-13, 5.8808657393607470e-13             
  101,   78, 2.6389647527253800e-08, 2.8406318361805500e-08, 5.7961769262685563e-13, 5.7982059914226368e-13             
  101,   79,-7.4514140537872105e-09, 1.1045722711675500e-08, 6.2493415917378703e-13, 6.2451820899447776e-13             
  101,   80, 2.0330511542012500e-08, 4.1245483679914897e-08, 5.9914311391556370e-13, 5.9967754781909896e-13             
  101,   81,-5.9580730311688897e-08, 7.4253590592373002e-09, 6.5978454334775964e-13, 6.6009471840383881e-13             
  101,   82,-3.0548303280912697e-08, 2.4097869263414799e-08, 6.2817501672811351e-13, 6.2746505032405661e-13             
  101,   83, 2.5199287547126799e-08,-2.6465595329403100e-08, 6.9104238621087094e-13, 6.9129674175664662e-13             
  101,   84, 2.9929821532501797e-08, 4.8704123855717100e-08, 6.7026648036056185e-13, 6.7020053747834459e-13             
  101,   85,-6.6640434125697199e-09,-6.6854992079626096e-08, 7.1483887090653777e-13, 7.1544443047507713e-13             
  101,   86, 4.7638444515981199e-08,-1.9601370078930200e-08, 7.2977527623430609e-13, 7.2772097599344383e-13             
  101,   87, 1.3093219913168600e-08,-4.2086886205657702e-08, 7.3344193752278590e-13, 7.3144325538906808e-13             
  101,   88,-6.9892140008693000e-08,-1.5009067033943201e-08, 8.0283663310084885e-13, 8.0420980741975845e-13             
  101,   89,-1.5640062533236701e-08,-1.0013243726419201e-08, 7.5307270136679680e-13, 7.5469921205712632e-13             
  101,   90,-4.1440239866489302e-09, 5.2044477102105702e-08, 8.7955840872591023e-13, 8.8099490594004645e-13             
  101,   91,-6.3700806011672004e-10, 4.7043549743324403e-08, 8.0639463830313847e-13, 8.0971318750414107e-13             
  101,   92,-4.5171377236505097e-08, 1.1137430682090700e-08, 9.3960399784309125e-13, 9.4050595096646410e-13             
  101,   93,-3.1386902344692802e-08, 9.5929056505705205e-09, 9.2812314725459147e-13, 9.2932925781145246e-13             
  101,   94, 3.9852744849658403e-08, 9.9900231654718298e-09, 9.5638711737232168e-13, 9.5668830959120208e-13             
  101,   95,-1.8395932932513000e-09,-4.9982752835003298e-08, 1.1329406752632561e-12, 1.1296879781520130e-12             
  101,   96,-2.8814273616335001e-08, 2.5279474642347502e-08, 9.4814731480164986e-13, 9.4564673690863094e-13             
  101,   97,-1.6958505529307899e-08, 1.9128858509057801e-08, 1.3699325838340677e-12, 1.3673251167886088e-12             
  101,   98, 1.0995273135195300e-08,-3.4437582763998003e-08, 1.0988682837844238e-12, 1.1022980837805902e-12             
  101,   99, 3.1653956685831400e-08,-1.9214969584384399e-08, 1.5252663351687840e-12, 1.5217204993449291e-12             
  101,  100, 4.2581076848095398e-08,-1.0186855215678801e-08, 1.7410811528279943e-12, 1.7395951454127286e-12             
  101,  101, 1.5207511314466500e-08,-9.9535572331900303e-09, 2.2777091002781499e-12, 2.2696039285342788e-12             
  102,    0, 1.2511791095303200e-08, 0.0000000000000000e+00, 1.4726077362922007e-13, 0.0000000000000000e+00             
  102,    1, 4.5274165474652503e-08, 5.4696823232554103e-08, 1.4564028789253445e-13, 1.4487566560373426e-13             
  102,    2,-1.2043876796969800e-09, 3.8024415336394801e-09, 1.4880793233801755e-13, 1.4433668627134659e-13             
  102,    3,-9.2121217056852793e-09, 3.3019345931484303e-08, 1.4254036206991445e-13, 1.4824371228649231e-13             
  102,    4, 2.6444721644623999e-08,-3.0496065563656998e-09, 1.4548103674008233e-13, 1.4618036980069858e-13             
  102,    5, 2.8748521287943200e-08, 8.8480297401864595e-10, 1.4492470831861874e-13, 1.4657586220526763e-13             
  102,    6,-3.1943747481118202e-08, 1.0976172697219800e-08, 1.4571821397324216e-13, 1.4657457514352163e-13             
  102,    7,-8.1744778845503898e-09,-1.4563805197910500e-08, 1.4835392341318356e-13, 1.4544761516793045e-13             
  102,    8,-3.3823550724963000e-09,-1.9041301569177898e-09, 1.4720326274246634e-13, 1.4696392229000135e-13             
  102,    9,-1.2652761362021800e-08, 7.5370799009294207e-09, 1.4781515904490922e-13, 1.4865561669761166e-13             
  102,   10,-2.9665782819003700e-08, 9.2474535488505497e-09, 1.4965404671496202e-13, 1.4794883077367384e-13             
  102,   11, 2.4954932408978698e-09, 8.1973024010226493e-09, 1.5039723827682689e-13, 1.5135388472389872e-13             
  102,   12, 9.6500121921872106e-09,-8.0507643549233194e-08, 1.5175336107012719e-13, 1.5145447846649646e-13             
  102,   13, 5.9005435035187902e-09,-3.6166213061249197e-08, 1.5231346748383681e-13, 1.5321571212162422e-13             
  102,   14, 2.2897437834016599e-08, 4.6516187133950400e-08, 1.5574649545335182e-13, 1.5528672272184154e-13             
  102,   15, 4.8503615032742299e-08, 4.2006663676149902e-08, 1.5632802343807643e-13, 1.5575318919043187e-13             
  102,   16, 8.1103663602250108e-09,-1.9499924858654499e-08, 1.6109210067741914e-13, 1.6142517180189929e-13             
  102,   17, 1.6953107844271200e-08,-5.6636002677240302e-08, 1.5967882505530181e-13, 1.5944481217218798e-13             
  102,   18, 1.2080710922113100e-08,-1.7039576758180402e-08, 1.6722258350432561e-13, 1.6860133872318417e-13             
  102,   19, 4.1098877205570999e-08, 3.4922615919270902e-08, 1.6355676351094157e-13, 1.6443417953801394e-13             
  102,   20,-2.0828539196583800e-08,-6.8375532240644604e-09, 1.7551607728588507e-13, 1.7604078839542561e-13             
  102,   21,-2.1520263978891699e-08, 2.4150535397271899e-08, 1.6997176416531333e-13, 1.6985308924106844e-13             
  102,   22, 4.5698780936006997e-10, 2.5067578328763700e-08, 1.8411447202417000e-13, 1.8392614891658586e-13             
  102,   23,-4.3808806972182201e-08,-3.7886800823603602e-08, 1.7753588972056592e-13, 1.7562432373662617e-13             
  102,   24, 3.3480359090697798e-08, 2.5293358207439601e-08, 1.9504739090209533e-13, 1.9253373805566075e-13             
  102,   25,-3.2539541091755203e-08,-6.4655147041126596e-08, 1.8511821398457254e-13, 1.8421258599111372e-13             
  102,   26,-2.8430663081015201e-08, 2.8375106791887200e-08, 2.0217815163630012e-13, 2.0148359685647984e-13             
  102,   27,-3.1983521975692699e-09,-3.3696377735017700e-09, 1.9312797327711375e-13, 1.9326731634919020e-13             
  102,   28, 3.2939597270303397e-08,-5.7877322215298199e-08, 2.1074453889177633e-13, 2.1021576953743310e-13             
  102,   29, 2.1943360160939700e-08, 5.9966797130663901e-09, 2.0368100716512583e-13, 2.0447702260592360e-13             
  102,   30, 2.8902810974463800e-08,-1.1641509409367099e-08, 2.1868805219368072e-13, 2.1942862543654330e-13             
  102,   31, 3.5787390280076202e-08,-2.6040677868474899e-08, 2.1383143415703620e-13, 2.1629790301342891e-13             
  102,   32, 9.7966448933844906e-08, 4.7648687826662501e-08, 2.2692110443987387e-13, 2.2918895649687697e-13             
  102,   33, 8.4843081001993006e-08, 4.5775259252250001e-09, 2.2622630264186796e-13, 2.2581074078031681e-13             
  102,   34,-1.5367969391562300e-08, 1.9428203418761200e-08, 2.3551981184189627e-13, 2.3492083800538585e-13             
  102,   35,-4.7692900024211997e-08, 5.7190287469346402e-08, 2.3617922963864951e-13, 2.3650731012791241e-13             
  102,   36, 2.3548567335162899e-08, 6.7878394539463598e-09, 2.4446074299171603e-13, 2.4461876180911180e-13             
  102,   37,-2.8101912287850499e-08, 4.9199033264845699e-08, 2.4880827412161476e-13, 2.4854629856407072e-13             
  102,   38, 3.0133901901342703e-08, 4.2648191452632798e-08, 2.5284137156285296e-13, 2.5240532319846410e-13             
  102,   39, 3.4919447013780899e-08,-1.7369429239989001e-08, 2.6172436419392207e-13, 2.5873052417043685e-13             
  102,   40, 1.5559426422303900e-08, 1.1693917594680900e-08, 2.6296496178080206e-13, 2.6115745261379154e-13             
  102,   41,-1.4243143541664100e-08,-1.1311263576389100e-08, 2.7346736974872743e-13, 2.7238826388881643e-13             
  102,   42,-5.8149832898667802e-09, 5.4567590599796799e-08, 2.7315797610377757e-13, 2.7369567743817157e-13             
  102,   43,-3.2821567489859798e-08, 4.7732966952435402e-08, 2.8585077774909774e-13, 2.8605251971245415e-13             
  102,   44, 2.2267612027975500e-08, 3.0948089872016203e-08, 2.8449273539887986e-13, 2.8537417790154376e-13             
  102,   45, 3.9572680576722999e-08,-1.5773637372421401e-08, 2.9976691698915198e-13, 2.9862117889279256e-13             
  102,   46,-2.1428326198686500e-08, 1.0593320371670899e-08, 2.9774229632408899e-13, 2.9759320606879850e-13             
  102,   47,-1.6640093639296501e-08, 2.9608714068299501e-08, 3.1476520910426419e-13, 3.1336327771844089e-13             
  102,   48,-1.5354191262025401e-08,-2.2417802146966201e-08, 3.1161078223988838e-13, 3.1065797779165354e-13             
  102,   49, 2.7345802162409001e-08, 2.8098018873131201e-08, 3.2873973746061529e-13, 3.2903578911325374e-13             
  102,   50, 5.3231558970122499e-08, 2.9852932017094297e-08, 3.2565148942903126e-13, 3.2538342705893704e-13             
  102,   51, 2.0161413457694601e-09, 4.0048716156481501e-08, 3.4618887382318353e-13, 3.4522352725797561e-13             
  102,   52, 1.5115675704375900e-08, 1.8994898371674000e-08, 3.4021745160321833e-13, 3.3880976328882886e-13             
  102,   53,-1.8732243303133001e-08, 2.3955231152044002e-08, 3.6323197313264127e-13, 3.6199743261644250e-13             
  102,   54,-3.4123010424024697e-08,-1.5471770690328200e-08, 3.5451752472877758e-13, 3.5466720468474441e-13             
  102,   55, 2.7132980892362901e-08,-6.7464863164847297e-08, 3.8205794860829333e-13, 3.8251700148049507e-13             
  102,   56,-5.2944596954199098e-08,-3.8619306042155197e-08, 3.7018331736061035e-13, 3.7054895342152120e-13             
  102,   57,-3.3099194265101797e-08, 9.7896393891856801e-09, 4.0102507488176486e-13, 4.0269095201380065e-13             
  102,   58, 1.2751012303731200e-08, 1.0864592814956900e-08, 3.8635807247938497e-13, 3.8652855759883506e-13             
  102,   59,-1.2657306160685199e-08, 5.7887975703537397e-08, 4.2181188615650765e-13, 4.2265198596409121e-13             
  102,   60, 1.6806352736997000e-09,-6.5915937777024904e-09, 4.0281888293437197e-13, 4.0231434686335511e-13             
  102,   61, 2.8002653976811899e-08, 1.1523086326419200e-09, 4.4273574605976757e-13, 4.4266123211184693e-13             
  102,   62,-8.4950108197877905e-10, 2.1819537156602800e-09, 4.1958169378935175e-13, 4.1877754574514853e-13             
  102,   63,-6.0978788207943996e-09,-2.1785536409907200e-08, 4.6520825086861274e-13, 4.6598669389294768e-13             
  102,   64, 3.4912848533246699e-09, 5.5085284025318302e-08, 4.3739878886519793e-13, 4.3799949929630231e-13             
  102,   65,-2.2642133295464300e-08,-3.1161654185665903e-08, 4.8851089873625283e-13, 4.8854915328380180e-13             
  102,   66,-1.0802020967004099e-08,-2.2731143698775301e-08, 4.5625892199498481e-13, 4.5718020557655391e-13             
  102,   67, 5.2034078818124900e-09, 2.8063714112693400e-08, 5.1260178572755832e-13, 5.1252178614718462e-13             
  102,   68,-3.4883856003895502e-08,-4.4560733494196498e-09, 4.7846296787894434e-13, 4.7913253761923452e-13             
  102,   69, 8.5830181004565802e-08,-3.7925569156204400e-08, 5.3463288207282414e-13, 5.3410036231437542e-13             
  102,   70, 1.5244401757747799e-08, 5.2130914154662397e-08, 5.0331706626008522e-13, 5.0301733912509869e-13             
  102,   71, 1.9624317036585199e-08,-2.0303330544756401e-08, 5.5624212359594177e-13, 5.5538591551473949e-13             
  102,   72, 3.9701879728170003e-08, 5.3623076927979003e-08, 5.3118433746740598e-13, 5.3054571810145985e-13             
  102,   73, 1.9301260456833200e-08, 7.5545739807543298e-10, 5.7575605805447523e-13, 5.7610846026588470e-13             
  102,   74,-1.9830615572423199e-08,-4.1525982300650803e-08, 5.6369922445025515e-13, 5.6269773339124539e-13             
  102,   75, 4.0139950978503801e-08, 9.0551000433679805e-09, 5.9284559643471426e-13, 5.9493251274022751e-13             
  102,   76,-1.7255962800329199e-08,-9.1307522104188903e-08, 5.9846514805993219e-13, 6.0073267149575004e-13             
  102,   77,-2.4706675770690099e-08, 4.3520520458019701e-08, 6.0942063903479193e-13, 6.0896024802349535e-13             
  102,   78,-3.9575878443832298e-08, 2.8805224357382799e-09, 6.3883911004979886e-13, 6.3803131469937097e-13             
  102,   79, 4.6391217530402901e-09,-4.3721975746530903e-09, 6.2597328105126964e-13, 6.2513578108540306e-13             
  102,   80, 3.8666269509687801e-09,-2.5437313281561800e-08, 6.7934952560862071e-13, 6.7873969080112426e-13             
  102,   81, 2.7856771843959001e-09,-1.0381901158102801e-08, 6.4357945163081309e-13, 6.4353605319353345e-13             
  102,   82, 1.7119137652066301e-08, 2.3586836432834301e-08, 7.1928785172597680e-13, 7.1849302719427361e-13             
  102,   83, 9.4690275589282401e-09, 8.5282311941563805e-10, 6.7125643530382666e-13, 6.7155633758000834e-13             
  102,   84,-3.5896040443361899e-08,-5.7321868232485000e-08, 7.5426513847648065e-13, 7.5426495296437509e-13             
  102,   85, 2.2603288911530598e-08,-1.4093596357501100e-08, 7.1129561649199141e-13, 7.1286644524527783e-13             
  102,   86, 2.3990066012787699e-08, 9.4101123013869393e-09, 7.8585294062621594e-13, 7.8406612199876396e-13             
  102,   87,-4.4950059095656997e-08, 5.4333504051589497e-08, 7.6874642803404102e-13, 7.6878668949689266e-13             
  102,   88, 8.7263530570755796e-09, 2.6063986896914398e-10, 8.1007633820714615e-13, 8.0951642467944239e-13             
  102,   89, 3.9347512187613403e-08,-8.2813556637295305e-09, 8.4218218117770338e-13, 8.4320512628937617e-13             
  102,   90, 1.9642555999598900e-08, 8.6445886872216000e-09, 8.3941404706042908e-13, 8.4154252044271779e-13             
  102,   91, 2.5968414384940500e-08,-7.7002502772742200e-09, 9.1871721685682406e-13, 9.2026219374034466e-13             
  102,   92, 5.9515950560108701e-09,-6.6264533703691605e-08, 9.0432401352997458e-13, 9.0482586117979029e-13             
  102,   93, 1.8023440966778399e-08, 2.3665720887263199e-08, 9.7756320317655082e-13, 9.7656072403307882e-13             
  102,   94, 3.7484723964148304e-09, 2.2763881807357500e-08, 1.0359836103178429e-12, 1.0336644724638493e-12             
  102,   95,-3.7754552006190400e-08,-2.2941205105295399e-08, 9.9401891139396866e-13, 9.9218216883758639e-13             
  102,   96, 2.3646954724151600e-08, 5.2553214925661801e-08, 1.2461489129743058e-12, 1.2436042996236742e-12             
  102,   97, 8.3726780213896994e-09,-8.3374301235581306e-09, 9.8175083840725377e-13, 9.8281789684227057e-13             
  102,   98, 1.1331703374422599e-08, 7.7981777395757303e-09, 1.4939993526317681e-12, 1.4954210725434003e-12             
  102,   99, 9.1526509150263303e-09,-1.0761532840123601e-08, 1.1301401691870878e-12, 1.1298845074345832e-12             
  102,  100,-4.8912298307055899e-08, 6.5637442947990800e-09, 1.6802045763386406e-12, 1.6826501567671339e-12             
  102,  101,-3.1157139467248097e-08, 2.9597836345457900e-08, 1.7676599200295829e-12, 1.7673484272868967e-12             
  102,  102,-2.4406027099721499e-08,-9.7041337564940403e-09, 2.4981704484495120e-12, 2.4928508546357507e-12             
  103,    0,-2.5238055114346101e-08, 0.0000000000000000e+00, 1.4837329183649101e-13, 0.0000000000000000e+00             
  103,    1,-7.5453085485621705e-09,-3.1542713752563102e-08, 1.4839989276962651e-13, 1.4769693963913169e-13             
  103,    2, 1.0484760482374600e-08, 1.0156210245580900e-08, 1.4937580399997283e-13, 1.4677679245924456e-13             
  103,    3,-2.7732793635262099e-08,-3.4478057170571799e-09, 1.4511771407418558e-13, 1.5109342356416829e-13             
  103,    4, 2.3994086624991701e-08,-6.9631529624655597e-09, 1.4748436396504262e-13, 1.4879554885793697e-13             
  103,    5,-7.7818986337015407e-09, 2.2099405756277299e-08, 1.4767714241518507e-13, 1.4940824919685265e-13             
  103,    6,-2.4713835160921202e-09,-2.3647727383381899e-08, 1.4863690921942653e-13, 1.4939464921810906e-13             
  103,    7,-1.8267795916211401e-08, 3.3040671631567799e-08, 1.5079040345472363e-13, 1.4778098701121440e-13             
  103,    8,-8.3076259570736893e-09, 2.3181854686789099e-08, 1.5148119106028750e-13, 1.4915332760078961e-13             
  103,    9,-1.7900393196541099e-08, 5.5631484760058101e-08, 1.5032969233577950e-13, 1.5095084597127750e-13             
  103,   10, 8.4625601802419803e-09,-4.0340912582928401e-08, 1.5302816512610695e-13, 1.4997796705941587e-13             
  103,   11, 8.1296587585637399e-09, 1.9974379204926502e-08, 1.5388476767497961e-13, 1.5339363421209625e-13             
  103,   12,-1.9671226227746199e-08,-4.8200745812799301e-08, 1.5334678749929620e-13, 1.5249947315962457e-13             
  103,   13, 1.4935902355481501e-10, 9.2142831731147095e-10, 1.5503693681669001e-13, 1.5609342996090940e-13             
  103,   14, 4.0854020529400098e-09, 8.4786674413103499e-08, 1.5643105597415591e-13, 1.5473156487917254e-13             
  103,   15,-4.6220290536757699e-09,-2.2611603548015802e-08, 1.5868338236704132e-13, 1.5880100411407144e-13             
  103,   16, 7.1535755294047498e-09,-5.4794521452372800e-08, 1.6001462609223145e-13, 1.5921899828936780e-13             
  103,   17, 2.2430995333233001e-08, 1.3314555353331601e-08, 1.6248915539429717e-13, 1.6317428807716005e-13             
  103,   18, 6.5705550572631001e-08, 9.0037127401074801e-09, 1.6553027847455854e-13, 1.6560331416727127e-13             
  103,   19,-7.0228613369903403e-08,-5.9890022681815203e-08, 1.6575709630631112e-13, 1.6684456204939269e-13             
  103,   20,-1.7473345652057501e-08, 3.6521328329694702e-08, 1.7115976156398858e-13, 1.7287130918513961e-13             
  103,   21, 7.9599121734478497e-09,-1.2776143352359299e-08, 1.7088306296001844e-13, 1.7124250580538453e-13             
  103,   22,-1.3905841473340801e-09,-5.1223116908547099e-08, 1.7927063239687223e-13, 1.7904397918251864e-13             
  103,   23, 7.8143261177527406e-08,-3.5036489791512999e-08, 1.8019870859833101e-13, 1.7695076284489989e-13             
  103,   24, 1.0885262212630600e-08,-4.7371576531624698e-08, 1.8822048409158419e-13, 1.8496885807344248e-13             
  103,   25,-7.7894274836875299e-08, 7.4985667823602300e-10, 1.8513366275057740e-13, 1.8452279256372405e-13             
  103,   26,-1.3080869189231699e-08, 6.6906501116443904e-08, 1.9487307509613664e-13, 1.9529942042735924e-13             
  103,   27,-1.1981060959711700e-08,-6.1966761393225300e-08, 1.9648889952238370e-13, 1.9402835167963339e-13             
  103,   28, 2.4560228128570601e-08, 7.3275698306841500e-08, 2.0331100866718517e-13, 2.0277783882549345e-13             
  103,   29, 2.4932859527331201e-08, 3.4808385575747601e-08, 2.0415747901188584e-13, 2.0403634830760939e-13             
  103,   30,-2.6008833634554601e-08,-5.7049683259362997e-09, 2.1402563250259919e-13, 2.1128610603231544e-13             
  103,   31,-1.3398113985541399e-08, 1.0246641538764600e-07, 2.1344105914571328e-13, 2.1471539623727448e-13             
  103,   32,-4.7532130982024800e-08,-1.2950110370201300e-08, 2.2022084687121276e-13, 2.2083509093464769e-13             
  103,   33,-7.8169111650164606e-08,-1.6557969362647199e-08, 2.2397840892555894e-13, 2.2463055420428141e-13             
  103,   34,-3.4036809282839102e-08, 1.1390334490715901e-08, 2.2857578277992811e-13, 2.2679278549187839e-13             
  103,   35, 2.0597565372065499e-08,-8.1194288721455196e-08, 2.3429541242230101e-13, 2.3414459334508366e-13             
  103,   36, 1.2334192316911200e-08, 3.0112629216486597e-08, 2.3506945817673030e-13, 2.3533648928875569e-13             
  103,   37, 1.2949941494443699e-09, 1.4557937654038400e-08, 2.4472571324621416e-13, 2.4523715958771456e-13             
  103,   38,-1.3845317734919300e-08,-4.4595831513540399e-08, 2.4395308391844638e-13, 2.4349814076714507e-13             
  103,   39,-4.3970050310231603e-09,-7.2866584030607601e-08, 2.5644998071802585e-13, 2.5488091360934956e-13             
  103,   40,-3.4558032706414997e-08, 2.3463761403118502e-08, 2.5429595534168427e-13, 2.5219586093333073e-13             
  103,   41,-9.7196781290952098e-09,-9.1164589010756006e-09, 2.6639474991169575e-13, 2.6621805556230836e-13             
  103,   42,-3.0710327543479702e-08, 2.7062759959432500e-08, 2.6333772432497853e-13, 2.6441558115662913e-13             
  103,   43,-2.0832447850435099e-08, 8.1940225963673695e-09, 2.7581628013368443e-13, 2.7720811930526186e-13             
  103,   44, 4.5077071363369802e-08, 2.2833690805261900e-08, 2.7442750190404824e-13, 2.7550859593603288e-13             
  103,   45,-2.4912412588692200e-08,-2.6516432641200400e-08, 2.8933727371568583e-13, 2.8790042697588514e-13             
  103,   46,-2.7058965946552701e-08, 4.9260924738940501e-08, 2.8783704094970668e-13, 2.8781804573532633e-13             
  103,   47,-2.8313841104063100e-08,-1.8657393676114301e-08, 3.0126403748498355e-13, 2.9889789905038006e-13             
  103,   48, 2.1146087884099100e-08, 2.2093713686353401e-08, 3.0052544246846032e-13, 2.9976442829110599e-13             
  103,   49, 2.7571810884968502e-08, 3.4019979048979898e-08, 3.1265563280386717e-13, 3.1301366609298378e-13             
  103,   50, 4.7553823917393602e-08, 6.7595576899753496e-09, 3.1405739514441667e-13, 3.1354115479518000e-13             
  103,   51, 2.8761135972654301e-08,-2.2333849205943599e-08, 3.2617318085042510e-13, 3.2518792005779593e-13             
  103,   52,-3.1180104773151801e-08,-1.8663770540328601e-08, 3.2857777909318308e-13, 3.2758551801342910e-13             
  103,   53, 2.2139630594114299e-08, 1.7244629077482500e-09, 3.3935094116086486e-13, 3.3869760953476586e-13             
  103,   54,-2.9778435437827701e-08, 1.0503119090989601e-08, 3.4325912041701762e-13, 3.4345936104823347e-13             
  103,   55,-1.4607028935640900e-08, 2.1847685551161599e-08, 3.5246615841027872e-13, 3.5300667607412652e-13             
  103,   56, 4.5398771062682797e-09, 1.8391974911847801e-08, 3.5997213696412076e-13, 3.6045119105258369e-13             
  103,   57, 9.5391636733972295e-10,-3.3038349578874098e-08, 3.6591480789712188e-13, 3.6797611643581188e-13             
  103,   58, 1.8127697352769501e-08,-1.6953654504043102e-08, 3.7857317312502721e-13, 3.7811371652843700e-13             
  103,   59, 1.5109631235076001e-08,-1.5492202360035699e-09, 3.8044308057167414e-13, 3.8086544845021383e-13             
  103,   60,-2.3754757491126500e-08, 1.8437372671524001e-09, 3.9684452119583356e-13, 3.9665073056418513e-13             
  103,   61,-4.0966121409049599e-10, 8.5323360074617807e-09, 3.9471413426090648e-13, 3.9479561299106088e-13             
  103,   62, 2.0257186791333801e-08, 1.1669780418395700e-08, 4.1621552737311263e-13, 4.1587561695477789e-13             
  103,   63, 1.2320394507515199e-08,-4.9468090504024696e-09, 4.0820845723044773e-13, 4.0973676640934845e-13             
  103,   64,-1.2839166307135000e-08,-2.6588900264045702e-09, 4.3697320024506567e-13, 4.3794992121035828e-13             
  103,   65,-6.1392074698326005e-08,-2.9851256652939003e-08, 4.2535718934150595e-13, 4.2562418903146361e-13             
  103,   66,-3.1255032737967901e-08, 4.1557110189996400e-08, 4.5916192567215183e-13, 4.5909340418799329e-13             
  103,   67, 3.0954886961337302e-08,-7.0332187128721798e-08, 4.4233844378475584e-13, 4.4248559324835252e-13             
  103,   68, 2.3586247189451299e-08, 1.0375355298586100e-08, 4.8180119829356730e-13, 4.8105471089383169e-13             
  103,   69,-2.2492618242958800e-08,-4.0767384452884900e-08, 4.6193898444121935e-13, 4.6143158188469329e-13             
  103,   70,-3.6248659346771599e-08, 3.6241181610787300e-08, 5.0282956607104477e-13, 5.0179012473960996e-13             
  103,   71, 1.5250429033078700e-08,-1.1096881780766101e-08, 4.8338960700083957e-13, 4.8294448038130619e-13             
  103,   72,-2.0270946694343700e-08, 1.9868945042709899e-08, 5.2317966116137126e-13, 5.2291069274211166e-13             
  103,   73, 9.9171350503194700e-09,-1.1589251188549100e-08, 5.0679206595674525e-13, 5.0698545401217023e-13             
  103,   74,-3.1975011125244297e-08,-3.4575636930180502e-08, 5.4314820614211860e-13, 5.4267824959161882e-13             
  103,   75,-1.2855628971931501e-08,-2.2835943354844500e-08, 5.3366897538855497e-13, 5.3580718321840451e-13             
  103,   76, 3.8293373175320599e-09, 4.0743961475724297e-08, 5.5954347143786003e-13, 5.6190828930659406e-13             
  103,   77, 2.1231320696527199e-08, 5.5380685463193403e-08, 5.6651451728032488e-13, 5.6685756855126994e-13             
  103,   78, 1.7832868923766502e-08, 2.2900920078025901e-08, 5.7650287866248591e-13, 5.7660827202703949e-13             
  103,   79, 1.7098006090067499e-08, 8.2271779246577398e-09, 6.0207684362873089e-13, 6.0117136002582234e-13             
  103,   80, 2.2304777097683899e-11, 6.3494801727949598e-08, 5.9190996734194769e-13, 5.9237188167676381e-13             
  103,   81, 4.2191946545754003e-08, 3.9960157166624598e-08, 6.3934241710706791e-13, 6.3973002787427406e-13             
  103,   82,-9.0040494231832305e-09,-1.9431924222798799e-08, 6.1139365696357533e-13, 6.1093409746131095e-13             
  103,   83, 3.4310468467959898e-09,-5.1224866490411298e-08, 6.7531411777562731e-13, 6.7550596188309745e-13             
  103,   84,-1.1968299558190000e-08, 9.9099541326627693e-09, 6.3970826161185027e-13, 6.3944618162982674e-13             
  103,   85,-9.5023723042964696e-09, 7.9331161872160192e-09, 7.0659126874987120e-13, 7.0741941709429682e-13             
  103,   86,-2.1010483396459901e-08, 1.7482901780463099e-08, 6.8315012184121135e-13, 6.8094722939439615e-13             
  103,   87, 1.9545269633620700e-08,-7.9740545780768798e-09, 7.3166914307779131e-13, 7.3011634038331617e-13             
  103,   88,-1.5916126618904798e-08,-4.6314024678524902e-09, 7.4139628754796196e-13, 7.4241336833684973e-13             
  103,   89,-3.1927103021509000e-08,-1.2083150295511000e-08, 7.4669309821121950e-13, 7.4811998164134532e-13             
  103,   90,-7.6630290616814393e-08,-2.0996518679707499e-09, 8.1787320499285961e-13, 8.1922121674891319e-13             
  103,   91,-2.0940332810449900e-08,-1.3517422442553000e-08, 7.6662217037576267e-13, 7.7013502890882971e-13             
  103,   92,-8.3718323778113995e-08,-3.3754728236793301e-08, 8.9715591271598385e-13, 8.9728597425834656e-13             
  103,   93, 2.7656637474523200e-08, 5.4120586278797499e-08, 8.2266505942318018e-13, 8.2337537581292157e-13             
  103,   94, 1.5338069151320600e-08, 1.6398582806514500e-08, 9.5741590544746843e-13, 9.5775723770007024e-13             
  103,   95, 1.3378650001954401e-08,-6.1209582988065602e-09, 9.4715553219886141e-13, 9.4453240517694034e-13             
  103,   96, 1.7651569404744599e-08, 2.5844647139069801e-08, 9.7290547777565963e-13, 9.7100397585803961e-13             
  103,   97, 8.3007363825212895e-09,-3.8477019574270303e-08, 1.1540662023993411e-12, 1.1515173045309531e-12             
  103,   98,-1.1846059183424099e-08,-1.1619222586681201e-09, 9.5807223354884786e-13, 9.6012541858765051e-13             
  103,   99, 9.1576693406242102e-09,-1.9533801334099901e-08, 1.3944146322581863e-12, 1.3919152733586193e-12             
  103,  100,-2.4438142796153801e-09, 3.4650442552854200e-08, 1.1164526241186324e-12, 1.1163333744157228e-12             
  103,  101, 1.4028253716941100e-08, 1.9969393099978500e-10, 1.5470679976996608e-12, 1.5423349483223957e-12             
  103,  102, 1.2163342930302800e-08,-4.1603004456940797e-08, 1.7744364360725418e-12, 1.7737050009344516e-12             
  103,  103,-1.1577468569112200e-08,-2.8535115458862901e-08, 2.3016140286566208e-12, 2.2939019698304137e-12             
  104,    0, 3.6040034812967798e-08, 0.0000000000000000e+00, 1.5061179650955917e-13, 0.0000000000000000e+00             
  104,    1,-5.6310486145595102e-09, 3.4604999137659300e-09, 1.5180574690149995e-13, 1.5033409240966198e-13             
  104,    2,-9.5575188415626105e-09, 4.1104604347420499e-08, 1.5202253421945348e-13, 1.4975606433379420e-13             
  104,    3, 4.4360718958487103e-08,-2.7671613692079900e-08, 1.4798036153631146e-13, 1.5396088885099833e-13             
  104,    4, 2.0091033327740799e-08,-3.5028251214451701e-08, 1.5045631126517814e-13, 1.5157415573523040e-13             
  104,    5,-5.3703276198292997e-08, 1.9954239246060502e-08, 1.5029167951985817e-13, 1.5209345003296581e-13             
  104,    6,-1.7979409349733200e-08, 2.2317859001070699e-08, 1.5089800237613296e-13, 1.5469021458250395e-13             
  104,    7,-5.5414255526381598e-08, 1.3486973847814501e-08, 1.5354762238366494e-13, 1.5022206478791240e-13             
  104,    8, 3.6519437438302699e-08, 1.8836864436406001e-10, 1.5245361605474627e-13, 1.5360477908367855e-13             
  104,    9,-2.6432784968382599e-08,-1.3684734722583299e-08, 1.5277302007373961e-13, 1.5347616837294370e-13             
  104,   10,-2.0860287911633698e-09,-7.1658896788798297e-09, 1.5437755734558423e-13, 1.5564954244590343e-13             
  104,   11,-7.7569833916679400e-08, 1.4990591708796602e-08, 1.5397063920820328e-13, 1.5614793743480923e-13             
  104,   12, 1.1450880285482999e-08, 5.7433426316363197e-09, 1.5732359820619847e-13, 1.5668012399611128e-13             
  104,   13, 1.0090606249071100e-08, 4.2777575737720501e-08, 1.5676163605819354e-13, 1.5748958537002813e-13             
  104,   14, 2.0228405473352300e-08, 2.3643957904760399e-08, 1.6040891483939920e-13, 1.5955665043685765e-13             
  104,   15, 4.9433092292400299e-08,-2.7044827539123302e-08, 1.6000941557355954e-13, 1.5958669541458649e-13             
  104,   16,-2.0432936576740199e-08,-4.2430428811277702e-08, 1.6491111467362213e-13, 1.6400806699095875e-13             
  104,   17,-2.8444684293247200e-08, 2.3620145842783001e-08, 1.6457959019374709e-13, 1.6328902523351285e-13             
  104,   18, 4.2233821553774699e-09,-1.3567884728882100e-08, 1.7329915736365584e-13, 1.7129975113527373e-13             
  104,   19, 2.6427785660141799e-08, 7.8778154056725699e-08, 1.6731939568164489e-13, 1.6893742431368681e-13             
  104,   20, 8.9173160973481396e-09,-2.4681545469965801e-08, 1.8009832631203525e-13, 1.7890536569114256e-13             
  104,   21,-3.0170318619968799e-08, 4.1137716675641597e-08, 1.7356504648878363e-13, 1.7329807375566815e-13             
  104,   22, 1.3718412271068101e-08, 3.0075627679914102e-08, 1.8740305841487922e-13, 1.8658639611831390e-13             
  104,   23,-3.7077114769308898e-08, 5.4210349980558102e-09, 1.8100517785614492e-13, 1.7857716144884967e-13             
  104,   24,-3.0477142536767202e-08, 1.8109743467507201e-08, 1.9643928741929846e-13, 1.9470472095476651e-13             
  104,   25,-2.1243942648186000e-08,-6.7917810125632799e-08, 1.8711064556794658e-13, 1.8656525754092818e-13             
  104,   26, 2.6205313959834902e-08,-1.9514051192671301e-09, 2.0463807836609876e-13, 2.0378897360187425e-13             
  104,   27,-3.2190047180520301e-08, 5.0167972768004097e-09, 1.9517245303933414e-13, 1.9658224058357502e-13             
  104,   28, 6.0141904716835704e-08,-2.7437209618628801e-09, 2.1261915557747616e-13, 2.1216649028316308e-13             
  104,   29,-8.9610094944996093e-09, 1.5228988642428899e-08, 2.0461036529571626e-13, 2.0513369843967553e-13             
  104,   30,-2.3592635076966500e-08,-1.2320283077069000e-08, 2.2097662381250262e-13, 2.2084959615292245e-13             
  104,   31, 2.8238544755567698e-08,-1.2175433550917800e-08, 2.1497128972323612e-13, 2.1601854710003421e-13             
  104,   32,-3.0646932050502799e-08,-4.0417483628178297e-08, 2.2857721948964611e-13, 2.2940388116667476e-13             
  104,   33, 2.6225617457683400e-08,-2.5374177499394299e-09, 2.2676715350688085e-13, 2.2587533330222182e-13             
  104,   34,-1.0792400621099300e-08,-1.6423683509103601e-08, 2.3678905349673146e-13, 2.3655847487987674e-13             
  104,   35, 1.6760426432740801e-08, 5.5712626934628400e-08, 2.3652682617145939e-13, 2.3756691213898716e-13             
  104,   36, 3.1569742067262100e-08, 5.4906728975866999e-08, 2.4438868173635663e-13, 2.4516414666837636e-13             
  104,   37,-1.2480555472978699e-08,-4.0728769334422401e-08, 2.4948164759773488e-13, 2.4816570327297479e-13             
  104,   38, 3.7118820883810097e-08, 5.8513080492490097e-08, 2.5386314910963801e-13, 2.5315520176194429e-13             
  104,   39,-6.6369274125156498e-09, 2.5424323488891201e-08, 2.6091210477682485e-13, 2.5826883707901127e-13             
  104,   40, 1.0205969950272500e-08,-2.4505087345265302e-08, 2.6325525895391309e-13, 2.6170701026899614e-13             
  104,   41, 8.1099879889550699e-09,-4.0918483478132297e-09, 2.7136800208910844e-13, 2.7070923580654856e-13             
  104,   42,-4.6459167667492498e-08, 1.1348505211550800e-08, 2.7259516019868822e-13, 2.7341763893926242e-13             
  104,   43, 5.1672791127592998e-08,-2.6818366140524999e-08, 2.8343673424524087e-13, 2.8471852679384615e-13             
  104,   44, 6.1466187113934805e-08,-6.4430716396997307e-08, 2.8381562803068116e-13, 2.8493121226227824e-13             
  104,   45,-4.6817550414697899e-08, 2.7911862500388000e-08, 2.9793960128166861e-13, 2.9647695105591798e-13             
  104,   46,-2.8581620946822400e-08,-1.9980316624833099e-08, 2.9660224805700217e-13, 2.9647744720485499e-13             
  104,   47,-7.3305284180424203e-09, 3.8754439341487702e-09, 3.1167116706178368e-13, 3.0994194052092751e-13             
  104,   48,-6.4944315147169497e-09,-2.3636953412889201e-08, 3.0985706157044274e-13, 3.0924276899266713e-13             
  104,   49,-3.4218914453687201e-09,-1.9475289091781400e-08, 3.2550925223662833e-13, 3.2554027837846674e-13             
  104,   50, 1.0631736613895001e-08, 1.6238773870476299e-08, 3.2319643324039622e-13, 3.2326401749791732e-13             
  104,   51,-6.3058427290366105e-08,-7.5561912012775107e-09, 3.4116336548964783e-13, 3.3995885273225980e-13             
  104,   52,-4.0036789857727996e-09,-5.9031975264639904e-10, 3.3809677519543975e-13, 3.3692107451119316e-13             
  104,   53, 7.0939180084830300e-10, 5.0332800437099197e-08, 3.5809582643996208e-13, 3.5712706965909566e-13             
  104,   54, 2.1181961215643300e-08,-1.5666354504339500e-08, 3.5168876123856091e-13, 3.5178367569881080e-13             
  104,   55,-1.2178411371743400e-08,-1.8558276412865999e-08, 3.7493628808391746e-13, 3.7503576267792775e-13             
  104,   56,-1.9174415440650999e-09,-3.5369510313723899e-08, 3.6682480853554718e-13, 3.6734499594521702e-13             
  104,   57, 3.0824012940091503e-08, 5.1841769741927201e-08, 3.9380531938809233e-13, 3.9528120583303892e-13             
  104,   58, 2.4951693708186202e-09, 1.7069235835381500e-08, 3.8257173296634357e-13, 3.8283832243818717e-13             
  104,   59,-6.4466743692561800e-10,-6.2431141878940703e-09, 4.1414386605099261e-13, 4.1450777496825164e-13             
  104,   60,-2.0458945594816599e-08,-3.2033112156300702e-08, 3.9906245395627302e-13, 3.9846941579593541e-13             
  104,   61, 1.5859629381246901e-08, 3.4053812988632099e-09, 4.3500393852941079e-13, 4.3478811451434623e-13             
  104,   62,-2.3834113027464100e-08,-1.8124604659791799e-08, 4.1495935903015587e-13, 4.1418066922200316e-13             
  104,   63,-1.1677820710051400e-08, 9.1754065790693295e-10, 4.5534940684858042e-13, 4.5631670114124170e-13             
  104,   64,-9.0814640002392498e-09,-1.4100927681973500e-08, 4.3100585056367459e-13, 4.3172845708745457e-13             
  104,   65,-1.5397870076295101e-08,-3.7469332016718898e-08, 4.7913994591035886e-13, 4.7909511473302763e-13             
  104,   66, 5.9956299515484502e-08, 1.1391661757372900e-08, 4.4941626292826179e-13, 4.5008279637703948e-13             
  104,   67,-7.1009236928662098e-09,-3.0606057117967798e-08, 5.0275558123298559e-13, 5.0262756477358049e-13             
  104,   68, 3.0672943124282899e-08, 9.8036741032980703e-08, 4.6865196152767681e-13, 4.6909295261544136e-13             
  104,   69, 3.5853207379544902e-08, 8.5555872734436508e-09, 5.2690810405039543e-13, 5.2636648428056075e-13             
  104,   70, 1.9699722492434100e-08,-6.5463977516095501e-09, 4.9084351046466330e-13, 4.9068553914359369e-13             
  104,   71, 2.6899817755633199e-08,-1.0963964368584900e-08, 5.4836464160970071e-13, 5.4750506325508608e-13             
  104,   72,-4.0123540832471698e-08,-3.3033110882528502e-08, 5.1534149535342101e-13, 5.1473085082334112e-13             
  104,   73,-5.3742286337937996e-09,-6.6997196775384095e-08, 5.6936202555737632e-13, 5.6972382251622523e-13             
  104,   74,-4.3396528976511803e-08, 2.5550628293024201e-08, 5.4361130426377960e-13, 5.4285418414035066e-13             
  104,   75, 5.2436249927223201e-08, 2.0465974744382600e-08, 5.8843071116802005e-13, 5.9075263707306463e-13             
  104,   76, 1.3393629146069999e-08, 4.1840948268598403e-08, 5.7462073220241552e-13, 5.7703216245387676e-13             
  104,   77,-2.3859726850592400e-08,-6.3190636901453996e-11, 6.0656993153338476e-13, 6.0660477866379113e-13             
  104,   78, 2.9690644619361301e-08,-5.4659968818886999e-08, 6.1286306028751343e-13, 6.1230957352909193e-13             
  104,   79,-3.4646735028414101e-08, 3.2008485658250000e-08, 6.2209472940891985e-13, 6.2096250952841822e-13             
  104,   80, 2.7025329489925999e-08,-4.3551596324207898e-08, 6.5204874632906374e-13, 6.5143005534691952e-13             
  104,   81, 1.6631877630716399e-08,-4.3967132355033100e-08, 6.3702573614951519e-13, 6.3724888014822834e-13             
  104,   82,-5.8599637357796602e-09, 9.4712399744136605e-09, 6.9350613436920714e-13, 6.9237828809505370e-13             
  104,   83, 1.6353154150330002e-08, 4.7214489719499500e-08, 6.5437860485689031e-13, 6.5459868572241684e-13             
  104,   84,-3.0095184344771300e-08,-1.9606734769278300e-08, 7.3303979943082437e-13, 7.3324658719490261e-13             
  104,   85, 2.4486792338025500e-08, 3.4080453788211003e-08, 6.8161942708060637e-13, 6.8295664482784131e-13             
  104,   86, 1.9674481455128302e-08,-6.5543290142878894e-08, 7.6967286312224311e-13, 7.6777833797353650e-13             
  104,   87, 3.6481400199992601e-08,-1.6866462106665700e-08, 7.2294029173951815e-13, 7.2294683131727744e-13             
  104,   88, 4.5460257157834702e-09, 1.9210907461837001e-08, 7.9981530032950963e-13, 7.9860687901565863e-13             
  104,   89, 2.5430837019085401e-08, 3.3148355687993900e-08, 7.8032065494648707e-13, 7.8160618038812400e-13             
  104,   90, 4.2428074430167098e-09, 3.1952626581367497e-08, 8.2200297317930775e-13, 8.2381877584619276e-13             
  104,   91, 2.8329593498517600e-08,-1.1672834072476400e-08, 8.5624063283609889e-13, 8.5768796617359421e-13             
  104,   92,-2.7202302723815601e-09,-7.7830686698312206e-09, 8.5242536433355991e-13, 8.5311583115022560e-13             
  104,   93, 5.8156387580097398e-08,-1.0005974749040201e-08, 9.3623906323171448e-13, 9.3468576006089449e-13             
  104,   94,-2.9384551924254301e-08,-1.0056647820614801e-08, 9.1785801318203904e-13, 9.1575937156711117e-13             
  104,   95, 1.2897380786680799e-08,-3.7480672510135000e-08, 9.9491115312472071e-13, 9.9262913147327948e-13             
  104,   96,-3.1830661310098203e-08,-1.7887838972597600e-08, 1.0497679977372938e-12, 1.0475778585860896e-12             
  104,   97,-6.9337436244398798e-08, 2.3211401227343500e-09, 1.0078577721627301e-12, 1.0078311613068972e-12             
  104,   98,-7.7614660430139498e-09, 5.0406890890665997e-08, 1.2618282954150686e-12, 1.2627368477233495e-12             
  104,   99,-3.6957734597807300e-08,-5.1801882728000196e-09, 9.9346127030293246e-13, 9.9428811205649641e-13             
  104,  100,-4.1312341490107000e-08, 2.7756781603493301e-08, 1.5125162929210638e-12, 1.5158005209892375e-12             
  104,  101,-3.0683560019040702e-08, 9.6086956140239795e-09, 1.1452190899174169e-12, 1.1459063294857029e-12             
  104,  102, 3.8463684769200100e-08,-4.1251776503063600e-08, 1.6973190738478846e-12, 1.6936129870127474e-12             
  104,  103,-2.6297874600434801e-08, 4.7748145426070802e-08, 1.8018406481176406e-12, 1.8014910397321037e-12             
  104,  104,-7.1699657976195898e-09, 5.9341579624130402e-08, 2.5125479195123055e-12, 2.5074262006271622e-12             
  105,    0,-3.2566049631341401e-08, 0.0000000000000000e+00, 1.5339624401218946e-13, 0.0000000000000000e+00             
  105,    1, 1.8044645250178999e-08, 1.3489182630218100e-08, 1.5479612707364710e-13, 1.5261038200302071e-13             
  105,    2, 2.6875837273148901e-08,-9.9796674743121300e-09, 1.5474294092442983e-13, 1.5263378364914416e-13             
  105,    3, 2.8558015045011799e-08, 4.6304703194506601e-09, 1.5087907105516685e-13, 1.5691388771470687e-13             
  105,    4,-5.0853382775385601e-08, 4.1735336826490900e-08, 1.5331430400461211e-13, 1.5454143843780755e-13             
  105,    5, 1.9242305643620300e-08,-1.7492349124785699e-08, 1.5372673873554387e-13, 1.5572359605689724e-13             
  105,    6,-1.3825422487005400e-08, 1.2464537554808300e-08, 1.5340549131076779e-13, 1.5531513720754829e-13             
  105,    7, 1.1593881702759600e-08, 3.7412413556962703e-08, 1.5610055011721034e-13, 1.5307364872062393e-13             
  105,    8, 6.3199943356804898e-09, 7.0686776268649197e-10, 1.5570908485425784e-13, 1.5438603098673096e-13             
  105,    9,-1.2953883974157601e-10, 2.4483362346865998e-08, 1.5568240451819722e-13, 1.5569778794387342e-13             
  105,   10, 9.1813820130632895e-10, 1.2122418241339101e-08, 1.5678703269300041e-13, 1.5542134984326236e-13             
  105,   11,-1.1998387485554300e-08, 1.9954585797966300e-08, 1.5668096462682408e-13, 1.5936616767697523e-13             
  105,   12, 5.3767569766547103e-08,-6.6672886756928399e-09, 1.5849953832776984e-13, 1.5744200639255399e-13             
  105,   13, 1.5410270558009801e-08,-6.1564733298348105e-08, 1.5967627296788808e-13, 1.6132484691525203e-13             
  105,   14, 5.3700358600749897e-09,-1.3861251315428900e-08, 1.6188389555735931e-13, 1.5934105114299779e-13             
  105,   15, 6.5177068941658497e-09, 8.9040310174614798e-09, 1.6294658791574709e-13, 1.6222910036858726e-13             
  105,   16, 9.6043144505341995e-09,-5.1152257700559301e-09, 1.6476345357544853e-13, 1.6369143953570240e-13             
  105,   17, 5.3888225588464700e-08, 4.0604849169116699e-08, 1.6672141977379316e-13, 1.6574911625994856e-13             
  105,   18, 1.2893942281895199e-08,-1.9464630507897800e-08, 1.6942542801516542e-13, 1.6940963067999377e-13             
  105,   19,-3.0386117149966302e-08, 1.6981498356854999e-08, 1.6927104916348727e-13, 1.7078488061765293e-13             
  105,   20,-2.5069351552486898e-08, 2.2338975791218301e-08, 1.7437698396175529e-13, 1.7593195021683992e-13             
  105,   21, 7.0052601698712099e-08, 4.6622284666691996e-09, 1.7508804809724677e-13, 1.7543657775586629e-13             
  105,   22,-8.0736650988560696e-09,-2.1270669215914700e-09, 1.8198755975536780e-13, 1.8234250988160159e-13             
  105,   23, 9.5161778613715499e-09, 1.6345498897929001e-08, 1.8218425466586748e-13, 1.7991057702138273e-13             
  105,   24,-1.7898055807617801e-08,-6.7345834182882400e-08, 1.8992318985019482e-13, 1.8861920823212301e-13             
  105,   25, 4.2141739005800098e-08,-1.8351673043786001e-08, 1.8823317540852472e-13, 1.8854926739891123e-13             
  105,   26,-5.1848414239838400e-08, 3.4005769623888301e-08, 1.9713510810063177e-13, 1.9807583140235885e-13             
  105,   27, 4.9069751679012903e-08, 1.0529723925868600e-08, 1.9637782093305277e-13, 1.9673298803201291e-13             
  105,   28,-2.2904079469552999e-08, 3.7805812576466100e-08, 2.0512148227400988e-13, 2.0498767220933406e-13             
  105,   29, 7.7938331107594392e-09,-2.9900515416927700e-09, 2.0529035955669123e-13, 2.0593346829887874e-13             
  105,   30,-1.6525303239167400e-08,-7.8955988523870004e-09, 2.1352141427026250e-13, 2.1335898611108457e-13             
  105,   31,-1.4568417134106600e-08, 1.8076425037476399e-09, 2.1517437306024627e-13, 2.1563420050628491e-13             
  105,   32, 5.8138924751398903e-09,-4.8760060056605902e-08, 2.2066121064434185e-13, 2.2120855294518257e-13             
  105,   33, 2.6856594535588799e-09, 1.7088805465263699e-08, 2.2619790960716592e-13, 2.2482367593685050e-13             
  105,   34,-2.4779451441272499e-08,-1.3679535436126499e-08, 2.2914613938010442e-13, 2.2844328596293223e-13             
  105,   35, 6.9725250069977103e-09, 2.0496017595031301e-08, 2.3497091888124342e-13, 2.3544762950401713e-13             
  105,   36,-1.9292972386809100e-08,-1.8387243429418400e-08, 2.3707794642179919e-13, 2.3668796835860747e-13             
  105,   37, 1.2750052259321000e-08, 6.2340884026539506e-08, 2.4557224802517961e-13, 2.4591665253357284e-13             
  105,   38,-7.7478823275031696e-09,-4.4469334337247200e-08, 2.4447571149558487e-13, 2.4443552354419005e-13             
  105,   39, 1.6525930518003501e-08,-6.8371065691652398e-08, 2.5704979002607997e-13, 2.5510873916886929e-13             
  105,   40,-2.4330919224336099e-08, 3.3062131391269599e-09, 2.5387804470179530e-13, 2.5240351412888071e-13             
  105,   41, 5.4491591224558501e-09, 1.0174703101524700e-08, 2.6640426366000953e-13, 2.6623979952786038e-13             
  105,   42, 2.3573575446205102e-08, 7.6000556814899708e-09, 2.6244523352316415e-13, 2.6294495665021125e-13             
  105,   43, 9.7651393105840504e-09,-1.4412899248133900e-08, 2.7630712188158964e-13, 2.7765496182572837e-13             
  105,   44,-5.9298679711753200e-09, 4.8508785913902998e-08, 2.7374509404976731e-13, 2.7445534878418760e-13             
  105,   45,-3.3828663711158599e-08,-2.1921495397692402e-08, 2.8798308146438262e-13, 2.8763486484023753e-13             
  105,   46,-3.6616346674287300e-09,-3.4334694406948500e-08, 2.8551877138702294e-13, 2.8521849621057844e-13             
  105,   47, 3.7260721122950299e-08, 3.6459032360793399e-08, 3.0106811249899305e-13, 2.9901452785058520e-13             
  105,   48, 3.5637981385220303e-08,-4.1572598976000902e-08, 2.9913010651718850e-13, 2.9777153035557171e-13             
  105,   49,-1.0841162828201399e-08, 4.8820579399091497e-08, 3.1176205845006895e-13, 3.1183134607554560e-13             
  105,   50,-1.7417814800282599e-08, 1.7866309427017299e-08, 3.1084440874571496e-13, 3.1021164721996631e-13             
  105,   51,-1.7751809987537199e-08,-4.5713045583746399e-08, 3.2518156231067174e-13, 3.2422994744401190e-13             
  105,   52, 1.7913091857479400e-08,-2.2949653725725000e-08, 3.2502235661739573e-13, 3.2371268622333223e-13             
  105,   53, 3.2724612575857902e-08, 2.1356601199096301e-08, 3.3842065311076416e-13, 3.3727568654128726e-13             
  105,   54,-2.7826047990769001e-08,-2.4651770917059501e-08, 3.3875354590581223e-13, 3.3926174113375657e-13             
  105,   55, 5.0589836363907197e-09, 9.9109424738869301e-10, 3.5069186558888992e-13, 3.5164254997501536e-13             
  105,   56, 2.0601593602292899e-08, 1.8993677240041200e-08, 3.5437779517006841e-13, 3.5493642978154561e-13             
  105,   57,-4.1669777649271798e-08,-3.2629685401333800e-09, 3.6403524266753200e-13, 3.6608851557265145e-13             
  105,   58, 5.7710711938786099e-09, 1.9051636512990100e-08, 3.7224427251236193e-13, 3.7167258385673716e-13             
  105,   59,-8.5589329072238899e-09,-1.5652142158747801e-08, 3.7890712219008417e-13, 3.7919929276684605e-13             
  105,   60, 1.8580240230573200e-08,-1.5153746967054799e-08, 3.9039036975560497e-13, 3.9005911379986662e-13             
  105,   61, 4.2679526173215700e-08,-6.0244953619180503e-09, 3.9282254594656089e-13, 3.9240601745051588e-13             
  105,   62,-3.1889673406206397e-08,-8.9469770110716503e-09, 4.0905837571883585e-13, 4.0863952930816508e-13             
  105,   63,-1.4363888790603400e-08, 3.5409378883757502e-10, 4.0579191874875118e-13, 4.0729148937122449e-13             
  105,   64,-1.4016427211101500e-08,-1.9873154046990699e-11, 4.2853943136680365e-13, 4.2930149826663728e-13             
  105,   65,-1.3424101706165400e-08,-1.4104603167526499e-08, 4.2072668068943480e-13, 4.2096752849774413e-13             
  105,   66,-2.8413530510240699e-09, 2.6017331261433200e-09, 4.5045002623164394e-13, 4.5085502133145622e-13             
  105,   67,-1.9827830202494601e-08, 3.6401725835928702e-08, 4.3732381881008882e-13, 4.3739032107337348e-13             
  105,   68,-8.4646404401031401e-09, 3.7907802237165897e-08, 4.7270501274926547e-13, 4.7256669566631907e-13             
  105,   69, 1.1852480767160300e-08,-9.9485207228156097e-08, 4.5426468114168735e-13, 4.5424213974642697e-13             
  105,   70,-3.2317858124273001e-08, 2.4646266731333402e-08, 4.9674971736149163e-13, 4.9477119589929120e-13             
  105,   71,-1.8296856337512499e-08,-5.8957672093064899e-08, 4.7349680862557641e-13, 4.7351983806161635e-13             
  105,   72,-4.5508313984405899e-08, 9.6571658607366290e-10, 5.1653156405350730e-13, 5.1628775342852604e-13             
  105,   73, 4.0656123827575502e-08, 3.1067846488665399e-08, 4.9447004265989150e-13, 4.9490535485611767e-13             
  105,   74,-4.1658845541610597e-08,-2.0843902184508201e-08, 5.3766763374017394e-13, 5.3765416685066913e-13             
  105,   75, 5.1374018370089301e-08,-1.0148749582311800e-08, 5.1786772297131642e-13, 5.1970787003565283e-13             
  105,   76,-1.2649276634414701e-09,-1.9562673676246001e-08, 5.5617880364206490e-13, 5.5842273101914241e-13             
  105,   77,-2.1378134395466800e-08,-3.2652336887382501e-08, 5.4664547027543960e-13, 5.4746212554832067e-13             
  105,   78, 7.0692453554004198e-09, 5.6541502965732298e-08, 5.7469782372718777e-13, 5.7469334912161695e-13             
  105,   79, 7.5359142275898198e-09,-1.3667449052543001e-08, 5.8010418763983312e-13, 5.7951707528014035e-13             
  105,   80, 2.7856515336481499e-08,-4.2079728849725999e-08, 5.8943648563921173e-13, 5.9013213069695792e-13             
  105,   81,-1.0742695857342501e-08, 7.0371997998894097e-09, 6.1566121508465852e-13, 6.1593774421769734e-13             
  105,   82,-1.2013382746024899e-08,-1.6155666507557199e-08, 6.0497283528093525e-13, 6.0447684672613280e-13             
  105,   83,-1.5718072408352700e-08,-4.2467461686817099e-08, 6.5443321050909946e-13, 6.5483537418060755e-13             
  105,   84,-6.4453044432369401e-09, 1.5233495623421699e-08, 6.2352854138812423e-13, 6.2297466572289346e-13             
  105,   85, 1.6456228219887498e-08,-3.3144596347219399e-08, 6.9074368284249438e-13, 6.9155639498086552e-13             
  105,   86, 1.4561994902975700e-08, 3.4764787205235098e-09, 6.5275917998394986e-13, 6.5039114138111676e-13             
  105,   87, 1.1261280977512100e-08, 7.6947440790376107e-08, 7.2414610618781128e-13, 7.2207709614081655e-13             
  105,   88,-1.2707628517387000e-08, 3.8431424363248502e-08, 6.9372805632499657e-13, 6.9469373985334366e-13             
  105,   89,-1.0295210454738000e-08,-4.9564307816884902e-08, 7.4654239293838904e-13, 7.4738181702137188e-13             
  105,   90, 2.7841244731229299e-08,-3.0741703974220602e-08, 7.5469386387879264e-13, 7.5625773254533319e-13             
  105,   91, 2.8080041281831999e-08, 2.6384524567803498e-08, 7.6125271906360825e-13, 7.6411201980138727e-13             
  105,   92,-7.3838936035750797e-09,-3.8607307541078798e-09, 8.3386050877119979e-13, 8.3416922052135591e-13             
  105,   93, 4.9845523683916198e-09, 1.6720945307879900e-08, 7.8286114044853034e-13, 7.8327498456064025e-13             
  105,   94,-4.1758017846380803e-08, 3.2701554480786602e-08, 9.1463062834234895e-13, 9.1442689858058917e-13             
  105,   95, 2.0121555871380201e-08, 7.0183890815752603e-08, 8.3933847580019795e-13, 8.3733050496822843e-13             
  105,   96,-5.9684581674809102e-09, 4.9410079661692198e-08, 9.7650398330678096e-13, 9.7452815864330456e-13             
  105,   97, 4.2426576555258900e-08, 4.1175972150422902e-08, 9.6401271157916481e-13, 9.6268242516452481e-13             
  105,   98, 6.3012754315914203e-08,-1.2476927484238800e-08, 9.8711029544246827e-13, 9.8837032162416136e-13             
  105,   99, 2.6705696774970101e-08,-1.2032555097140101e-09, 1.1760624545926091e-12, 1.1733347234431640e-12             
  105,  100, 2.4256329310189700e-08, 1.0644610493774799e-08, 9.7005475885597962e-13, 9.7349493142716866e-13             
  105,  101, 4.1982824968190002e-08, 2.1117063960333100e-08, 1.4186091387626800e-12, 1.4176055070403045e-12             
  105,  102, 1.8672441969761799e-08, 1.6702719075387002e-08, 1.1320722021718208e-12, 1.1336241607307127e-12             
  105,  103,-1.5562673654171099e-08,-7.8537302503528103e-09, 1.5671255552661741e-12, 1.5655334871190891e-12             
  105,  104, 3.2722517894570901e-08,-2.6077195788565200e-08, 1.8075766495657703e-12, 1.8095336705638792e-12             
  105,  105,-8.3234418115285896e-09,-3.4211956411993498e-08, 2.3226062529343891e-12, 2.3228898537089009e-12             
  106,    0, 4.1030959707236501e-08, 0.0000000000000000e+00, 1.5629371603879565e-13, 0.0000000000000000e+00             
  106,    1, 2.0624335308498499e-08,-1.0483422147301800e-08, 1.5766634550010673e-13, 1.5546805815334126e-13             
  106,    2,-4.0720127055092003e-08, 2.4557001827149600e-08, 1.5881985002009635e-13, 1.5476555348498534e-13             
  106,    3,-1.3214174372994700e-08,-5.9324115355148999e-08, 1.5528214124458942e-13, 1.5960892166254567e-13             
  106,    4, 5.5413528729337204e-09, 5.2150614289507600e-08, 1.5606962773566922e-13, 1.5725710080649266e-13             
  106,    5,-8.6087956591215602e-09, 2.6401744198458200e-08, 1.5708752156743924e-13, 1.5774798181463991e-13             
  106,    6,-2.8274688718427898e-08, 1.3332357080701001e-08, 1.5585461569097798e-13, 1.5762883555175960e-13             
  106,    7, 1.5117950299062301e-08,-2.2143398422863901e-08, 1.5895680484258024e-13, 1.5596496864260502e-13             
  106,    8,-4.6853556440515601e-09,-4.4935168312378400e-09, 1.5775549486266728e-13, 1.5716947855180596e-13             
  106,    9,-3.7377658107591802e-08, 3.2327862253171199e-08, 1.5822753360001125e-13, 1.5837778607030753e-13             
  106,   10, 1.2836872293054001e-08,-1.3710521135724800e-08, 1.6016317346687694e-13, 1.5797270901497520e-13             
  106,   11, 1.9958111121391900e-08, 1.5267882185389900e-08, 1.5896511587457301e-13, 1.6209072967954256e-13             
  106,   12, 3.6886753366009397e-08,-1.0421001123698299e-08, 1.6148317289187505e-13, 1.6090850097131891e-13             
  106,   13, 1.8076765862693900e-08,-1.2302846874298900e-08, 1.6232026384430371e-13, 1.6306004201933269e-13             
  106,   14, 8.4545006718338201e-09, 6.1060863223881700e-08, 1.6543059403819487e-13, 1.6350869502195085e-13             
  106,   15,-1.1399630419182400e-08, 2.1575397591681800e-08, 1.6506695691765371e-13, 1.6407778909968979e-13             
  106,   16,-2.7246441835186400e-08,-2.9677329378429000e-08, 1.6935246313967324e-13, 1.6818070131659070e-13             
  106,   17,-9.5515076150206800e-10, 1.9494593286608199e-08, 1.6841685445308505e-13, 1.6822396791252361e-13             
  106,   18,-1.4084825288288099e-08, 6.3235886055419600e-08, 1.7453367870522589e-13, 1.7523485679837720e-13             
  106,   19, 1.3578417132111600e-08,-2.8026882187911399e-08, 1.7180426807588216e-13, 1.7301554238532214e-13             
  106,   20, 4.2206558258562002e-08,-2.4691176126859601e-08, 1.8167592283980582e-13, 1.8298580495582041e-13             
  106,   21, 2.4608765305268401e-08, 2.8438355605677801e-08, 1.7767209444254456e-13, 1.7719925841441068e-13             
  106,   22,-6.6584659250726397e-09,-1.9474787449753699e-08, 1.9032175962432477e-13, 1.8918580821836356e-13             
  106,   23,-1.4925668689074800e-09,-3.3249850960475000e-08, 1.8419065816500745e-13, 1.8184825072693404e-13             
  106,   24, 4.5886776636199201e-08,-1.4555422503787501e-08, 1.9888926485951510e-13, 1.9691597203783024e-13             
  106,   25,-1.6469131374418300e-08,-1.3536553071746300e-08, 1.9096061966073598e-13, 1.9061085159451894e-13             
  106,   26, 2.0564034441438601e-08, 1.0434859821229501e-07, 2.0701673597609743e-13, 2.0604565713055313e-13             
  106,   27, 1.0482166327155300e-08,-4.7230539350487202e-08, 1.9962604691440255e-13, 1.9801868849577099e-13             
  106,   28,-1.5260817743842200e-08, 1.0449290667982599e-08, 2.1606987738274996e-13, 2.1418670376003809e-13             
  106,   29,-3.1510978159502298e-09,-3.4027433682843101e-08, 2.0621513811949888e-13, 2.0718204226454902e-13             
  106,   30,-5.6046896229910301e-09,-2.3405130221267801e-08, 2.2285714154856090e-13, 2.2288603651116902e-13             
  106,   31, 1.4798843974670600e-08, 3.5274796499861397e-08, 2.1607797685468079e-13, 2.1734727537233467e-13             
  106,   32, 3.7382628153022602e-08, 1.0107121570604200e-08, 2.3088105107864400e-13, 2.3114020474029752e-13             
  106,   33,-3.2461731219533503e-08,-4.8927049077817899e-09, 2.2678554865927017e-13, 2.2624710252867214e-13             
  106,   34,-4.6867234730476198e-08, 1.4348211983619400e-08, 2.3863896367032500e-13, 2.3872730997270423e-13             
  106,   35,-6.1998666860151996e-09, 8.0192403715941606e-09, 2.3706479803579672e-13, 2.3789062284984292e-13             
  106,   36,-1.6427229679644300e-08, 3.0848609945989403e-08, 2.4600334641650644e-13, 2.4657712792780204e-13             
  106,   37,-1.6417317192730501e-08, 7.5880406884280505e-09, 2.4819361420037314e-13, 2.4817194117082076e-13             
  106,   38, 2.0649436500031202e-08,-1.0635429213010701e-08, 2.5486488008783489e-13, 2.5409502229717902e-13             
  106,   39, 2.6590544313904901e-08, 1.5661301902204502e-08, 2.6083616650172217e-13, 2.5792903285389194e-13             
  106,   40, 1.6649843870873698e-08, 5.2113295372874302e-08, 2.6389783715986739e-13, 2.6289265057291564e-13             
  106,   41, 3.2839315869698899e-08,-2.3030444139490700e-08, 2.7095308746795492e-13, 2.7057650448407571e-13             
  106,   42, 2.4779289337768899e-08,-1.9374815008146800e-08, 2.7249897546246001e-13, 2.7307634601732462e-13             
  106,   43,-1.3817105811518600e-08, 1.7870283795950400e-08, 2.8115271393482880e-13, 2.8297228653535666e-13             
  106,   44, 1.7157333376151301e-08,-6.6130467331585004e-09, 2.8343256881386517e-13, 2.8506498463770901e-13             
  106,   45,-8.1904916707022707e-08,-3.2172066193359397e-08, 2.9558031565676660e-13, 2.9503009128201017e-13             
  106,   46, 8.8259661006599295e-09, 2.8196029784104199e-08, 2.9578068499846842e-13, 2.9654922953354181e-13             
  106,   47,-1.4529387866854899e-08, 1.7399972595648601e-10, 3.0887171488398062e-13, 3.0765827255774373e-13             
  106,   48,-4.5341289725475803e-08,-4.4273436141444102e-08, 3.0851381786987710e-13, 3.0771109782497789e-13             
  106,   49, 1.2854798071861000e-08, 1.8644140479717900e-08, 3.2290913888186528e-13, 3.2272096029646826e-13             
  106,   50, 4.2854955004252899e-09,-3.5260546985960103e-08, 3.2186360789764100e-13, 3.2164171467639167e-13             
  106,   51,-1.4488695983350301e-08,-1.4563309079329500e-08, 3.3754792248742589e-13, 3.3668433755677548e-13             
  106,   52, 3.6134369189022800e-08, 3.2934129711202698e-08, 3.3605920347688122e-13, 3.3453618919004513e-13             
  106,   53, 1.0901829622458600e-08, 3.0117725795553700e-08, 3.5312808996628407e-13, 3.5202649880224708e-13             
  106,   54,-2.6985887732632900e-08,-2.0001186314340499e-08, 3.4957901902978475e-13, 3.4959692943359982e-13             
  106,   55,-1.6104161966057400e-09, 4.2786741780209502e-09, 3.6989110594385420e-13, 3.6993120291611954e-13             
  106,   56, 2.4114301277534798e-09,-2.8155867955425201e-08, 3.6386745666649164e-13, 3.6474097108819500e-13             
  106,   57,-1.7883370200529800e-08, 7.5826908314843502e-09, 3.8707776291277527e-13, 3.8814347005297151e-13             
  106,   58, 1.5480708234020001e-08,-6.6027079901827702e-08, 3.7952615119312695e-13, 3.7977565139218080e-13             
  106,   59,-1.7381010836582700e-08,-2.0684285984995100e-08, 4.0723106361400486e-13, 4.0758834824219141e-13             
  106,   60, 2.8424275349329700e-08,-2.2636766201829599e-08, 3.9564470671134192e-13, 3.9514075241934703e-13             
  106,   61,-2.4780725490191199e-08, 2.8931779064049101e-08, 4.2700744506330139e-13, 4.2682256895101510e-13             
  106,   62,-1.3662255358983701e-08, 2.2397045366925799e-08, 4.1167422268493641e-13, 4.1093544159039455e-13             
  106,   63, 4.8832684269407799e-08, 9.5353454276119704e-09, 4.4700245218692040e-13, 4.4804184199315378e-13             
  106,   64, 2.2740913872355401e-08,-2.3082722699801799e-08, 4.2659825814445729e-13, 4.2718814368081931e-13             
  106,   65,-5.5753230410686802e-09,-6.0999727015368598e-09, 4.6918763961364578e-13, 4.6938298256420074e-13             
  106,   66, 6.2612089577940794e-08, 2.1567604878587000e-08, 4.4354215326114490e-13, 4.4414160385297198e-13             
  106,   67, 3.6554507697797498e-08,-2.1721697533130501e-08, 4.9272568414903216e-13, 4.9296039680309050e-13             
  106,   68, 1.2073095277125700e-08,-3.4677060716427600e-08, 4.6211955554664253e-13, 4.6202059922659423e-13             
  106,   69,-3.5207064785906900e-08,-7.3409776994569505e-08, 5.1640566265651681e-13, 5.1604059868577463e-13             
  106,   70,-3.0622175491115202e-09, 5.1724714181742800e-08, 4.8145929097558780e-13, 4.8074697736474197e-13             
  106,   71, 3.7198123311708703e-08, 4.3268203499960002e-08, 5.4082458206735404e-13, 5.4007971158858842e-13             
  106,   72, 2.7331727494774300e-08,-6.4231450461892200e-09, 5.0326650720608219e-13, 5.0274992907889607e-13             
  106,   73, 1.2927300083677300e-08,-1.9784793424443900e-08, 5.6180438540248968e-13, 5.6161598355770697e-13             
  106,   74,-3.6808987331427199e-08, 4.2290023445643199e-08, 5.2724303577910054e-13, 5.2701095396220153e-13             
  106,   75, 6.6555861639154005e-08,-1.3160333512229001e-08, 5.8293172595693559e-13, 5.8474777884568014e-13             
  106,   76,-4.9507772013744004e-09, 9.4982489135488700e-08, 5.5456317616433944e-13, 5.5685313169632693e-13             
  106,   77,-1.7257481096022498e-08, 2.1345532086548900e-09, 6.0342596395911770e-13, 6.0331385088305376e-13             
  106,   78, 5.1017401735492802e-08, 4.1057835972203499e-09, 5.8878759871599969e-13, 5.8822778756467270e-13             
  106,   79,-1.4638620556278400e-08,-2.9828118057190598e-08, 6.2019396308403664e-13, 6.1916706653102672e-13             
  106,   80,-6.0754639220272602e-10, 3.8162872011564701e-08, 6.2581800368075865e-13, 6.2539626470221824e-13             
  106,   81,-1.9555151057354699e-08,-1.0820017739101500e-08, 6.3375567887030896e-13, 6.3437052561085183e-13             
  106,   82,-4.4035038773288703e-09, 1.6493336752762100e-08, 6.6595409800605513e-13, 6.6446532489075806e-13             
  106,   83, 6.4027617658922596e-08, 5.5932424934602499e-08, 6.4893315891025006e-13, 6.4907942587711959e-13             
  106,   84,-1.7865627517259601e-08, 8.3385449799469003e-09, 7.0688127667337865e-13, 7.0712154458793406e-13             
  106,   85, 1.3382877929412000e-08,-2.6680277596666899e-08, 6.6499433502330751e-13, 6.6641355037305585e-13             
  106,   86,-4.7625400003075697e-09, 4.7117992450725597e-08, 7.4829909690109248e-13, 7.4677273150033585e-13             
  106,   87, 1.0853394824849900e-08, 2.2468922393349100e-08, 6.9331953460707561e-13, 6.9332536775833332e-13             
  106,   88,-8.2789224587026198e-08,-4.3818063339415101e-08, 7.8410322854635442e-13, 7.8283800553349305e-13             
  106,   89, 2.2066257425580699e-08,-3.2877835864346898e-08, 7.3346284762517538e-13, 7.3471955648025658e-13             
  106,   90,-2.6932353951068101e-08, 2.3216686373016900e-08, 8.1312479934112542e-13, 8.1444174750714917e-13             
  106,   91,-3.0358404772224297e-08,-1.0725240284692701e-08, 7.9253027722733406e-13, 7.9471253369124617e-13             
  106,   92,-4.3073028405281701e-08,-4.4738027185065997e-08, 8.3609589049312860e-13, 8.3668069288246719e-13             
  106,   93,-1.3491206888535999e-08,-3.2430435818828401e-08, 8.7258015011694235e-13, 8.7090591915236777e-13             
  106,   94, 2.2841073873551302e-08,-1.2749472773695599e-08, 8.6575873896739106e-13, 8.6491672873577488e-13             
  106,   95, 2.3376356944249001e-08,-1.6911312588069599e-08, 9.5315025351017322e-13, 9.5077851245019798e-13             
  106,   96,-2.4996494301148899e-08,-5.0400685794698300e-08, 9.3029909153341755e-13, 9.2851504926869553e-13             
  106,   97,-1.6036084038999199e-08,-5.3225954166941202e-08, 1.0113176921950197e-12, 1.0105440845685083e-12             
  106,   98,-4.0839279839216599e-08,-2.4452672157286701e-08, 1.0625326414058493e-12, 1.0631120506329439e-12             
  106,   99,-4.8777123745615003e-08,-1.3203742940737700e-08, 1.0229187917226411e-12, 1.0231065734719990e-12             
  106,  100,-3.8328939807094400e-08, 6.0718819409169398e-08, 1.2783992411277139e-12, 1.2817518545975279e-12             
  106,  101,-3.8425528814745497e-09,-1.7155552406006500e-08, 1.0055209883263224e-12, 1.0063986091602365e-12             
  106,  102,-3.6169553047780300e-08,-2.7509494815199401e-08, 1.5361798488951605e-12, 1.5318331483784378e-12             
  106,  103, 3.8932033183353003e-09,-4.7516234256340303e-09, 1.1614538669906978e-12, 1.1621726441036706e-12             
  106,  104,-1.9455541379886400e-08,-1.4888839265388300e-08, 1.7110917038194813e-12, 1.7089243112315034e-12             
  106,  105,-3.2852551151380500e-09,-1.8271502031121598e-08, 1.8363520561619167e-12, 1.8367162804670989e-12             
  106,  106, 2.9109812000309901e-09,-4.0772019735322998e-08, 2.5231944352355349e-12, 2.5281959361924905e-12             
  107,    0, 1.8782868391860901e-08, 0.0000000000000000e+00, 1.5910494826215263e-13, 0.0000000000000000e+00             
  107,    1,-1.8474114743323600e-09,-7.2842443706447003e-09, 1.5999207946786585e-13, 1.5840981360073177e-13             
  107,    2, 4.3438179236170204e-09,-5.3078524932001498e-09, 1.6102432416799449e-13, 1.5805049172326975e-13             
  107,    3,-3.7504028032041601e-08, 4.5295422584725503e-08, 1.5633973425838737e-13, 1.6226183536496392e-13             
  107,    4,-1.3524468753506700e-08, 3.1750133523422302e-09, 1.5908333692113934e-13, 1.6005579126379025e-13             
  107,    5, 3.8426755174357598e-08,-1.3990850831691301e-08, 1.5948024212254462e-13, 1.6077158246456552e-13             
  107,    6,-1.9184976743577099e-08, 5.1796221700175801e-08, 1.6024151777504908e-13, 1.6203784116105375e-13             
  107,    7, 4.3835809559182099e-08,-6.1886027469095695e-08, 1.6339697343999286e-13, 1.5890595442424789e-13             
  107,    8,-1.3001019449707101e-08, 3.5781043223183902e-08, 1.6125052676664445e-13, 1.6021421517790738e-13             
  107,    9,-1.4301260169067700e-08, 2.5711709324503999e-08, 1.6100802590781220e-13, 1.6154932086268359e-13             
  107,   10,-1.6343216025492599e-09,-1.8385548006189999e-08, 1.6227636015027012e-13, 1.6054667966551459e-13             
  107,   11, 1.6850877178257101e-08,-1.3188221874048600e-08, 1.6197782954130655e-13, 1.6411805757834786e-13             
  107,   12, 2.1050919105878101e-08,-2.3414885051852000e-08, 1.6373950717842396e-13, 1.6292789193478192e-13             
  107,   13,-3.1161871955186402e-08,-1.4370924657268200e-08, 1.6509000252341458e-13, 1.6612118542057755e-13             
  107,   14,-5.9754509569345504e-08, 4.6465303622354897e-08, 1.6768721927806405e-13, 1.6549759710880994e-13             
  107,   15,-1.2910058752591999e-08,-5.6030014874722902e-08, 1.6861761152153859e-13, 1.6871203589325794e-13             
  107,   16,-2.3421389350823401e-08, 1.8872727315352201e-08, 1.6975058751977286e-13, 1.6795942731915402e-13             
  107,   17, 1.8040880914394699e-08,-4.6004864745191597e-09, 1.7133865042405732e-13, 1.7053674143240740e-13             
  107,   18, 1.9185107259186699e-08,-3.2854263421219200e-08, 1.7287176271508040e-13, 1.7347311071916528e-13             
  107,   19,-2.4789865591340199e-08,-1.5256911331817800e-09, 1.7371133205123083e-13, 1.7567412165306849e-13             
  107,   20, 2.0367277664883100e-08, 4.6790800731296199e-08, 1.7820564339262538e-13, 1.7994472926671002e-13             
  107,   21,-1.8045715602065401e-08,-3.6494374948243097e-08, 1.7879125637839281e-13, 1.7920679863969759e-13             
  107,   22, 1.5691990719987600e-08,-3.6404259006805300e-08, 1.8583831427475791e-13, 1.8476506434132541e-13             
  107,   23,-3.2736878247711998e-08, 1.6761135593430301e-08, 1.8563247923252346e-13, 1.8332862062071119e-13             
  107,   24,-7.8333218107978500e-09,-1.2499545324662699e-08, 1.9391223147397087e-13, 1.9171782966445229e-13             
  107,   25,-3.0497230082852798e-08, 5.1279750624901303e-08, 1.9144530785903747e-13, 1.9114150980017777e-13             
  107,   26,-3.6010406666533402e-08,-3.9429221950714303e-08, 2.0010462668515146e-13, 1.9968671464711962e-13             
  107,   27,-1.2514502354089899e-08,-3.2548208168750398e-08, 1.9876792318891265e-13, 1.9942957890159910e-13             
  107,   28,-2.2056207522190198e-09, 2.2470835762573899e-08, 2.0825946833059258e-13, 2.0716799944884570e-13             
  107,   29,-7.0588393165948501e-09,-3.0482765139724401e-08, 2.0718654572006921e-13, 2.0741822524512311e-13             
  107,   30, 1.1522676657430700e-09,-1.8493134646874101e-08, 2.1638197874490653e-13, 2.1509471357192989e-13             
  107,   31, 2.0098695724892800e-08,-4.6734019398820298e-08, 2.1734664013940364e-13, 2.1788021571153370e-13             
  107,   32,-4.7796194115900301e-08,-2.5029141486001701e-08, 2.2472827945639840e-13, 2.2366058305480688e-13             
  107,   33,-2.4106902574722301e-08,-5.4377229159794997e-08, 2.2676472289935046e-13, 2.2660899333695297e-13             
  107,   34, 2.5523023129142399e-08,-8.3502823964663897e-09, 2.3110447482038291e-13, 2.2990743449253322e-13             
  107,   35,-1.2389035449768500e-08,-1.4342333283635299e-08, 2.3648502604121086e-13, 2.3784315233850298e-13             
  107,   36, 5.8900657582880600e-08, 7.1775624748862401e-09, 2.3747149780117067e-13, 2.3827414422178363e-13             
  107,   37,-2.2325297791301801e-08,-2.0182148665351499e-09, 2.4633221685202201e-13, 2.4653841375789546e-13             
  107,   38,-2.2898904549798701e-08,-3.2666529024571701e-08, 2.4560471389874725e-13, 2.4512652343738726e-13             
  107,   39, 2.9099172867591400e-08, 2.4574456190124501e-08, 2.5825856843000024e-13, 2.5580770958290823e-13             
  107,   40,-6.1649647693237800e-09,-2.0512663221905200e-08, 2.5432415750968510e-13, 2.5348477021984625e-13             
  107,   41,-8.5261928535141701e-09,-2.0251413602966501e-08, 2.6713661359959539e-13, 2.6701295103016765e-13             
  107,   42,-1.5286501857099599e-08,-1.7690477435622200e-08, 2.6241833066096617e-13, 2.6312772689224786e-13             
  107,   43,-2.9339425797643501e-09, 1.8983199556375301e-08, 2.7643655334801722e-13, 2.7806541490048907e-13             
  107,   44,-5.0135077738562897e-09,-2.1092937061550101e-08, 2.7249944971457446e-13, 2.7332322654792320e-13             
  107,   45, 1.7208906922077401e-08,-1.5878370353294601e-08, 2.8846855894673174e-13, 2.8791775708217113e-13             
  107,   46,-2.6530042905091001e-08, 6.1313058758606797e-08, 2.8450339631186791e-13, 2.8431344823278865e-13             
  107,   47,-3.3416816229056301e-09,-8.8045228534575200e-09, 3.0050824817907785e-13, 2.9887849069037703e-13             
  107,   48, 1.9299518708583800e-09,-2.1521515644571301e-08, 2.9631966909198633e-13, 2.9567705390657857e-13             
  107,   49,-9.2462823716676698e-10, 3.0102944832809501e-08, 3.1164663446296046e-13, 3.1147453893702298e-13             
  107,   50,-8.8785443465088205e-09, 2.7346979560983102e-08, 3.0945544457355864e-13, 3.0854303320852650e-13             
  107,   51, 4.0170686865827102e-08, 3.7314677871235597e-08, 3.2458528487526503e-13, 3.2354350399957432e-13             
  107,   52,-3.0015636010900400e-08, 2.3910771341327300e-08, 3.2222185991518905e-13, 3.2035304107612689e-13             
  107,   53,-1.7123496871460401e-08, 4.2509204863384997e-08, 3.3785218962980188e-13, 3.3666026704905055e-13             
  107,   54, 1.7979435864408499e-08, 4.1937163451898300e-08, 3.3606887238116825e-13, 3.3549205110242192e-13             
  107,   55, 4.4054691761086602e-08, 6.9365283666970796e-08, 3.4957804729347659e-13, 3.5050192998360014e-13             
  107,   56,-4.3488111982043803e-09,-5.8874575840170402e-08, 3.5026178399267861e-13, 3.5070619254061888e-13             
  107,   57, 2.8078043037461401e-08, 1.2832303820661701e-08, 3.6263261381240654e-13, 3.6471127559774830e-13             
  107,   58, 1.7018683141007801e-08, 4.1317478476631301e-08, 3.6664214351028086e-13, 3.6586071914233739e-13             
  107,   59,-2.2729194339687701e-08, 3.3248754745048001e-09, 3.7716651892255829e-13, 3.7773927999886378e-13             
  107,   60,-4.4570472823570200e-08,-1.3886189202209600e-08, 3.8412572015259828e-13, 3.8354499773107040e-13             
  107,   61, 1.9681416100236300e-08, 3.2152134372202402e-08, 3.9165388741595360e-13, 3.9116395474389801e-13             
  107,   62, 5.4838217699897498e-08,-1.1061444747730599e-08, 4.0253678710826074e-13, 4.0200684569156962e-13             
  107,   63,-9.9828093442157001e-09,-2.0572637089035000e-08, 4.0419510836551612e-13, 4.0517121711232625e-13             
  107,   64,-2.8699170476118800e-08,-2.4419959212711400e-08, 4.2096798971138378e-13, 4.2149012999951676e-13             
  107,   65, 1.1857713891192000e-09, 5.2923832083845903e-08, 4.1834024797698956e-13, 4.1881234107697272e-13             
  107,   66,-9.5215579548011892e-09, 9.6425319373485302e-09, 4.4211914001358105e-13, 4.4222379810865908e-13             
  107,   67, 1.4196016151303600e-08, 6.0013437779000599e-09, 4.3304224735040557e-13, 4.3315861065975704e-13             
  107,   68, 8.6363335872067196e-09, 1.6386909155038701e-08, 4.6422920906779558e-13, 4.6392497490560614e-13             
  107,   69, 3.8057539321852697e-09, 1.2956918774599200e-08, 4.4951260442136540e-13, 4.4961296545146008e-13             
  107,   70, 5.8377872869431702e-08, 1.7320450342591300e-08, 4.8708123310965669e-13, 4.8607118355677261e-13             
  107,   71, 4.0364449394721699e-08, 2.4662480073825301e-08, 4.6649311884734038e-13, 4.6612129876807743e-13             
  107,   72,-5.8913023036375000e-08,-9.8729001109591899e-09, 5.0984222465611910e-13, 5.0938374340692728e-13             
  107,   73, 5.6523115419340601e-09, 2.4048824587215199e-08, 4.8549067459437390e-13, 4.8567733123281286e-13             
  107,   74,-2.8461987234073399e-08,-1.8558235537309701e-08, 5.3104998351806213e-13, 5.3069496947425224e-13             
  107,   75, 5.6502297549855597e-08, 4.3136600550414003e-08, 5.0555003442717753e-13, 5.0724423801826843e-13             
  107,   76,-9.6109989145316497e-09,-6.5403009946095594e-08, 5.5117720563639807e-13, 5.5355637207655302e-13             
  107,   77,-2.3400745744480501e-08,-4.2055521923939601e-08, 5.3065529636399301e-13, 5.3148192267018146e-13             
  107,   78,-3.1746574205565800e-08,-1.8201350689837401e-08, 5.7192473428681798e-13, 5.7202067293886413e-13             
  107,   79,-2.4354193743441701e-08,-5.1110423526427201e-09, 5.6001471577633684e-13, 5.5930880872546550e-13             
  107,   80, 4.9822565510968502e-08, 4.0883570610564701e-08, 5.8866181123971549e-13, 5.8905222033208810e-13             
  107,   81, 1.1431341216729899e-08,-1.7791354483527002e-08, 5.9316042370731725e-13, 5.9353308174452270e-13             
  107,   82,-4.0313363323382798e-09, 5.6240289046536700e-08, 6.0349852467199094e-13, 6.0321010308279467e-13             
  107,   83,-7.1522270187283895e-11, 5.1479712362716804e-09, 6.3011239707696667e-13, 6.3035583946157186e-13             
  107,   84,-7.0378899712005996e-10,-4.3893880769284101e-08, 6.1770246790461949e-13, 6.1740293560572939e-13             
  107,   85, 1.5493334444829499e-08, 1.9743105376133100e-08, 6.6937836163196057e-13, 6.7051949838044162e-13             
  107,   86, 3.2571999730174798e-08, 4.5275848156132801e-08, 6.3664101009752467e-13, 6.3447176965033968e-13             
  107,   87, 6.9335695317702400e-09,-3.5823587319749499e-08, 7.0817997966492011e-13, 7.0609583398854753e-13             
  107,   88,-5.0393456668815203e-08,-1.8045808110653201e-08, 6.6340698073419924e-13, 6.6413243583582601e-13             
  107,   89, 3.8856705921993898e-08,-1.2517337557263600e-08, 7.3926936110006888e-13, 7.3973978244273438e-13             
  107,   90, 4.1081522081202104e-09, 1.3893366916905899e-09, 7.0603482410745347e-13, 7.0734699264438455e-13             
  107,   91, 2.8101899179027798e-08, 2.8044625034248499e-09, 7.6188231561903243e-13, 7.6483010755730468e-13             
  107,   92, 4.1738094670380702e-08, 1.0975962980274100e-08, 7.6905178441839160e-13, 7.6975568199946529e-13             
  107,   93, 1.3228637496342499e-08, 4.6075642865108803e-08, 7.7812288339366538e-13, 7.7849768897940712e-13             
  107,   94,-1.9426557395794300e-08, 1.5209899583915800e-08, 8.5022546398366779e-13, 8.4949846015348387e-13             
  107,   95,-1.5947518738125001e-08,-2.6648189418699399e-08, 7.9912218305526138e-13, 7.9732546337445572e-13             
  107,   96,-2.5894688751036799e-08,-3.9055008384841099e-08, 9.3336724048382011e-13, 9.3116441392583922e-13             
  107,   97,-4.8759162600635396e-09, 7.7056958425982600e-09, 8.5409302347051203e-13, 8.5397234580646934e-13             
  107,   98, 2.3952444431405002e-08, 4.5856219500285099e-08, 9.9410854040755829e-13, 9.9345065207062911e-13             
  107,   99,-3.6757600468896600e-09,-2.4220202637403899e-08, 9.8244864326970103e-13, 9.7998739822594786e-13             
  107,  100,-3.1803627176880102e-08,-6.8521384474880702e-09, 1.0024054116017535e-12, 1.0053329832464838e-12             
  107,  101, 2.5214352694555400e-08,-4.6010263789239599e-08, 1.1971856613131529e-12, 1.1967863440152496e-12             
  107,  102,-1.1203476081131700e-08, 1.3708612626134700e-08, 9.8465431621088926e-13, 9.8524463192785472e-13             
  107,  103, 4.0912351570187400e-08, 8.0021452100952607e-09, 1.4440244857857149e-12, 1.4428530224085574e-12             
  107,  104,-4.6381020801482000e-08, 1.9274097772211599e-09, 1.1489897118864293e-12, 1.1508963692393329e-12             
  107,  105,-6.9081209012618601e-09, 8.0269754109079597e-09, 1.5862913590590535e-12, 1.5904452327261549e-12             
  107,  106, 2.8617759931100202e-09,-2.7072161561903401e-08, 1.8443905843577811e-12, 1.8431932757868529e-12             
  107,  107,-4.2671399739419903e-09, 2.4902442266021201e-08, 2.3441917210114535e-12, 2.3531475162134138e-12             
  108,    0,-1.5461038506246199e-08, 0.0000000000000000e+00, 1.6228963511247764e-13, 0.0000000000000000e+00             
  108,    1,-2.2549238711990699e-10, 2.1923447784054401e-08, 1.6320964069437138e-13, 1.6087628402788590e-13             
  108,    2, 6.5579688751311200e-09,-1.7801418632580500e-08, 1.6376643940384050e-13, 1.6113849220344140e-13             
  108,    3, 4.6028073418356700e-08,-2.3166821500683800e-08, 1.5906706983902043e-13, 1.6538665800524276e-13             
  108,    4, 2.1733776573937600e-08,-2.8607879260000202e-09, 1.6200958054902077e-13, 1.6270105611543483e-13             
  108,    5,-3.6879481672889498e-08, 2.5585844043222700e-08, 1.6203078728979908e-13, 1.6355846461799261e-13             
  108,    6,-1.9020422045024599e-10,-5.2257951654192998e-08, 1.6216100978020058e-13, 1.6358499740056812e-13             
  108,    7, 1.3664508702322600e-08, 1.4762743915416000e-08, 1.6466004703316503e-13, 1.6184867044480899e-13             
  108,    8,-3.0692390634903703e-08, 2.5433339873052101e-08, 1.6361078136458079e-13, 1.6296618227658327e-13             
  108,    9, 9.0566229494329307e-09,-2.7233431784196101e-08, 1.6385593229529885e-13, 1.6427761140993117e-13             
  108,   10, 4.8056580811117900e-08,-1.3619236800141999e-08, 1.6543187016824021e-13, 1.6516241337299385e-13             
  108,   11, 7.2133139440597306e-08, 1.1101699659953800e-08, 1.6515875214005547e-13, 1.6695698180629729e-13             
  108,   12,-4.1790551982305703e-08,-3.8143259808633502e-08, 1.6751444469104182e-13, 1.6732994321727521e-13             
  108,   13,-3.2203622359866899e-09, 7.8025379211084105e-09, 1.6756848281453296e-13, 1.6885088579812611e-13             
  108,   14,-4.8836610329553797e-09, 2.4636166152255098e-08, 1.7122846864913848e-13, 1.6869078408097125e-13             
  108,   15, 1.4162738361965101e-08,-6.3769468419740305e-08, 1.7023240243837983e-13, 1.6933492273502957e-13             
  108,   16,-6.6703641538176104e-09,-1.7821040735336500e-09, 1.7519737701959845e-13, 1.7292134506690264e-13             
  108,   17,-1.6261646979311498e-08,-2.9123535336273301e-09, 1.7337879629341256e-13, 1.7287140222996102e-13             
  108,   18,-1.1076514345798100e-08, 4.3724314873225902e-08, 1.7898608812692439e-13, 1.7953499930830030e-13             
  108,   19, 3.1713606663205101e-08,-9.1581271675983900e-09, 1.7659190365286929e-13, 1.7726741376410475e-13             
  108,   20,-1.3565979481916300e-08, 1.5431194751192701e-08, 1.8540295001083881e-13, 1.8662584331873977e-13             
  108,   21,-4.4326191878414500e-08, 5.8953872281270998e-09, 1.8131392164029616e-13, 1.8123478904446143e-13             
  108,   22, 8.5118668813379903e-10,-2.7698061208139001e-08, 1.9366604777214938e-13, 1.9321792665395112e-13             
  108,   23,-1.4456027125658700e-08, 1.4346888257488001e-08, 1.8830654198331082e-13, 1.8565372552368813e-13             
  108,   24, 2.7696281530053299e-08,-2.8792036032408899e-08, 2.0261309290124683e-13, 2.0017096697766830e-13             
  108,   25,-1.6957906921226600e-08, 3.9113612696603798e-08, 1.9303901701193245e-13, 1.9438641807731538e-13             
  108,   26, 6.1692732718132296e-08, 4.2354033896825300e-08, 2.1019389734562577e-13, 2.0873465809545363e-13             
  108,   27, 2.2254683203203301e-08, 1.6424725403828902e-08, 2.0090636363423503e-13, 2.0055976658445408e-13             
  108,   28,-3.0121795606261901e-08, 1.1130138404314100e-08, 2.1751853707272353e-13, 2.1758777201280571e-13             
  108,   29, 3.2926981121498001e-08,-6.2204577622744404e-09, 2.0860534020414346e-13, 2.0922945761683866e-13             
  108,   30, 4.0549627060296602e-08,-7.9076586519678196e-09, 2.2557051858605000e-13, 2.2607220419455864e-13             
  108,   31, 3.1023903548066203e-08, 3.1151723884976100e-08, 2.1785177533912079e-13, 2.1964100296122787e-13             
  108,   32, 4.7934131831017198e-08,-1.4309508223519900e-08, 2.3331505723698216e-13, 2.3356011089158585e-13             
  108,   33,-3.4649728427892003e-08,-1.4441370520115299e-08, 2.2891361647086089e-13, 2.2826382317393257e-13             
  108,   34,-1.7904987804234701e-08, 7.4471833589837398e-08, 2.4103057136362170e-13, 2.4054107351644038e-13             
  108,   35, 2.0433297454780500e-08, 3.9629121358604401e-08, 2.3883450045011184e-13, 2.3819419224105208e-13             
  108,   36, 1.1674820716180301e-08, 1.6703593259254998e-08, 2.4806368501601228e-13, 2.4844248802373318e-13             
  108,   37,-1.0333802355237401e-08, 7.7367031220647795e-09, 2.4848905870469582e-13, 2.4928548292467800e-13             
  108,   38, 7.9661560839189906e-08,-8.8254979561577893e-09, 2.5651397975898893e-13, 2.5576012648817646e-13             
  108,   39, 3.2082421844702999e-08,-1.8736739388386200e-08, 2.6087949084392569e-13, 2.5814536744141624e-13             
  108,   40,-2.3657153823924999e-08, 1.2168190252822101e-08, 2.6534920418157765e-13, 2.6400637244747500e-13             
  108,   41, 2.3540617556475598e-08,-2.6607109295853699e-08, 2.7078172167393540e-13, 2.7011504062225091e-13             
  108,   42, 4.3703774638602003e-09, 2.6823802591378600e-08, 2.7326962103069294e-13, 2.7385929265616325e-13             
  108,   43,-4.3657463557695000e-08,-5.7787989201267002e-09, 2.8095954976695750e-13, 2.8252664790512945e-13             
  108,   44,-3.2073835202837301e-09, 7.9134389938482599e-09, 2.8307493943925053e-13, 2.8458216540595296e-13             
  108,   45,-3.0140896038287701e-08, 1.5306654519026600e-08, 2.9351062890793335e-13, 2.9321686978676310e-13             
  108,   46,-1.1312755053003100e-08,-6.7507863964223803e-09, 2.9546164837021052e-13, 2.9520318046443940e-13             
  108,   47, 5.8747327232179498e-08,-9.8397561580752696e-09, 3.0782238099582160e-13, 3.0573890391979429e-13             
  108,   48, 1.4192846716206400e-08, 9.0062038384705293e-09, 3.0779773786714583e-13, 3.0758086418217470e-13             
  108,   49, 1.3860011712826200e-08, 2.9022250847709399e-08, 3.1969468283693868e-13, 3.2024857639571507e-13             
  108,   50, 3.0512804884870803e-08,-3.0149503646188398e-08, 3.2047161944633847e-13, 3.2018010800731812e-13             
  108,   51, 3.7304224579601302e-09,-4.7498615242832402e-09, 3.3511544029491115e-13, 3.3388087740695244e-13             
  108,   52,-2.5243915294599700e-08, 5.4025324117298805e-10, 3.3506634468664186e-13, 3.3357844393281735e-13             
  108,   53, 4.2449063861961601e-08,-5.1990846620090198e-08, 3.4934378353593449e-13, 3.4831336170746503e-13             
  108,   54,-1.9307047624809900e-08,-1.5898148542455098e-08, 3.4898452243055122e-13, 3.4781118411504051e-13             
  108,   55,-8.4942880388161507e-09,-6.4323113211658498e-08, 3.6503439943243124e-13, 3.6498770189415493e-13             
  108,   56, 3.7972418577685098e-08,-4.5844289207454402e-08, 3.6162772137302389e-13, 3.6282145368384405e-13             
  108,   57,-6.2604514539540699e-08, 6.1318924583582404e-08, 3.8162973891699933e-13, 3.8305178745216372e-13             
  108,   58, 2.3534020876821800e-08,-2.1568557637566402e-08, 3.7743361950355695e-13, 3.7724521514475067e-13             
  108,   59, 1.1982963133232000e-08,-7.3962758603667899e-09, 3.9965722091988821e-13, 4.0028457967582239e-13             
  108,   60, 1.1435214050329401e-08,-9.9415738689743797e-09, 3.9275585766960502e-13, 3.9226182464208255e-13             
  108,   61, 4.2379042835372498e-08,-4.4281646349847797e-09, 4.2002563312038141e-13, 4.1969451610295074e-13             
  108,   62,-1.8062535151528601e-08,-2.4567564776702301e-08, 4.0874119515674040e-13, 4.0808780665343829e-13             
  108,   63, 8.1118730025878194e-11,-5.8811819130786601e-09, 4.3911257301944134e-13, 4.4015490282925340e-13             
  108,   64, 3.0127451607043298e-08, 1.6045809601256099e-08, 4.2357639699571393e-13, 4.2392218178185949e-13             
  108,   65,-1.1821250398240300e-08,-7.8811703894524704e-09, 4.6037566269131331e-13, 4.6051083024104301e-13             
  108,   66, 3.8696490131725202e-09,-4.1932793894553301e-08, 4.3931040252088532e-13, 4.3965851630358837e-13             
  108,   67, 1.8660310014802701e-10,-3.6513984000930803e-08, 4.8258538761891360e-13, 4.8282698382095050e-13             
  108,   68,-4.3127622300457998e-08, 1.3770497881138300e-08, 4.5634776679540906e-13, 4.5669509421816348e-13             
  108,   69, 3.4228674436011801e-08,-6.4548193172624703e-09, 5.0676108393429305e-13, 5.0656096480298893e-13             
  108,   70,-1.8710813889098501e-08, 3.7528503576847101e-08, 4.7450937499711921e-13, 4.7417814982906851e-13             
  108,   71,-5.4145469678514002e-08, 3.7080994856732201e-09, 5.3067637994019196e-13, 5.2985753432194928e-13             
  108,   72,-2.3032336524500002e-08,-1.9420459852985400e-09, 4.9389900593186017e-13, 4.9319370385741750e-13             
  108,   73, 1.9791913837266100e-08, 1.2993814191464800e-08, 5.5437177747890026e-13, 5.5455577187246544e-13             
  108,   74,-5.1183167073714597e-08,-8.7331869566072197e-09, 5.1534200974777235e-13, 5.1532678256864974e-13             
  108,   75, 3.4911977711040502e-08,-2.2780096773356702e-09, 5.7448397642109565e-13, 5.7705925790845537e-13             
  108,   76,-2.6062614735452999e-08,-1.5273752793323199e-08, 5.3807778033633408e-13, 5.4048685388543410e-13             
  108,   77,-7.1798129413975404e-09, 3.4873201621022301e-08, 5.9780581265537370e-13, 5.9805013383360659e-13             
  108,   78, 3.8952273764956601e-08, 4.3359075354681599e-08, 5.6855930456015943e-13, 5.6811166231950079e-13             
  108,   79, 3.8527974975054497e-08, 2.4694681429593400e-08, 6.1788300483411358e-13, 6.1670623116926825e-13             
  108,   80, 2.4394199413361002e-09, 1.0438293971182799e-08, 6.0143620744697047e-13, 6.0110016635082527e-13             
  108,   81,-1.1950365538814200e-08, 3.1061128669412200e-09, 6.3252589722421318e-13, 6.3346059514645732e-13             
  108,   82, 1.7179613595551298e-08, 2.2487015434116300e-08, 6.3906010406719675e-13, 6.3804084052475772e-13             
  108,   83, 1.7343649365474200e-08,-2.5026510136245100e-08, 6.4687258551617474e-13, 6.4699779413707419e-13             
  108,   84,-4.8036323956352999e-08, 3.5882222355700502e-10, 6.7859652021189832e-13, 6.7895829310960569e-13             
  108,   85,-1.8718552295047099e-08, 1.3943837172183001e-09, 6.6005153793647275e-13, 6.6215466232889875e-13             
  108,   86,-2.5353908237317599e-08,-2.9356428592627798e-08, 7.2188900748775169e-13, 7.2043293172014047e-13             
  108,   87,-2.9464403901677098e-08, 8.1152305772863194e-09, 6.7741487957129908e-13, 6.7703191959888309e-13             
  108,   88,-1.0912647399706900e-08,-1.9155966700224699e-08, 7.6297609822031851e-13, 7.6147937076014092e-13             
  108,   89, 2.3769947798279700e-08, 8.5237291034822108e-09, 7.0402346045531680e-13, 7.0500463210511035e-13             
  108,   90,-2.5474483111792999e-08, 1.0578487081353099e-08, 7.9797500626953633e-13, 7.9912998797347703e-13             
  108,   91, 6.4959899689975805e-08, 2.0972711782644900e-08, 7.4419576400353766e-13, 7.4684698833162638e-13             
  108,   92,-4.4150675415683902e-08,-1.6771510787251101e-08, 8.2846315941748256e-13, 8.2892319747663343e-13             
  108,   93,-2.8728777306046802e-08, 8.2059414299275802e-09, 8.0725986861384666e-13, 8.0604559210590872e-13             
  108,   94, 1.9772966925386799e-09, 6.2933110169196200e-09, 8.5012495519630726e-13, 8.5027284064857444e-13             
  108,   95, 1.4504067485000400e-08,-5.2284291607309399e-08, 8.8819688154273642e-13, 8.8571499436710756e-13             
  108,   96,-6.5805841957466904e-09, 1.3498460238911401e-08, 8.7922441872281551e-13, 8.7736137243910193e-13             
  108,   97,-9.1900866130296508e-09, 7.3524448216889299e-08, 9.6955588321620166e-13, 9.6838152191193427e-13             
  108,   98, 3.5858622817679003e-08, 2.8356018981691798e-08, 9.4220104247900605e-13, 9.4244060557421153e-13             
  108,   99, 4.2772118194268997e-08,-5.9846896427854804e-08, 1.0282646005846383e-12, 1.0287883287391491e-12             
  108,  100, 1.7771877756541502e-08, 1.1266260201494800e-08, 1.0756027457342112e-12, 1.0790398511684521e-12             
  108,  101, 1.3261327929263700e-08, 3.6360696387222203e-08, 1.0374956210225413e-12, 1.0396151886259304e-12             
  108,  102,-1.0320382063696400e-08, 1.8721114915045699e-08, 1.2998662300216942e-12, 1.2966669883731288e-12             
  108,  103, 1.0883038679959900e-08, 3.4456723461960602e-08, 1.0190272950958071e-12, 1.0181251587653145e-12             
  108,  104,-1.1481666863936601e-08,-2.6358434238200901e-08, 1.5547001312161859e-12, 1.5538762166271503e-12             
  108,  105, 2.4845122296490600e-08, 2.0049357698327801e-08, 1.1786582332533363e-12, 1.1787066617335946e-12             
  108,  106, 8.1742717973305997e-08, 5.9204925910826796e-09, 1.7253161536781191e-12, 1.7248879225004387e-12             
  108,  107,-3.1238345503535801e-08, 1.6027880052936000e-08, 1.8731580574714331e-12, 1.8709971854375996e-12             
  108,  108,-5.3998657874134800e-10, 1.4737029528601000e-08, 2.5437365075848607e-12, 2.5417035501512888e-12             
  109,    0, 1.2562779915955400e-08, 0.0000000000000000e+00, 1.6551107719630618e-13, 0.0000000000000000e+00             
  109,    1, 5.2882695716721901e-08, 6.6515478572809798e-09, 1.6660593038826630e-13, 1.6380163599093068e-13             
  109,    2,-3.8914766583954003e-08, 1.2882099782755701e-08, 1.6763935505280403e-13, 1.6372364687917906e-13             
  109,    3,-3.2277176463302797e-08,-2.3032238422307801e-08, 1.6229343302179959e-13, 1.6838986760663793e-13             
  109,    4, 1.5777235216997799e-08, 2.1007447582146800e-08, 1.6553974491805167e-13, 1.6607105286848603e-13             
  109,    5, 5.8984843085367297e-08, 2.3373405410158900e-08, 1.6440481880868735e-13, 1.6657976368378716e-13             
  109,    6, 1.7157225829864399e-09,-1.4002654238989101e-08, 1.6516332270834105e-13, 1.6785591107872099e-13             
  109,    7, 2.3447092825355999e-08, 2.1119252658538801e-08, 1.6789107763957877e-13, 1.6431222074394118e-13             
  109,    8, 1.4354836715258501e-08,-2.1585022941568400e-08, 1.6652751027477947e-13, 1.6630189862952626e-13             
  109,    9, 3.1046171986140702e-08,-6.1759197343427203e-09, 1.6734988831712707e-13, 1.6711335083001309e-13             
  109,   10, 7.8948124486296292e-09,-1.2538305648814200e-08, 1.6831033865185005e-13, 1.6639053133681303e-13             
  109,   11,-2.5383654581807800e-08,-1.9630217943335500e-09, 1.6786167865563481e-13, 1.6997939153888968e-13             
  109,   12,-4.7484212040140003e-08,-1.2857274280315600e-08, 1.6895291810370264e-13, 1.6882507314967405e-13             
  109,   13,-5.4353361050820000e-09,-1.0106129482618000e-08, 1.7079528154081661e-13, 1.7174304124937994e-13             
  109,   14,-6.3195814501482600e-09,-2.4954835405026599e-08, 1.7293788944835922e-13, 1.6988561609076962e-13             
  109,   15,-6.4644330864382398e-09, 6.6543017782469301e-08, 1.7364821425182402e-13, 1.7244033509559067e-13             
  109,   16, 4.4114300989315196e-09,-1.9143752933302499e-09, 1.7553547587253172e-13, 1.7329040973424839e-13             
  109,   17, 2.1917206474872002e-08,-1.1828055944697799e-08, 1.7641712979986255e-13, 1.7587740863360916e-13             
  109,   18, 2.6040495638069399e-08,-2.1874793424965399e-08, 1.7746325214489770e-13, 1.7852259362561046e-13             
  109,   19,-4.9333009255212002e-08, 5.9541132767037497e-09, 1.7910530420931412e-13, 1.8008158727402612e-13             
  109,   20,-2.7110011847790399e-08,-2.0804146723421699e-08, 1.8310134065026691e-13, 1.8497922706346787e-13             
  109,   21,-6.8348084179079803e-09,-5.3639776978196003e-08, 1.8409790952605500e-13, 1.8388051619612481e-13             
  109,   22, 8.3839523022019897e-08,-4.5403726171981099e-09, 1.8995377785141276e-13, 1.8859493129053834e-13             
  109,   23,-5.7641625397114203e-10, 2.8297218006617500e-08, 1.8974382346201229e-13, 1.8842953867748463e-13             
  109,   24,-7.8915789538433006e-09,-5.5542946082446002e-09, 1.9730447931675215e-13, 1.9505697132899130e-13             
  109,   25, 4.7774168863820997e-08, 1.2265085672358101e-08, 1.9521731411920248e-13, 1.9468623121511591e-13             
  109,   26,-3.8769942145815998e-08,-4.7018332815078700e-08, 2.0380701791194693e-13, 2.0253959536915292e-13             
  109,   27,-6.7924132870310997e-08,-4.0258548456284903e-09, 2.0267423012687238e-13, 2.0182221505937407e-13             
  109,   28, 2.4550960109442599e-08,-1.5909744687813100e-08, 2.1084342430806970e-13, 2.1076306510883125e-13             
  109,   29, 9.8235719776612696e-09,-1.7759807692503601e-08, 2.0989296931476074e-13, 2.1043851551426080e-13             
  109,   30, 8.8350465017047503e-10, 3.0537254698037899e-08, 2.1814648214095306e-13, 2.1797319823561584e-13             
  109,   31,-1.2037995827912001e-08,-5.2739602682915404e-09, 2.1976500602928235e-13, 2.2007718925149954e-13             
  109,   32,-7.1647423342811206e-08, 4.3768355469813001e-08, 2.2539935961565951e-13, 2.2630856562157922e-13             
  109,   33,-4.2163245086536301e-08,-2.0669118381382801e-08, 2.3054269153206557e-13, 2.2969916592669261e-13             
  109,   34, 3.0181307271107900e-09, 4.9899863907335403e-08, 2.3327723063393665e-13, 2.3288556162528285e-13             
  109,   35,-1.5000172036608599e-08,-2.4912678583190101e-08, 2.3841337539846984e-13, 2.3820740301700241e-13             
  109,   36, 1.8919833582649999e-08, 5.3004875409151103e-09, 2.3919143202110175e-13, 2.3972051624886776e-13             
  109,   37,-1.0077672164657900e-08,-5.3841616620723700e-09, 2.4778912096887836e-13, 2.4809165112546727e-13             
  109,   38,-1.3303992156182900e-08,-9.0099978368437100e-09, 2.4752581524268248e-13, 2.4693451105929555e-13             
  109,   39,-9.3885541416278005e-09, 2.7478066814569600e-08, 2.5893926666252358e-13, 2.5655909125025428e-13             
  109,   40, 1.3631361275004700e-08,-9.9568752629648602e-09, 2.5583383458018418e-13, 2.5393962796623233e-13             
  109,   41,-1.8645063823473900e-08, 3.5722174637075102e-08, 2.6849724605769329e-13, 2.6806995987387585e-13             
  109,   42,-1.3525144690120501e-08,-9.4414441877658094e-09, 2.6366204587125084e-13, 2.6399780973968308e-13             
  109,   43,-1.4452511151429700e-08, 3.4263182205315200e-08, 2.7709168880187318e-13, 2.7910545762011519e-13             
  109,   44, 2.2929337924381999e-08,-7.4312029442725599e-09, 2.7260896554141835e-13, 2.7321266556027047e-13             
  109,   45, 2.6790084601779902e-08,-3.6881045927363198e-08, 2.8855218343665434e-13, 2.8828375705810599e-13             
  109,   46, 1.8089378613782899e-08, 1.6662445475131399e-08, 2.8374729382373780e-13, 2.8369828609356775e-13             
  109,   47, 2.8564547615069500e-08, 1.9306538278879899e-10, 3.0066025158370089e-13, 2.9876638509294742e-13             
  109,   48,-1.5530934773297201e-08, 1.0503294887573599e-08, 2.9525242360557409e-13, 2.9527181372847812e-13             
  109,   49, 6.2561155524772003e-08, 4.7136863657024301e-09, 3.1166076722759675e-13, 3.1160096147442807e-13             
  109,   50, 5.3302021044902204e-09,-2.2114841185882501e-08, 3.0741127188059617e-13, 3.0641842875494107e-13             
  109,   51,-2.5739782206251600e-08,-4.5047201220224299e-08, 3.2444368993055243e-13, 3.2318826393409815e-13             
  109,   52,-1.8545358703395998e-08,-1.5131729890869800e-08, 3.2018519728565870e-13, 3.1956053095591645e-13             
  109,   53,-6.7138986164504100e-08, 1.9288577526623001e-08, 3.3699604942515306e-13, 3.3577944702021709e-13             
  109,   54, 1.3946710996693900e-09,-6.9919136990763598e-09, 3.3202463427979136e-13, 3.3236759896704468e-13             
  109,   55,-9.5699968077350499e-09, 4.6531680229213501e-08, 3.4918094881259452e-13, 3.5016368263285257e-13             
  109,   56,-3.0804405087487197e-08, 3.7522517222193298e-08, 3.4623920765419129e-13, 3.4688609196789886e-13             
  109,   57,-1.6440303568336302e-08, 2.1363693697417799e-09, 3.6151560629470274e-13, 3.6331112728194154e-13             
  109,   58, 3.7319170896580701e-08, 1.6181603921107099e-09, 3.6180948201198668e-13, 3.6112372117409626e-13             
  109,   59,-1.7211814585913600e-08, 2.0648565656320599e-08, 3.7605997327738840e-13, 3.7660388481121787e-13             
  109,   60, 1.3123809441785400e-08, 2.0754855283419500e-08, 3.7836171331007058e-13, 3.7793546690242355e-13             
  109,   61, 2.4074454698902098e-08, 2.1473842009961899e-09, 3.9009659199302731e-13, 3.8963545156666432e-13             
  109,   62,-2.9252764845956400e-08,-2.2328438757039300e-08, 3.9609426008080263e-13, 3.9576855946360427e-13             
  109,   63, 3.6627397107571800e-08, 2.5079160218882501e-09, 4.0340587137426279e-13, 4.0449542997743537e-13             
  109,   64, 3.4894497806294399e-08,-1.6678092226459299e-08, 4.1432979669462075e-13, 4.1479692500999453e-13             
  109,   65,-3.0987581327022799e-08, 9.7117658505039401e-09, 4.1656328530078764e-13, 4.1713066104177766e-13             
  109,   66, 2.0084712299171599e-08,-1.5559798038689199e-09, 4.3383238618563474e-13, 4.3401208909473766e-13             
  109,   67, 1.3480115491404400e-08, 2.4468752883877000e-08, 4.3079868109902473e-13, 4.3107364776642614e-13             
  109,   68,-5.3587270108256403e-09, 3.7283624068825097e-08, 4.5566775602149250e-13, 4.5544237013466488e-13             
  109,   69, 3.1477641271372098e-08,-1.1037725553633901e-08, 4.4544477721691750e-13, 4.4591900499162167e-13             
  109,   70,-2.5039252492714901e-08, 5.7319716089437503e-09, 4.7832135669198698e-13, 4.7730128332701773e-13             
  109,   71,-4.9006563044716499e-09,-4.9457390390639898e-08, 4.6193802803698748e-13, 4.6169449738765558e-13             
  109,   72, 2.8277121793738099e-09, 1.7600969005150899e-09, 5.0087933878547977e-13, 5.0036077076400843e-13             
  109,   73, 2.1609467457889000e-08, 2.9590649392234098e-08, 4.7837355890203701e-13, 4.7859602577711047e-13             
  109,   74, 1.9406194998598099e-08, 3.1139045722268001e-08, 5.2414534618753676e-13, 5.2389102767415485e-13             
  109,   75, 6.6750867510762899e-08,-1.6754072207934299e-08, 4.9668140274192931e-13, 4.9856165120040153e-13             
  109,   76,-3.2079028962979801e-08,-4.2636259295302902e-08, 5.4433612129450315e-13, 5.4665904481392185e-13             
  109,   77,-4.3626181156949002e-08, 5.4720601366571103e-08, 5.1787225598089355e-13, 5.1885686395018906e-13             
  109,   78, 2.5911599466095099e-09,-2.2241907191423102e-08, 5.6734701074148994e-13, 5.6764227676923795e-13             
  109,   79,-2.5997734064266100e-08,-2.1003337889028299e-08, 5.4386532679202289e-13, 5.4305894557419367e-13             
  109,   80,-2.5197169346905502e-08,-2.0209550180645799e-08, 5.8673206402244414e-13, 5.8700153581844067e-13             
  109,   81,-3.0182997521652198e-08,-2.7122635996120500e-09, 5.7224550678913298e-13, 5.7294960144628236e-13             
  109,   82,-2.6731198759134799e-09, 7.2709426688521602e-09, 6.0370910230575580e-13, 6.0295026042192401e-13             
  109,   83,-3.3646582537202598e-08,-4.1563392595390403e-08, 6.0692884194379444e-13, 6.0687849490162916e-13             
  109,   84, 2.2136238031836501e-08,-9.7484929080507196e-09, 6.1741862692479993e-13, 6.1692780334556240e-13             
  109,   85,-3.1124956909789101e-09,-1.3525349759240699e-08, 6.4442688724027097e-13, 6.4565777569357502e-13             
  109,   86, 5.1199471406140700e-08, 7.7602343066323407e-09, 6.3154466999492250e-13, 6.2977146421019772e-13             
  109,   87, 3.5612763521609701e-08,-1.5067377002392500e-08, 6.8651200277963232e-13, 6.8448128174156850e-13             
  109,   88,-1.0408747147752400e-08,-8.9817032537808502e-09, 6.4800617170521380e-13, 6.4844216250370954e-13             
  109,   89, 3.9718209389166901e-08, 1.7914669789602901e-08, 7.2316239936861037e-13, 7.2349132726201559e-13             
  109,   90, 2.1867089816588500e-08,-4.3301667456035904e-09, 6.7529635646564289e-13, 6.7698096507331048e-13             
  109,   91,-1.6468248140676299e-08,-3.2762275326572002e-08, 7.5493545893709310e-13, 7.5744743930400842e-13             
  109,   92,-3.1962452445864601e-08,-2.8970552997710601e-08, 7.1886276124929777e-13, 7.1993919688211101e-13             
  109,   93, 4.4246461736709701e-08, 1.6049378270498700e-09, 7.7955100275208444e-13, 7.8049921275001131e-13             
  109,   94,-4.5523276893594003e-09, 5.0565091150836202e-08, 7.8401518884121922e-13, 7.8329950609733067e-13             
  109,   95, 1.4183882756460901e-08, 1.3175816364946100e-08, 7.9519208930632644e-13, 7.9345218525362552e-13             
  109,   96,-5.8478158661806699e-09, 5.5930771106711801e-08, 8.6715104788525672e-13, 8.6509324979949227e-13             
  109,   97,-1.9622637522983099e-08,-1.6826580229041200e-08, 8.1388572663636917e-13, 8.1358057891822449e-13             
  109,   98, 2.0374911302644101e-08,-8.8421827007166895e-08, 9.5101807751639088e-13, 9.4984802663894702e-13             
  109,   99,-1.7976810489623999e-08,-4.6593396034581900e-08, 8.7105738393302941e-13, 8.6912077686715483e-13             
  109,  100,-3.0014631100727199e-08, 5.5547709952233902e-08, 1.0114592013864783e-12, 1.0133741272410109e-12             
  109,  101,-8.9393007697463007e-09, 1.0808608563911800e-09, 1.0000089141842549e-12, 9.9889234435589721e-13             
  109,  102,-9.0716468875718496e-09,-1.4359493176943799e-08, 1.0203149839957376e-12, 1.0203555785583516e-12             
  109,  103, 2.8294280708809401e-08, 5.3256073713458999e-08, 1.2203854500542603e-12, 1.2190624439805403e-12             
  109,  104, 6.1906067948928903e-09,-4.3358063895375302e-08, 9.9841139437279367e-13, 9.9874370879771948e-13             
  109,  105, 7.4748155235969100e-09,-3.3157569399170000e-09, 1.4674498125865337e-12, 1.4708422178900707e-12             
  109,  106, 9.5022299936090506e-09,-3.6730891414996998e-08, 1.1687995959352316e-12, 1.1664765453592368e-12             
  109,  107,-2.6621512381410401e-08,-2.1390598409922700e-08, 1.6086387967874971e-12, 1.6130871676059116e-12             
  109,  108, 2.0501552476371201e-08, 2.0881754288523899e-08, 1.8796156107943777e-12, 1.8798874281569079e-12             
  109,  109,-1.8070708260189701e-08,-3.1930525766189999e-08, 2.3751756441238021e-12, 2.3756690889989017e-12             
  110,    0, 4.2292913399203103e-08, 0.0000000000000000e+00, 1.6883096163786318e-13, 0.0000000000000000e+00             
  110,    1, 4.6701282887562102e-09,-3.2217438392690798e-08, 1.6984275403008027e-13, 1.6950682850706350e-13             
  110,    2, 3.8546115828420603e-08, 4.3394236641471702e-09, 1.7056188176220858e-13, 1.6682668297194294e-13             
  110,    3, 2.2708802912572001e-08, 7.3750309412223297e-09, 1.6555093188856429e-13, 1.7158847580501257e-13             
  110,    4,-4.3292977078469197e-08,-1.0286177177262000e-08, 1.6861358590950927e-13, 1.6975043786821466e-13             
  110,    5,-7.9477270573959601e-08,-1.6685824092144901e-08, 1.6777008803034955e-13, 1.7125982370224717e-13             
  110,    6,-3.2140239814814099e-08,-3.3339038168278702e-09, 1.6803768078811872e-13, 1.7092170068263412e-13             
  110,    7, 1.5289818932542099e-08, 3.5420066417189697e-08, 1.7221345637687489e-13, 1.6924667647873841e-13             
  110,    8,-4.8189982285695198e-08,-8.0001544818619403e-08, 1.6988508265130942e-13, 1.6905272188061818e-13             
  110,    9,-1.1466663314347901e-08,-3.5097177526894602e-08, 1.7165050106901229e-13, 1.7115200472480591e-13             
  110,   10,-1.1209224974394600e-09,-7.3902940429455504e-09, 1.7220656858914545e-13, 1.6965340883301728e-13             
  110,   11,-5.4501935855666600e-09,-3.3553332460511600e-08, 1.7028610993137681e-13, 1.7289484198135237e-13             
  110,   12,-3.4380199183839801e-08,-5.1936580791302301e-09, 1.7305460658605887e-13, 1.7289649289068581e-13             
  110,   13, 7.2121324094380301e-08, 1.4141757966115200e-08, 1.7321213379599035e-13, 1.7384963275166764e-13             
  110,   14, 1.1794964848811501e-08, 1.6468508389607901e-08, 1.7794262868419149e-13, 1.7434863623942482e-13             
  110,   15,-3.5903585113375597e-08,-7.9159320390193798e-08, 1.7625011460364351e-13, 1.7503098543297652e-13             
  110,   16,-1.8337541205688301e-08,-4.4888544287054998e-08, 1.7997868018826830e-13, 1.7867598931657646e-13             
  110,   17, 6.1760435539705000e-09, 3.5487263345911699e-08, 1.7824191541836542e-13, 1.7799968814945050e-13             
  110,   18,-1.7554713681654301e-09, 4.7368520318222097e-08, 1.8346415439363748e-13, 1.8472432561985675e-13             
  110,   19, 4.3063387515411502e-08,-1.7721132204749300e-08, 1.8142296693429907e-13, 1.8270175940990978e-13             
  110,   20, 1.2669212612558599e-08,-2.4040278804548200e-09, 1.9027318855054829e-13, 1.9269497135334784e-13             
  110,   21, 3.5573002527553597e-08, 7.8970812273995405e-08, 1.8649021551903141e-13, 1.8625553955090671e-13             
  110,   22, 1.7372588665357900e-08, 3.8073469522842800e-08, 1.9879846664240887e-13, 1.9629254046235025e-13             
  110,   23,-4.1249066037063603e-08,-2.0283319534146699e-08, 1.9208804300531000e-13, 1.9035505293051762e-13             
  110,   24, 1.6688806025018298e-08,-3.7580025185605404e-09, 2.0633476913740812e-13, 2.0450157005119555e-13             
  110,   25,-3.4757815051033699e-08,-5.9126452255780003e-08, 1.9721185661203012e-13, 1.9641050058982174e-13             
  110,   26,-6.4288343183939799e-09, 3.3381511127070302e-08, 2.1364436369582882e-13, 2.1206414499447299e-13             
  110,   27,-8.2353216036156103e-09,-1.3299449112187100e-08, 2.0405704231057654e-13, 2.0400012911794310e-13             
  110,   28,-1.1923897540486900e-08, 1.7510706899098801e-08, 2.2051522630405907e-13, 2.1993125682564578e-13             
  110,   29, 1.6087859509080999e-08, 9.3503822001900203e-09, 2.1115259238983726e-13, 2.1216203579952208e-13             
  110,   30, 1.0620712746055200e-08,-1.6485452270636599e-08, 2.2852000447805657e-13, 2.2803733550526752e-13             
  110,   31,-1.3056860458075801e-08, 1.6927263891354500e-08, 2.2019414153551508e-13, 2.2063937635383958e-13             
  110,   32,-1.6245992172657898e-08,-1.4480579463745899e-10, 2.3609751069411614e-13, 2.3637759962184904e-13             
  110,   33, 2.6473964875836201e-08, 2.7621224575167100e-08, 2.3003631942895528e-13, 2.2966765007065859e-13             
  110,   34, 3.7626130890849602e-08, 7.9256292342928901e-09, 2.4377003585076241e-13, 2.4398621614546633e-13             
  110,   35, 2.9618698164824401e-08, 2.1437214084909899e-08, 2.3967851532369249e-13, 2.3990411664620654e-13             
  110,   36,-8.4335401830800093e-09,-1.6842708915157299e-08, 2.5037711221793079e-13, 2.5079753517501430e-13             
  110,   37,-1.9821215293896099e-08, 2.4015346306307500e-08, 2.4961164052292147e-13, 2.4923172793018253e-13             
  110,   38, 2.7746977825496400e-08, 8.2677720505190601e-09, 2.5845648401637321e-13, 2.5814485953469062e-13             
  110,   39,-5.1336576003679599e-08,-5.1228792800750903e-08, 2.6126304403421124e-13, 2.5873317503050376e-13             
  110,   40,-5.5649407669024803e-08,-1.5603573762001399e-08, 2.6703364669324807e-13, 2.6551199890351549e-13             
  110,   41, 2.0015537012594900e-08, 1.7337814422081500e-08, 2.7078797813708681e-13, 2.7068000000825087e-13             
  110,   42,-5.3143282264100597e-09,-7.5553165716893900e-09, 2.7429339543045283e-13, 2.7491294162456610e-13             
  110,   43,-7.9547000502491305e-09,-1.1065046520127999e-08, 2.8061900700351868e-13, 2.8248166035935353e-13             
  110,   44, 3.7572917384582900e-08,-2.9140747464755502e-08, 2.8396088039790556e-13, 2.8460841850989092e-13             
  110,   45,-1.4498157359361699e-08,-3.6953011408392301e-09, 2.9315597811408700e-13, 2.9292992737430507e-13             
  110,   46,-1.0211582389304599e-08, 6.7470805970581705e-08, 2.9508623204687533e-13, 2.9466145965406371e-13             
  110,   47, 2.3791160107460799e-08, 1.7311776082859100e-08, 3.0617640593830862e-13, 3.0507211102643538e-13             
  110,   48,-7.1581103775162798e-08,-8.3596176032046604e-09, 3.0767549333318875e-13, 3.0651464141517658e-13             
  110,   49, 5.3897356529965899e-09,-4.5281373476175099e-08, 3.1857251769631464e-13, 3.1889566002198403e-13             
  110,   50,-7.4943228148041105e-09, 1.1945929237382400e-08, 3.2078264578190317e-13, 3.1934371040091030e-13             
  110,   51,-3.1861215261140803e-08,-6.8411848342054399e-08, 3.3256496128582007e-13, 3.3142391449955984e-13             
  110,   52,-9.0332997051003197e-09, 5.6306524894915802e-08, 3.3362841090359888e-13, 3.3225339722218479e-13             
  110,   53, 3.4155421360132001e-08, 1.9363251763266699e-08, 3.4731512220334344e-13, 3.4570543168134691e-13             
  110,   54, 3.4057954133120603e-08,-2.0733578928687701e-08, 3.4677686013410403e-13, 3.4645980790846674e-13             
  110,   55,-1.0856639992658200e-08, 2.3033474074714600e-08, 3.6071245455754352e-13, 3.6085479773649100e-13             
  110,   56, 5.4720984958640598e-09,-6.8473758990292001e-09, 3.5995345950662509e-13, 3.6086100202018807e-13             
  110,   57,-7.1740290894013799e-09,-7.8553124867023605e-09, 3.7634348158147045e-13, 3.7808019237621320e-13             
  110,   58,-1.0262760396953699e-08, 2.1894139524481202e-08, 3.7502292765498832e-13, 3.7492205648126611e-13             
  110,   59,-2.9439782219340900e-08,-3.4282437447074299e-08, 3.9395662249978030e-13, 3.9475527740441924e-13             
  110,   60, 1.1233765636814100e-08,-7.3096867217820503e-09, 3.9063041567946312e-13, 3.9013479717449504e-13             
  110,   61,-2.4737909067313500e-08, 2.5536502298286801e-08, 4.1295892213358121e-13, 4.1259411581507101e-13             
  110,   62, 2.6935345918461698e-09,-4.8700288082664498e-08, 4.0628193776261911e-13, 4.0503106001077721e-13             
  110,   63, 6.2025710704909197e-09, 5.7625927183600197e-08, 4.3211061207161446e-13, 4.3331882505319264e-13             
  110,   64,-8.2101857531696796e-08, 4.9509679378559497e-08, 4.2163139665195728e-13, 4.2171099045156071e-13             
  110,   65,-8.6995992367213596e-09, 1.6231364581781101e-08, 4.5255482071659992e-13, 4.5252463825345175e-13             
  110,   66, 1.7402344327133799e-08,-8.9706235594862294e-09, 4.3604900049620716e-13, 4.3692673201739093e-13             
  110,   67,-5.4506816788900302e-08,-2.1507414205672700e-08, 4.7355083965805405e-13, 4.7354812246803151e-13             
  110,   68,-7.2278684678669603e-09,-2.3207787566373801e-08, 4.5224495978041219e-13, 4.5266754847815315e-13             
  110,   69,-1.5096387878628702e-08,-1.3691688302818300e-08, 4.9641734562022204e-13, 4.9622911512579427e-13             
  110,   70, 3.0339296057062498e-08,-8.8138188904358504e-09, 4.6952476648539166e-13, 4.6917726631953956e-13             
  110,   71, 5.6793467797354701e-08, 2.0551067691729501e-08, 5.2073400801943065e-13, 5.2009218051588892e-13             
  110,   72,-5.2948789018411302e-09, 1.4742712974947299e-08, 4.8743311131549408e-13, 4.8662176904769103e-13             
  110,   73,-8.3150170365329404e-09, 2.5992984907629798e-09, 5.4434274064106575e-13, 5.4426924447456673e-13             
  110,   74, 6.3711959918040704e-09, 9.5647643633984599e-09, 5.0649390602464824e-13, 5.0602135810496310e-13             
  110,   75,-3.5083837333256202e-08,-7.7468472886260400e-08, 5.6735755369104359e-13, 5.6959496549584122e-13             
  110,   76,-7.1246980339819897e-09, 1.4080994483266300e-08, 5.2665627201640635e-13, 5.2924758159464261e-13             
  110,   77,-2.3150596700011500e-08, 5.7714162152433699e-09, 5.8989704319228291e-13, 5.9014707925582546e-13             
  110,   78, 2.1212734396612299e-09,-3.7144619524626102e-08, 5.5175625939366460e-13, 5.5164913283969884e-13             
  110,   79, 7.0335185731905899e-09,-1.9398004609780700e-08, 6.1315163553885746e-13, 6.1187942461724508e-13             
  110,   80,-2.0420215993622301e-08, 1.1142302100643701e-08, 5.8114118635049649e-13, 5.8081434705820618e-13             
  110,   81, 3.0985162395779203e-08,-4.4980685017755104e-09, 6.3076234518819927e-13, 6.3196169454692979e-13             
  110,   82,-2.2720111551513101e-08,-1.9652270746979099e-08, 6.1475961197270899e-13, 6.1344739020325581e-13             
  110,   83,-9.9117951120076604e-09, 1.8324973298340500e-08, 6.4655814812122046e-13, 6.4675990305926106e-13             
  110,   84,-1.0094614275779000e-08, 4.5206388842624497e-08, 6.5160161537722497e-13, 6.5173873568331699e-13             
  110,   85,-8.6024139965148907e-09, 2.4595360969898499e-08, 6.5934753308344007e-13, 6.6108381786802607e-13             
  110,   86, 1.9816040415145700e-08, 1.9911197815447501e-08, 6.9305869674070869e-13, 6.9199481810500937e-13             
  110,   87,-1.3811788592162701e-08,-5.9009119731477600e-08, 6.7371619799723590e-13, 6.7303862497027243e-13             
  110,   88,-1.0877767910936400e-08, 4.4309351189826197e-08, 7.3633565085252260e-13, 7.3471732837455510e-13             
  110,   89,-6.3974058101148502e-09, 2.3873311913691199e-08, 6.8867711675700010e-13, 6.8915986913829929e-13             
  110,   90, 1.2677120057512500e-08,-2.6403713215973500e-08, 7.7653868861694211e-13, 7.7786498765473814e-13             
  110,   91, 7.8662397822958396e-10,-1.6005475264769102e-08, 7.1506208152409524e-13, 7.1693481022331169e-13             
  110,   92, 1.5108453717211401e-08, 1.5970004774509200e-08, 8.1393233585180697e-13, 8.1408182286099156e-13             
  110,   93, 3.0747279585401998e-11, 6.5863355158133298e-08, 7.5767223871740571e-13, 7.5691220329082963e-13             
  110,   94, 1.1092807097285101e-08,-5.7931271152020002e-08, 8.4392378579491476e-13, 8.4392143655545620e-13             
  110,   95,-1.7555387483643701e-08,-7.2706190252239996e-08, 8.2105651373492112e-13, 8.1938375437936551e-13             
  110,   96,-5.5438675764334298e-08,-1.8191843414221400e-08, 8.6555700773413578e-13, 8.6339468926191732e-13             
  110,   97, 7.5038827512330603e-09,-5.8957497054948800e-08, 9.0279105481238699e-13, 9.0250508880397950e-13             
  110,   98, 3.3548597699776897e-08,-1.7801848177496301e-08, 8.9183879820600154e-13, 8.9132309942466888e-13             
  110,   99,-6.8928963165254400e-08, 6.1020770879186702e-08, 9.8624419555477021e-13, 9.8654472715669781e-13             
  110,  100,-4.1930307024290504e-09, 3.4434013598928001e-08, 9.5422214672455600e-13, 9.5684079710410090e-13             
  110,  101,-1.2185087075329700e-08,-1.8722483481444301e-08, 1.0457198754911315e-12, 1.0474115068074316e-12             
  110,  102, 7.8662225129732200e-09,-4.6286780949393198e-08, 1.0931506576340961e-12, 1.0911366500559910e-12             
  110,  103,-1.5008352084622801e-08,-1.2560679450373400e-08, 1.0555256007734221e-12, 1.0535047893743372e-12             
  110,  104,-2.6425872801586599e-08,-7.3740501694943399e-09, 1.3170615034792044e-12, 1.3166166439215277e-12             
  110,  105,-1.0607115323027299e-08, 2.7702509083367000e-08, 1.0310845583739085e-12, 1.0322648234780287e-12             
  110,  106,-2.7995628792537099e-08, 4.4344846991506402e-08, 1.5750856696826872e-12, 1.5749485788784145e-12             
  110,  107,-3.4651745526579201e-08, 4.8278866017834102e-08, 1.1965023544479817e-12, 1.1958771510763517e-12             
  110,  108,-4.0676928886197201e-08,-1.5779896018075399e-09, 1.7424828440812201e-12, 1.7391010445043672e-12             
  110,  109, 1.1701129352752100e-08,-5.5260017132846300e-08, 1.9096276416715422e-12, 1.9070038212899670e-12             
  110,  110, 1.1055330328899700e-08, 1.7132034067749499e-08, 2.5579093622724490e-12, 2.5637942985697486e-12             
  111,    0,-1.2529182737180400e-08, 0.0000000000000000e+00, 1.7214909452997564e-13, 0.0000000000000000e+00             
  111,    1,-6.1814983055483006e-08,-1.0701433683691000e-08, 1.7364195155894861e-13, 1.7288397806039864e-13             
  111,    2,-8.0415026990948898e-08,-2.0872276393387401e-08, 1.7385343166774413e-13, 1.7224987603188242e-13             
  111,    3,-3.2962857387658703e-08,-7.4591164954533007e-09, 1.6863137107254471e-13, 1.7747210275997970e-13             
  111,    4,-1.7447055528406100e-08, 3.8607750454795697e-09, 1.7152883572130262e-13, 1.7220344762368424e-13             
  111,    5, 2.4076414061915001e-08, 7.8383200639964095e-09, 1.7096692937437563e-13, 1.7309989587403041e-13             
  111,    6, 9.9039978770266101e-09, 9.8258151143407496e-09, 1.7168711439068792e-13, 1.7367817660642805e-13             
  111,    7, 2.2272742754610301e-08,-5.5272181685840997e-08, 1.7410854878436746e-13, 1.7125334278058533e-13             
  111,    8, 2.8586858918962301e-08,-1.9963143349453399e-08, 1.7314921171710952e-13, 1.7234628295106794e-13             
  111,    9, 1.6232275399584600e-09, 4.2030462427461200e-08, 1.7312847476166691e-13, 1.7449573298839197e-13             
  111,   10, 3.0571653108692402e-08, 3.5568326006038500e-08, 1.7511501492223751e-13, 1.7259051463335741e-13             
  111,   11, 1.5331937216362001e-08, 2.2499396295942799e-08, 1.7500685206273200e-13, 1.7683440992500996e-13             
  111,   12, 3.2894082883773203e-08, 4.5681544796063698e-08, 1.7553438024110940e-13, 1.7475701147408838e-13             
  111,   13,-2.8408754820189200e-08, 8.7315665818671099e-09, 1.7651908060605233e-13, 1.7729060220779215e-13             
  111,   14,-3.0974233253755197e-08,-4.6755665766705002e-08, 1.7993028777352230e-13, 1.7529822703368317e-13             
  111,   15, 3.9166447457088699e-08, 6.2878970127864097e-08, 1.7983745569159547e-13, 1.7850148514320996e-13             
  111,   16, 3.7200221658716800e-08, 5.1862302125440201e-09, 1.8212471162331821e-13, 1.7986348378774854e-13             
  111,   17, 2.9063604959073699e-08, 1.7647828290949301e-08, 1.8211389121259373e-13, 1.8144288913303026e-13             
  111,   18,-1.1740437128794400e-08,-5.9591659632886298e-08, 1.8284641651295234e-13, 1.8343415356266882e-13             
  111,   19,-5.0018472957336499e-08, 8.6756430453131804e-09, 1.8387516900722271e-13, 1.8661091654437106e-13             
  111,   20,-4.8734853824533200e-08, 3.7809708143155403e-08, 1.8744435717628133e-13, 1.9016636210804880e-13             
  111,   21,-2.2023448822986901e-08,-2.5337361573461399e-08, 1.8844379070465551e-13, 1.8979494681523478e-13             
  111,   22,-2.7633334260332099e-08,-5.7423158477743902e-08, 1.9464581177121133e-13, 1.9316136927411950e-13             
  111,   23,-1.1958123405735300e-08, 2.7468070049732501e-08, 1.9538109527217795e-13, 1.9235625195823174e-13             
  111,   24, 1.8723737430289801e-08,-2.3870139514530100e-08, 2.0129359938819528e-13, 1.9900979309634269e-13             
  111,   25, 3.7791570476685798e-09, 1.5339551847655999e-08, 1.9901897343261392e-13, 1.9833377597784906e-13             
  111,   26,-4.8809822230758097e-09, 8.7708109814520801e-09, 2.0727825745550248e-13, 2.0643671090610278e-13             
  111,   27,-6.1973205518398999e-09,-4.1751186524749500e-09, 2.0547096128308449e-13, 2.0562385945891296e-13             
  111,   28, 2.2472964322438001e-08, 4.3571066696253504e-09, 2.1427050630731578e-13, 2.1350321821441306e-13             
  111,   29, 4.9693698231372601e-09,-4.6674141698422698e-09, 2.1334349121716019e-13, 2.1385287423696053e-13             
  111,   30, 1.1694687146092000e-08, 3.8174017410847300e-08, 2.2149423420312298e-13, 2.2137895019442055e-13             
  111,   31,-4.5091819159167102e-08,-2.9697032033754099e-08, 2.2160490571233958e-13, 2.2196637304011127e-13             
  111,   32,-8.9772876166289994e-09,-1.5623399751069701e-08, 2.2864561675274983e-13, 2.2852394093135457e-13             
  111,   33, 2.9463220447679701e-08,-1.4802510151930000e-08, 2.3153923860384608e-13, 2.3099101611912686e-13             
  111,   34,-1.7076502274817899e-08,-1.1414764476067199e-08, 2.3575162277191597e-13, 2.3493491667441669e-13             
  111,   35,-3.9813292404504099e-08,-1.1454066112665301e-08, 2.4052795903459425e-13, 2.4119805362286934e-13             
  111,   36,-5.1562596084169803e-08, 3.5420654247189399e-09, 2.4192642613257173e-13, 2.4244475899935039e-13             
  111,   37,-4.2544837757045903e-09, 8.4343873319414708e-09, 2.4983987948062286e-13, 2.4990478695858067e-13             
  111,   38, 2.0880668334600802e-08,-6.4718047422273594e-08, 2.4895839316624895e-13, 2.4871907396218267e-13             
  111,   39,-3.7353436572766601e-08,-2.4833076009178399e-08, 2.6050250539815380e-13, 2.5891484272184850e-13             
  111,   40, 4.2979579025992298e-08, 6.6959887995527404e-08, 2.5778932160171992e-13, 2.5644056401291403e-13             
  111,   41,-2.0995134614745401e-08,-4.1041713743684997e-08, 2.7031581672134617e-13, 2.6983120843204941e-13             
  111,   42, 2.1769607704591602e-08, 2.1154263294869698e-08, 2.6380492495298961e-13, 2.6457587948381744e-13             
  111,   43, 1.9318608492426399e-08, 1.1001697149423601e-08, 2.7865334242042600e-13, 2.8064825780413759e-13             
  111,   44,-1.2800568666709300e-08,-1.6348712056704601e-08, 2.7348521636723415e-13, 2.7384819723429457e-13             
  111,   45,-5.4008739547302097e-08, 2.5618315142976401e-08, 2.8962516055480117e-13, 2.8885612986455621e-13             
  111,   46, 2.8111157237131999e-08, 1.9718534404808500e-08, 2.8319821353287310e-13, 2.8416083584595634e-13             
  111,   47,-3.7963826362747298e-08,-2.7046076030516500e-08, 3.0109032398964903e-13, 2.9929589415119007e-13             
  111,   48,-6.0676028856665896e-09,-1.0141428661656900e-08, 2.9472373478702295e-13, 2.9384544866437009e-13             
  111,   49, 2.7110176781086399e-08, 1.9360820374911701e-08, 3.1176538522557129e-13, 3.1160741458979436e-13             
  111,   50,-1.8958278950863999e-08,-1.0239704910584700e-08, 3.0654278277334722e-13, 3.0528989566211896e-13             
  111,   51,-2.1856420238141800e-08, 4.1190050031088402e-08, 3.2424912493400777e-13, 3.2341367846111456e-13             
  111,   52, 1.5733534919615701e-08, 3.9411444609391697e-08, 3.1844975694573562e-13, 3.1691079068852162e-13             
  111,   53, 1.7006944611821500e-08,-1.6501316655040701e-09, 3.3678557894441897e-13, 3.3568537070764516e-13             
  111,   54, 1.5894098040260199e-08,-1.5139288828817401e-08, 3.3003206154462824e-13, 3.3024781535934116e-13             
  111,   55,-2.0854634520748901e-08,-7.5252138451870702e-09, 3.4886578073224471e-13, 3.4927143894766185e-13             
  111,   56,-3.5287690685363798e-09,-5.2538358646292702e-08, 3.4254211959679746e-13, 3.4358005167129724e-13             
  111,   57, 4.3860190284239101e-09, 1.3586686801241101e-08, 3.6132487598205918e-13, 3.6318659582400624e-13             
  111,   58, 1.8266705868699500e-08,-1.0010490867277800e-08, 3.5826962715372344e-13, 3.5771999227799389e-13             
  111,   59,-3.4448214914937197e-08, 7.0548030593768998e-09, 3.7465829853561468e-13, 3.7523885771978824e-13             
  111,   60,-5.3099311218016897e-09, 9.5728558038114393e-09, 3.7335115805901571e-13, 3.7260922882037897e-13             
  111,   61, 2.6527480567826698e-08,-2.1014095247477500e-08, 3.8930302591415786e-13, 3.8876414274521655e-13             
  111,   62,-5.0577143544229501e-10,-1.0840282659567300e-08, 3.9062108450669052e-13, 3.8999167772694568e-13             
  111,   63,-2.6851095570827600e-08, 1.4140815718508300e-08, 4.0209478974339687e-13, 4.0309648114654432e-13             
  111,   64, 5.0492074410974399e-09,-3.7111201958302698e-08, 4.0792009265095378e-13, 4.0828812747964933e-13             
  111,   65, 2.4464789497219600e-08,-2.5916181782778099e-09, 4.1634602275133047e-13, 4.1693262580688194e-13             
  111,   66, 3.1626375824217299e-08,-6.3749696107974402e-09, 4.2695249877714079e-13, 4.2726227218032581e-13             
  111,   67, 3.4775128951180800e-10, 4.2810194842161697e-09, 4.2899682875486984e-13, 4.2946306348285876e-13             
  111,   68,-9.2513065307276898e-09,-2.3472308275218401e-08, 4.4710513903069981e-13, 4.4702912662809947e-13             
  111,   69, 3.1518143876872297e-08, 6.3624906556750301e-08, 4.4344232695134002e-13, 4.4384735751104433e-13             
  111,   70, 6.6557218434698698e-09,-5.1010358733227597e-09, 4.6979232599902303e-13, 4.6881288544208222e-13             
  111,   71,-2.0754236302067799e-08, 2.3401563184521799e-08, 4.5855612023296500e-13, 4.5841736546317327e-13             
  111,   72,-5.2475349558087497e-08, 1.1030738638868000e-08, 4.9179426678555692e-13, 4.9143627407215947e-13             
  111,   73, 2.9844974017062299e-08,-4.3438237138128801e-11, 4.7425160426718642e-13, 4.7498139637221622e-13             
  111,   74,-3.8240786797753102e-08, 6.1162672057112197e-09, 5.1509549004572267e-13, 5.1485368942309958e-13             
  111,   75,-6.1670354551518898e-09,-1.1558573979266300e-08, 4.9008907500108684e-13, 4.9174563711649880e-13             
  111,   76, 1.7481854021402898e-08, 1.7220321119630299e-08, 5.3732532783753578e-13, 5.3967872786221602e-13             
  111,   77, 1.3544426356699600e-08,-4.5064017504681501e-08, 5.0929980584551479e-13, 5.1068815117437035e-13             
  111,   78, 3.5375212986690600e-08,-1.8090774758266701e-08, 5.6034631126748071e-13, 5.6070922986204314e-13             
  111,   79, 3.0004337425361603e-08, 1.1295971317216001e-08, 5.3101315592824732e-13, 5.3005997806120526e-13             
  111,   80,-1.2553196628477300e-08, 3.4197055256820197e-08, 5.8257573558254848e-13, 5.8297514890871202e-13             
  111,   81, 1.2854365284931300e-08,-2.3375305550693700e-08, 5.5586189178204059e-13, 5.5652966665554998e-13             
  111,   82, 1.9085850179081199e-08, 1.5154373297911401e-08, 6.0238780895521490e-13, 6.0164789937869928e-13             
  111,   83, 2.1486554170573499e-08,-1.4762356229025699e-08, 5.8580648654640959e-13, 5.8580196040786748e-13             
  111,   84, 2.8863700019962700e-08,-2.6092040913212299e-08, 6.1816672222524496e-13, 6.1766977647702974e-13             
  111,   85,-4.9358426377588098e-08,-2.4361074626254002e-09, 6.2036055179361768e-13, 6.2134793096380903e-13             
  111,   86,-1.2990214346356700e-08,-1.2690968722266100e-08, 6.3166524913461970e-13, 6.3085923527386710e-13             
  111,   87,-2.4833966906588001e-08,-7.9418154067166106e-09, 6.6094689435990186e-13, 6.5902894906089027e-13             
  111,   88,-7.2164208223615400e-09, 4.7530773010532002e-08, 6.4395898263773092e-13, 6.4401978172587068e-13             
  111,   89, 1.9970147374044800e-08,-2.5845274401187400e-08, 7.0111357435771573e-13, 7.0128169930299268e-13             
  111,   90,-5.1035359193272304e-09,-2.4207105101011299e-08, 6.6022693380631671e-13, 6.6191002914597591e-13             
  111,   91,-1.9382510059443100e-08, 2.7789664286065001e-08, 7.3852582037356581e-13, 7.4096006479047790e-13             
  111,   92,-1.8535035451276400e-09, 3.7979850105233598e-08, 6.8796480806369606e-13, 6.8959548509218955e-13             
  111,   93,-3.2883168664862899e-08, 4.6052210932476202e-11, 7.7250773804692634e-13, 7.7382216948655462e-13             
  111,   94,-9.7025144342744901e-09,-2.6672924430591798e-08, 7.3321551642607668e-13, 7.3168599464053868e-13             
  111,   95, 1.3061902824719701e-08, 4.5920978522304402e-08, 7.9780476649925127e-13, 7.9617689290881888e-13             
  111,   96, 2.3617690623960101e-08, 1.6993441888114800e-08, 7.9925734046775970e-13, 7.9721574695415012e-13             
  111,   97, 2.3182651024150102e-08, 2.0416025956472801e-09, 8.1090614850523377e-13, 8.1037623310702600e-13             
  111,   98,-8.6401513456493404e-09, 3.2094698343716699e-08, 8.8355725154711527e-13, 8.8205937906134879e-13             
  111,   99,-6.1590943929606998e-09,-3.9149024123068901e-09, 8.3038188002485869e-13, 8.2888933510350745e-13             
  111,  100, 2.3904984580086301e-08,-9.6942641695632099e-09, 9.6804248414929874e-13, 9.6987733671238611e-13             
  111,  101, 4.8357137460164401e-08, 9.0668526421303207e-09, 8.8684053362789222e-13, 8.8614189696904442e-13             
  111,  102, 1.1060145578331300e-08,-3.0813168355281002e-09, 1.0315833277452326e-12, 1.0313731664919852e-12             
  111,  103, 2.9571746068208301e-08, 4.3461242101604003e-08, 1.0191263163391114e-12, 1.0170503335928257e-12             
  111,  104, 1.6898862061540400e-09, 4.5771407242836699e-09, 1.0379511116153397e-12, 1.0364477050389371e-12             
  111,  105, 6.1111341372300798e-09, 4.9984259789037997e-08, 1.2414557711382647e-12, 1.2441082388583907e-12             
  111,  106, 7.6206382801282097e-09,-9.7053402742447994e-09, 1.0144677565549422e-12, 1.0108795082404001e-12             
  111,  107, 2.3600573111916101e-08,-5.7562442025764398e-08, 1.4942646268855309e-12, 1.4962944843777929e-12             
  111,  108, 1.2854330034325199e-08,-3.8748562299294100e-08, 1.1852636610704070e-12, 1.1866401774494029e-12             
  111,  109,-2.7403509106896499e-09, 3.8892444887627403e-08, 1.6326751516983679e-12, 1.6349511579682170e-12             
  111,  110,-1.6429047854991701e-08, 4.4070589865078100e-08, 1.9147041653760988e-12, 1.9180890060563529e-12             
  111,  111, 2.3964005465453899e-08, 1.7054949594777201e-08, 2.4066039819424079e-12, 2.3993459830685002e-12             
  112,    0, 1.3242403006041800e-08, 0.0000000000000000e+00, 1.7561838247203739e-13, 0.0000000000000000e+00             
  112,    1, 4.4437705671141903e-08,-1.8888889617439398e-08, 1.7721704058332834e-13, 1.7407299890416886e-13             
  112,    2, 2.7945219790383900e-08, 3.0226569740807599e-08, 1.7713007952552946e-13, 1.7465334595072412e-13             
  112,    3, 2.4584114536800500e-08, 2.1365529248520399e-08, 1.7168994971781804e-13, 1.7878507904560732e-13             
  112,    4,-2.9275553434857600e-08,-2.4454836345618599e-08, 1.7554373805556913e-13, 1.7546348176696886e-13             
  112,    5,-2.0539813738970999e-08, 2.9645161719848300e-08, 1.7448476161261703e-13, 1.7636178251330514e-13             
  112,    6, 9.4050185387069405e-09, 3.2428195526349901e-09, 1.7444237375352926e-13, 1.7657364547222218e-13             
  112,    7, 4.1653652788995598e-08,-1.0423087256881799e-08, 1.7766293776641027e-13, 1.7432409600889053e-13             
  112,    8,-4.7054041402588403e-08, 2.0927768172747899e-08, 1.7640819687455225e-13, 1.7647605973580619e-13             
  112,    9, 3.6012767221869998e-08, 1.0530172711914600e-09, 1.7634490944795539e-13, 1.7759524717902553e-13             
  112,   10,-1.1644556632517101e-08,-1.6302697620764000e-08, 1.7746591317273151e-13, 1.7594599596245887e-13             
  112,   11,-1.6625319464306501e-08,-6.3746290708892503e-09, 1.7690406802947167e-13, 1.7948779179862143e-13             
  112,   12,-2.5486823183647299e-08,-2.7157787025261701e-08, 1.7869478803035357e-13, 1.7842839546840058e-13             
  112,   13, 3.8362896761729997e-08,-1.0029105881981199e-08, 1.7941704086822350e-13, 1.7994234543753835e-13             
  112,   14, 2.1414767406647401e-08, 2.5404590712983601e-08, 1.8255411717704934e-13, 1.8001046705186111e-13             
  112,   15, 1.0635118825023600e-08,-8.0471923078282993e-09, 1.8276098479336177e-13, 1.8104058110395990e-13             
  112,   16, 7.7250595557937596e-09, 3.1370222727827202e-08, 1.8530104193678152e-13, 1.8394813363333531e-13             
  112,   17, 1.2994708504563600e-08,-1.0244840689445700e-08, 1.8530765658774539e-13, 1.8376071449978471e-13             
  112,   18, 6.9204171591666699e-09, 3.2554175443013797e-08, 1.8853910601833254e-13, 1.8938350867578813e-13             
  112,   19,-1.5797797659414499e-08, 6.6945327034924803e-09, 1.8627945552767998e-13, 1.8829866191465047e-13             
  112,   20,-2.7774761028108800e-08,-3.7900651697138398e-08, 1.9443797238267641e-13, 1.9611845775516192e-13             
  112,   21, 3.0483240605804998e-08,-9.8503046432378308e-09, 1.9131477680642602e-13, 1.9133749735444799e-13             
  112,   22,-5.4118795962813901e-09, 2.7951739569103101e-08, 2.0278938563561448e-13, 2.0103737481202295e-13             
  112,   23, 1.9552913052309601e-09,-1.4249997768994899e-08, 1.9717023997719888e-13, 1.9499343197444323e-13             
  112,   24,-3.4828239193786897e-08, 1.6010829382535000e-08, 2.0999364302465614e-13, 2.0763776264045622e-13             
  112,   25, 5.6117806774144799e-11,-2.0606744726105400e-08, 2.0172139273708048e-13, 2.0085485215974535e-13             
  112,   26, 1.4733838689499301e-08, 1.4876490125200399e-08, 2.1688476072392216e-13, 2.1572381666886686e-13             
  112,   27,-2.0964882183407702e-08,-1.8415606595985101e-08, 2.0754693276290686e-13, 2.0762595751581672e-13             
  112,   28, 2.0694544969787398e-08,-2.0142638576720899e-08, 2.2416252623140508e-13, 2.2358871909665800e-13             
  112,   29,-7.9139128653184503e-09,-1.3980587307517100e-08, 2.1512064457191538e-13, 2.1556302012248913e-13             
  112,   30,-1.3365424104661501e-08,-2.3139190952296201e-08, 2.3191432352007871e-13, 2.3132327381186394e-13             
  112,   31,-9.2033053491924007e-09,-1.2103880950180701e-08, 2.2313403241199399e-13, 2.2340684291099831e-13             
  112,   32, 1.6912485267444699e-08, 3.1750899136847300e-08, 2.3890628258604266e-13, 2.3934419229856118e-13             
  112,   33,-1.2988545263323001e-08, 1.7010544211578900e-08, 2.3339487325556597e-13, 2.3209540126192644e-13             
  112,   34,-4.4136337932507899e-08, 4.9360590602600199e-08, 2.4651544088567426e-13, 2.4654030716220700e-13             
  112,   35,-2.2243391987322801e-08, 1.8214776969647001e-08, 2.4149402389938845e-13, 2.4182415638965529e-13             
  112,   36, 4.0946848833229603e-09,-8.0303561451004405e-09, 2.5299109445281361e-13, 2.5360370643239440e-13             
  112,   37,-7.7962152097963396e-09, 8.8556789206024306e-09, 2.5124132200306921e-13, 2.5088063392298472e-13             
  112,   38, 7.5372605216855607e-09, 8.4495325934240095e-09, 2.6071273865699295e-13, 2.5977871093355993e-13             
  112,   39, 2.3783742875554701e-08, 2.4568495081952100e-08, 2.6215677868195799e-13, 2.5925709611719875e-13             
  112,   40, 1.6043880519499401e-08, 7.7336716101983705e-09, 2.6848991719399764e-13, 2.6759045320161526e-13             
  112,   41, 4.2880891813686902e-08,-2.8801043526162500e-09, 2.7160845894430437e-13, 2.7121272667897002e-13             
  112,   42, 3.3923688232398603e-08, 1.8778324437761999e-09, 2.7592865254839079e-13, 2.7666150149977525e-13             
  112,   43,-2.4251430758915499e-08,-4.6336280989755102e-08, 2.8083964337785782e-13, 2.8268604729769911e-13             
  112,   44,-2.7423104531800901e-08, 1.9986884479109001e-08, 2.8476352446400994e-13, 2.8551223134454960e-13             
  112,   45, 2.3330392371053599e-08, 1.2115019839845099e-08, 2.9280747304066010e-13, 2.9285983683918774e-13             
  112,   46,-3.5484955048538500e-08,-1.6599611915510199e-08, 2.9577401481659024e-13, 2.9508682149023489e-13             
  112,   47,-2.5965837482605201e-08,-8.5972106184194992e-09, 3.0531005752531255e-13, 3.0401125535077163e-13             
  112,   48,-5.0474283391653597e-09,-1.3800295250378500e-08, 3.0712340926754069e-13, 3.0600825740616790e-13             
  112,   49, 2.2461390398527401e-08,-4.9104684446874104e-09, 3.1713180301474392e-13, 3.1699523014713251e-13             
  112,   50,-3.6101580401194098e-08, 2.6682824825346599e-08, 3.1909373507768800e-13, 3.1894266632883117e-13             
  112,   51, 2.0398114889735198e-08, 1.2908149124189200e-08, 3.3134471414809338e-13, 3.2979727029512497e-13             
  112,   52, 2.8106493060298001e-08, 2.9660275988980701e-08, 3.3258887153159716e-13, 3.3139453159339532e-13             
  112,   53, 3.7532207611534003e-08,-5.4653270446720299e-08, 3.4445704722833738e-13, 3.4302705752547971e-13             
  112,   54,-4.1719859325124601e-08,-1.6462515844732800e-08, 3.4545837494163277e-13, 3.4551867846620208e-13             
  112,   55,-1.2369040274772801e-08, 3.1098177439836997e-08, 3.5859206622397607e-13, 3.5842866245298697e-13             
  112,   56, 4.0123355004400699e-08,-3.1546935441571200e-08, 3.5901691569576913e-13, 3.5950240403176924e-13             
  112,   57, 5.8024395745815098e-09, 3.6136712514350198e-08, 3.7211741587496582e-13, 3.7400585509606464e-13             
  112,   58,-3.3199159304872798e-09, 2.5390938444003701e-08, 3.7324345465213642e-13, 3.7340342827396068e-13             
  112,   59, 2.5882571520392201e-08, 1.0742258670300600e-08, 3.8947187873184944e-13, 3.9014225075673428e-13             
  112,   60, 3.8725853292838700e-08,-2.2109890534135902e-08, 3.8842632823794791e-13, 3.8754501539547520e-13             
  112,   61, 1.4438907784405099e-08,-1.8106926297899900e-08, 4.0690371342743131e-13, 4.0649035902894535e-13             
  112,   62,-1.3849964816015100e-08, 5.2546345443913299e-09, 4.0386982519280399e-13, 4.0296529511762228e-13             
  112,   63,-1.7196597415364399e-09, 1.0695636692464400e-08, 4.2519318312016751e-13, 4.2602790569138349e-13             
  112,   64, 9.8781731705450494e-09, 2.3822428965496101e-08, 4.1859061201387567e-13, 4.1891345120833700e-13             
  112,   65, 7.9397606493482405e-09,-2.8966859396976501e-08, 4.4519831923582694e-13, 4.4538663629203414e-13             
  112,   66,-3.3685882923052199e-08, 1.4290646883806600e-08, 4.3460186799673109e-13, 4.3480063009956250e-13             
  112,   67,-4.2977810691822303e-09,-2.0713202459509299e-08, 4.6527802683864093e-13, 4.6542440122190840e-13             
  112,   68,-1.7741735392122600e-08, 3.0996930236260300e-08, 4.4919542067365408e-13, 4.4951131630045959e-13             
  112,   69, 1.1798015306422400e-08, 5.4967540125258203e-09, 4.8687493089939280e-13, 4.8704319254774815e-13             
  112,   70,-3.4746821017359198e-08, 1.0022136160133801e-09, 4.6564077715615337e-13, 4.6539201242209008e-13             
  112,   71,-1.5359034764633800e-08, 2.4786899630141201e-08, 5.1083771639780840e-13, 5.0957596732486406e-13             
  112,   72, 6.0768314142513496e-09,-8.7316076282942896e-08, 4.8275730840865556e-13, 4.8204810702977047e-13             
  112,   73, 1.8144462850209300e-08, 1.6722247771477500e-09, 5.3512343105156007e-13, 5.3439700971465732e-13             
  112,   74,-6.2575780681676605e-08,-2.3587763644598601e-08, 4.9994054051131901e-13, 5.0001687368350907e-13             
  112,   75, 5.3588142411506303e-08, 1.1641894464975001e-09, 5.5728065179946881e-13, 5.5983309384410211e-13             
  112,   76, 6.9694636224864500e-09, 1.6488730542092301e-08, 5.1778756922233383e-13, 5.2027184371463997e-13             
  112,   77, 1.8187559552435400e-08, 3.7218110819814799e-08, 5.8237892173397588e-13, 5.8310107888007729e-13             
  112,   78, 5.1185481507805598e-08, 3.6146150208286698e-08, 5.4042467016314367e-13, 5.4039745151128851e-13             
  112,   79,-1.3656369593580099e-08,-3.0349371519107101e-09, 6.0541872719919691e-13, 6.0379896741718113e-13             
  112,   80, 1.7175257235432499e-08,-2.6841416825472199e-08, 5.6454724004012078e-13, 5.6411947371949556e-13             
  112,   81, 1.1387036542153101e-08, 1.1309046925665800e-08, 6.2679655856214606e-13, 6.2784749924708335e-13             
  112,   82,-3.2316912089812097e-08,-6.4634531347202902e-09, 5.9446065318505465e-13, 5.9315941505407345e-13             
  112,   83, 1.0224728391403600e-08,-4.1336395377063397e-08, 6.4541045992821140e-13, 6.4610936983434068e-13             
  112,   84,-5.0349403712598597e-08, 1.0706606073436400e-08, 6.2693168160762061e-13, 6.2715862076392573e-13             
  112,   85, 2.0589160264291400e-08,-1.2808463580787700e-08, 6.5947810442719943e-13, 6.6168094635703752e-13             
  112,   86, 4.9208966622951900e-08, 1.5507082222107399e-09, 6.6525394986392160e-13, 6.6443653910583531e-13             
  112,   87,-1.5225621150124000e-09,-1.1145144873777501e-08, 6.7430308964992413e-13, 6.7313949086169140e-13             
  112,   88, 7.4717277150659499e-09, 4.2680099067617599e-08, 7.0730316799212670e-13, 7.0554386415648910e-13             
  112,   89, 1.2979090821821900e-08,-4.7013895326215602e-09, 6.8599532110914973e-13, 6.8581962201765996e-13             
  112,   90,-2.4739545791579400e-08, 8.0766689125580497e-09, 7.4941729520820593e-13, 7.5075902452656609e-13             
  112,   91, 2.8220408189114198e-10,-1.6801389619573599e-08, 7.0007000466014459e-13, 7.0187607467432529e-13             
  112,   92,-1.7892878252104502e-08,-1.9442807576409300e-09, 7.9247015581129170e-13, 7.9253623943501670e-13             
  112,   93, 2.6739137530399402e-08,-2.1901924808413799e-08, 7.2805600440461654e-13, 7.2747568949234789e-13             
  112,   94, 6.3027544991977596e-08,-2.8450449721216100e-08, 8.2959545768830949e-13, 8.2998778024116460e-13             
  112,   95,-3.0612305510959898e-08, 1.6502951755561700e-08, 7.7017932151573852e-13, 7.6872466081312483e-13             
  112,   96,-2.7046822327772799e-08, 1.1806222759082401e-08, 8.6050029017344267e-13, 8.5859215564075574e-13             
  112,   97,-3.6237673807169002e-09,-1.8018755382834899e-08, 8.3435719772616712e-13, 8.3387936772631978e-13             
  112,   98,-1.4775002743610500e-08, 1.5598625412786299e-08, 8.7931331930282828e-13, 8.7855178327571700e-13             
  112,   99,-4.0687411873667198e-08,-3.8426509763269498e-08, 9.1877025714532999e-13, 9.1887301360082919e-13             
  112,  100, 6.4178242267990001e-09, 2.9196695403884399e-08, 9.0481779036402463e-13, 9.0559197571016143e-13             
  112,  101, 1.7097394112159101e-08,-3.2294480986768698e-11, 1.0034146884754054e-12, 1.0052299193305955e-12             
  112,  102,-3.0675806354786302e-08,-4.9545213253126502e-08, 9.6962743803192673e-13, 9.6845646802849865e-13             
  112,  103,-1.3663895411325299e-08,-1.1658252788413601e-08, 1.0664291201801626e-12, 1.0636944896385895e-12             
  112,  104, 7.5771667669324699e-09,-3.5612960090034397e-08, 1.1072981514335025e-12, 1.1074001740428503e-12             
  112,  105,-2.8329313202876000e-08, 2.6243671018820600e-08, 1.0703759660069322e-12, 1.0713668693082158e-12             
  112,  106,-1.1104222120522200e-08,-3.2799830791165898e-08, 1.3364997201003987e-12, 1.3351855658830966e-12             
  112,  107, 5.2802506937298904e-09,-6.9839518839966296e-09, 1.0456525933403182e-12, 1.0449410257823979e-12             
  112,  108,-3.7815792544906200e-08, 3.2277862239068897e-08, 1.5966723340672013e-12, 1.5957060743117177e-12             
  112,  109, 1.2765683129115700e-08, 3.8113983118905900e-08, 1.2167494910820424e-12, 1.2118960375462672e-12             
  112,  110, 3.6951271347873098e-08,-4.4643338102394398e-08, 1.7549783693458434e-12, 1.7592298251015260e-12             
  112,  111, 2.1856498715822700e-08,-5.2557112902141097e-08, 1.9452437334726717e-12, 1.9451353942845928e-12             
  112,  112,-1.5146485269939101e-08,-2.0313110562516301e-08, 2.5803803673384478e-12, 2.5799071202996189e-12             
  113,    0, 4.1738435277448900e-08, 0.0000000000000000e+00, 1.7974822619632561e-13, 0.0000000000000000e+00             
  113,    1,-4.6037438284515301e-08, 3.9430419499687302e-08, 1.8113632239845265e-13, 1.7732347391887671e-13             
  113,    2,-1.1457837068377899e-08,-3.9472594351153802e-08, 1.8203533182954653e-13, 1.7838623279771022e-13             
  113,    3,-3.5484218602592002e-08, 3.2996686593310303e-08, 1.7629923630423894e-13, 1.8221576201451342e-13             
  113,    4,-1.3092656514679800e-08,-2.4550637941708800e-08, 1.7910634270579243e-13, 1.7906531607754457e-13             
  113,    5, 4.0945850271724497e-08, 1.3588731124417800e-08, 1.7888482033641606e-13, 1.7967322169188640e-13             
  113,    6, 1.1411421623181101e-08,-4.4051056730139297e-08, 1.7790472706987308e-13, 1.8002936528918166e-13             
  113,    7,-4.2741462348054798e-08,-1.8965808439712300e-08, 1.8158678767802702e-13, 1.7773241858696050e-13             
  113,    8, 2.7521880592245001e-08,-1.1280794471249301e-08, 1.8018092370329071e-13, 1.7872062197590834e-13             
  113,    9, 2.3481794367753501e-08,-1.4012002099859400e-08, 1.7984372235363962e-13, 1.8042534613819095e-13             
  113,   10, 1.1331513195875000e-08, 2.3904027727539599e-08, 1.8103447294161274e-13, 1.7936395114462971e-13             
  113,   11, 5.3655396979902898e-09,-1.1179176195828701e-08, 1.7975449020404422e-13, 1.8248670939141326e-13             
  113,   12,-2.4365494928892999e-08,-1.0125265781830700e-08, 1.8138850928639095e-13, 1.8126546429247338e-13             
  113,   13,-4.3354025101189299e-09,-3.9644118621392499e-09, 1.8266626918087571e-13, 1.8330962580087150e-13             
  113,   14, 8.3563407703770608e-09, 4.7588702320428600e-09, 1.8475787812921633e-13, 1.8180060631604744e-13             
  113,   15, 1.4413627916676399e-08, 1.7909832473137300e-08, 1.8603044890368387e-13, 1.8426886800430732e-13             
  113,   16, 3.8475325194348201e-09,-3.6736031636833998e-08, 1.8635639418991068e-13, 1.8461422880303958e-13             
  113,   17,-1.2125563115878200e-08,-1.1374931422263701e-08, 1.8839215378594634e-13, 1.8701725648355990e-13             
  113,   18,-2.8149685409596602e-08,-1.9197813026245800e-08, 1.8881736165202750e-13, 1.8944277019902985e-13             
  113,   19,-1.1658539223449100e-08,-2.3923938500445299e-08, 1.8957135725791874e-13, 1.9125069334661302e-13             
  113,   20, 1.4018543542630900e-08, 9.5781458126507894e-09, 1.9255596457732525e-13, 1.9483475991634494e-13             
  113,   21, 1.1007087657870699e-08, 4.1163776072845500e-08, 1.9381172986436188e-13, 1.9408043529568233e-13             
  113,   22, 2.6190894534137500e-08,-5.9965659887660598e-09, 2.0077116158244743e-13, 1.9905488012823089e-13             
  113,   23,-7.8987725998869705e-08, 2.2869944554084899e-08, 1.9932431845899880e-13, 1.9700205782066232e-13             
  113,   24,-1.6456550074054501e-08, 4.3685945203259600e-09, 2.0636763114393098e-13, 2.0457220422309955e-13             
  113,   25, 1.9121146098738700e-08, 2.4900094981617501e-08, 2.0380678608836535e-13, 2.0322343842910637e-13             
  113,   26,-1.9657098132842900e-09,-3.1219886323078703e-08, 2.1191333474109453e-13, 2.1084331667383650e-13             
  113,   27,-6.1708004832658603e-09,-4.5030613821277898e-08, 2.0951444005014347e-13, 2.0988913266737401e-13             
  113,   28, 3.4032621128220002e-08, 1.7376087217214801e-08, 2.1827803677873489e-13, 2.1775793438171513e-13             
  113,   29, 1.8654068828804399e-08, 8.6112320816429594e-09, 2.1672043958076676e-13, 2.1827035745800612e-13             
  113,   30, 4.0947205400618803e-08,-3.5923705784421201e-09, 2.2512285974262719e-13, 2.2445511223181717e-13             
  113,   31,-1.2374076570440800e-08,-3.4936419774561402e-10, 2.2495700505191435e-13, 2.2580129175736638e-13             
  113,   32, 2.0771981692655799e-08, 2.8341508279729599e-08, 2.3155699548939438e-13, 2.3237532907995754e-13             
  113,   33,-3.1802589096996398e-08,-9.6870428457372593e-09, 2.3463016346372158e-13, 2.3351890249985009e-13             
  113,   34,-7.4355658074779196e-09, 2.9278467672195900e-08, 2.3909636536796386e-13, 2.3819016447621977e-13             
  113,   35, 1.6554471619987700e-08,-3.6818807600594801e-08, 2.4378114562551945e-13, 2.4328150687637864e-13             
  113,   36, 1.9030802300287102e-09, 5.4369995979520201e-08, 2.4477733802456804e-13, 2.4533130961931113e-13             
  113,   37, 2.0170057758985000e-08, 2.7942575440751099e-09, 2.5168213554813377e-13, 2.5200932389759369e-13             
  113,   38, 7.1304951475490099e-09,-2.7309841068996700e-08, 2.5156399959903574e-13, 2.5110596239064572e-13             
  113,   39,-1.4268461794997100e-08, 1.6005795992505299e-08, 2.6238632546519620e-13, 2.5987820286582082e-13             
  113,   40, 2.4583627744036799e-09, 2.3544840999255599e-08, 2.5894936296364640e-13, 2.5782692955939532e-13             
  113,   41, 9.2828613933810595e-09,-2.6903237604821999e-08, 2.7108454349802121e-13, 2.7073331760219501e-13             
  113,   42,-4.0439488922743901e-10,-2.1742046587846499e-08, 2.6584638753864046e-13, 2.6649844207484146e-13             
  113,   43,-2.9552668181471300e-08,-1.6145891006348300e-08, 2.7997604055212260e-13, 2.8172207789185702e-13             
  113,   44, 5.5905567587557700e-09,-9.1464420538540106e-09, 2.7385309735832103e-13, 2.7457531455490980e-13             
  113,   45, 2.5034858411469399e-08, 6.6470166771848700e-09, 2.9122615248780477e-13, 2.9071193574855919e-13             
  113,   46, 1.9537060726207199e-08,-2.5702067069874400e-08, 2.8431926415837149e-13, 2.8376518645147815e-13             
  113,   47, 1.3333155073744501e-08,-2.6497314325070900e-08, 3.0153709338769114e-13, 3.0015162637141756e-13             
  113,   48, 2.3692132149238802e-08,-7.7677135687700799e-10, 2.9427160328431293e-13, 2.9344435118853671e-13             
  113,   49,-1.3993031236645301e-08, 8.8031922786914796e-09, 3.1273533215602048e-13, 3.1215935683326526e-13             
  113,   50,-3.5068624821792597e-08,-4.7017499831801899e-09, 3.0548022471032841e-13, 3.0461259064012450e-13             
  113,   51, 2.0348995550625501e-08,-2.3620753494205599e-08, 3.2448553792094169e-13, 3.2330687978195013e-13             
  113,   52, 2.9716388744271599e-08,-1.7248704820747900e-08, 3.1749081366818744e-13, 3.1603719326869845e-13             
  113,   53,-2.9830695666551001e-08,-2.4413070190602100e-09, 3.3685954016995477e-13, 3.3562730242195233e-13             
  113,   54,-2.0549110903481300e-08, 1.3965109864280000e-08, 3.2841324878907162e-13, 3.2897025275678533e-13             
  113,   55, 1.9217128797225700e-08,-1.2126928047161301e-08, 3.4842864947791488e-13, 3.4899163662853735e-13             
  113,   56, 2.4516653098524400e-08, 9.6807504473810699e-09, 3.4063150312526631e-13, 3.4144474313688783e-13             
  113,   57,-2.6026779966423000e-08, 4.9514349588672699e-09, 3.6058596928864294e-13, 3.6302506749971595e-13             
  113,   58, 3.1636874119325297e-08,-3.9345626867132000e-08, 3.5497691585445003e-13, 3.5430530505251167e-13             
  113,   59, 3.8509937243043296e-09,-3.9698718438769598e-08, 3.7448914533725278e-13, 3.7496855686914948e-13             
  113,   60,-1.1780572729201300e-08, 1.1961226827219600e-08, 3.7036277943669952e-13, 3.6935793394576114e-13             
  113,   61,-6.8869560376812797e-08,-1.9163982349335799e-08, 3.8819013811617737e-13, 3.8745244381390135e-13             
  113,   62, 2.2383057778643200e-08,-4.9395156124343901e-09, 3.8513204860462458e-13, 3.8501450159592318e-13             
  113,   63,-4.3971842060172596e-09, 2.4499812753523300e-08, 4.0123086116438946e-13, 4.0273224870310205e-13             
  113,   64, 4.0341416555672001e-08, 2.6927807147301599e-09, 4.0250224885058613e-13, 4.0319454576270958e-13             
  113,   65,-5.6429356123041901e-08,-2.7174345610170000e-08, 4.1506242101730113e-13, 4.1607797435406688e-13             
  113,   66, 3.2293208953464103e-08,-1.8703749470649601e-08, 4.2047648693049527e-13, 4.2061169329448024e-13             
  113,   67, 6.4338234763672099e-09,-2.1489195452316299e-08, 4.2906314497751067e-13, 4.2961810570721393e-13             
  113,   68, 1.0932475514655400e-08, 6.8700636937946500e-09, 4.3993749654193658e-13, 4.3997258995513948e-13             
  113,   69,-2.9095223535544001e-08,-2.4284238247813800e-08, 4.4182962555135236e-13, 4.4236964224677120e-13             
  113,   70, 5.8263228770049397e-09,-4.7467265980004103e-08, 4.6043783438740919e-13, 4.6013775508699902e-13             
  113,   71, 1.2181561967871099e-08,-1.4687178498197600e-08, 4.5687259116240146e-13, 4.5653274806872153e-13             
  113,   72,-9.6232425220992607e-09, 3.0497814614651701e-08, 4.8304442246875983e-13, 4.8271024803087526e-13             
  113,   73, 5.5397296350901697e-09, 2.3496160274396299e-08, 4.7153548014519421e-13, 4.7150827957863815e-13             
  113,   74, 2.8909530434016001e-08,-4.7074315773991003e-09, 5.0594202059446799e-13, 5.0558044783325007e-13             
  113,   75, 7.8737218356010302e-09,-1.6273572138134900e-09, 4.8643372812309119e-13, 4.8841203397754234e-13             
  113,   76, 1.5769826433576600e-08, 2.8755382542600499e-08, 5.2836917219694999e-13, 5.3084125227620455e-13             
  113,   77, 3.5068240869012801e-08,-1.7726848848678301e-08, 5.0295798202890632e-13, 5.0431179783619652e-13             
  113,   78,-2.3625190751480701e-08,-2.5262842427995000e-08, 5.5318586495179446e-13, 5.5340851921826997e-13             
  113,   79,-3.7914188519607198e-08,-1.0712918496799600e-08, 5.2297010318153798e-13, 5.2201713190049515e-13             
  113,   80, 1.3350319794593400e-08, 3.7473972338861598e-08, 5.7578911921737341e-13, 5.7599778079107824e-13             
  113,   81,-2.2646980952356301e-08, 1.3477669565309900e-08, 5.4274156719601062e-13, 5.4355475018669923e-13             
  113,   82, 6.9016930539274603e-09,-4.1363637977818602e-10, 5.9872215595627236e-13, 5.9797748556137431e-13             
  113,   83,-2.0341719407785901e-08, 2.6423446207498000e-08, 5.6935305638521388e-13, 5.6902534351433863e-13             
  113,   84, 1.3744255414295100e-08,-6.4471685075021598e-09, 6.1744966489830908e-13, 6.1727695620143144e-13             
  113,   85, 8.7528296086800406e-09,-1.6744949734283401e-08, 5.9870817990099205e-13, 5.9985099945600989e-13             
  113,   86,-3.2409997794300103e-08, 5.2370732815086299e-08, 6.3302898069452176e-13, 6.3266590783337811e-13             
  113,   87, 1.8091975519281102e-08, 4.0710562070466298e-08, 6.3574378610949045e-13, 6.3443147277219925e-13             
  113,   88,-4.9683308582099800e-09,-1.5674414399339299e-08, 6.4564566305562950e-13, 6.4554140268287741e-13             
  113,   89,-2.2132433164530699e-08,-9.7750135493080899e-09, 6.7529684691942416e-13, 6.7505504462168945e-13             
  113,   90,-7.4218764809290894e-11,-3.4581054239665803e-08, 6.5662300020947390e-13, 6.5857927821003036e-13             
  113,   91, 3.8453045616794600e-08, 6.0770893555119601e-10, 7.1594207371292430e-13, 7.1832789713420432e-13             
  113,   92, 1.6263424983002498e-08,-2.5235376742371102e-09, 6.7332063582892731e-13, 6.7518353468956863e-13             
  113,   93, 2.6304786432089199e-08, 1.4136545779369001e-08, 7.5619620273745485e-13, 7.5670047920030892e-13             
  113,   94,-2.7990336034599201e-08, 9.7333675091814896e-09, 7.0206863842104065e-13, 7.0114490257975599e-13             
  113,   95,-2.7485289316532901e-08, 5.7808257321349904e-09, 7.9131036797166616e-13, 7.8972472385158361e-13             
  113,   96, 4.6000623605568297e-08,-1.3078614958580900e-08, 7.4663300211193209e-13, 7.4499019831050173e-13             
  113,   97, 5.1655610629541903e-08, 1.0308718900606500e-08, 8.1466261698305061e-13, 8.1394222334103065e-13             
  113,   98,-2.1591910912111799e-08, 5.3507973650332402e-08, 8.1429127178178071e-13, 8.1208627579185963e-13             
  113,   99, 2.3517264789958798e-09,-5.8880842938214000e-09, 8.2725686320203426e-13, 8.2745539276451432e-13             
  113,  100, 4.7190476058446401e-10, 2.4609802616866901e-08, 8.9901745389329305e-13, 9.0079085576143659e-13             
  113,  101,-3.7179786969975297e-08,-3.8070080660924001e-08, 8.4668818982544307e-13, 8.4512293992603997e-13             
  113,  102,-2.6221178298461999e-08, 2.2842520767031801e-08, 9.8785961891521254e-13, 9.8799283738707746e-13             
  113,  103, 2.0460053568355798e-08, 6.3621758629010605e-08, 9.0450007230176731e-13, 9.0199703868534376e-13             
  113,  104, 1.8321333810265199e-08, 9.0355647900723893e-09, 1.0513667201686484e-12, 1.0503784501033674e-12             
  113,  105,-2.3151815811974599e-08, 4.2709268456389903e-08, 1.0359841112861455e-12, 1.0381915778228782e-12             
  113,  106, 6.0424511464045101e-09,-6.2524083161807502e-09, 1.0550041447122429e-12, 1.0538236825453935e-12             
  113,  107, 3.8075788804250301e-08,-3.2587042817549298e-09, 1.2655229518127071e-12, 1.2670815127964259e-12             
  113,  108, 2.0940019015312801e-08, 1.4539884281261099e-08, 1.0272263493999957e-12, 1.0273825898898685e-12             
  113,  109,-3.3507001071119997e-08,-6.4927750284858198e-09, 1.5214724391496164e-12, 1.5221989501402236e-12             
  113,  110,-1.6136220995394199e-08,-1.9501206677039301e-08, 1.2037680869850590e-12, 1.2058760940596243e-12             
  113,  111,-1.0710983780695600e-08, 1.6161566024155600e-08, 1.6592373710921462e-12, 1.6551331236536537e-12             
  113,  112,-1.4429009012527200e-08, 1.6279154026591401e-08, 1.9568731949720846e-12, 1.9506839011020741e-12             
  113,  113,-6.7364580112665204e-09,-4.6316483142191498e-10, 2.4346279214420491e-12, 2.4281125694437060e-12             
  114,    0,-3.3955465669647399e-09, 0.0000000000000000e+00, 1.8222928627024286e-13, 0.0000000000000000e+00             
  114,    1, 7.3625330301728699e-09, 8.9880590004559103e-09, 1.8448231573731525e-13, 1.8050696646336072e-13             
  114,    2, 1.8108262792130601e-08, 1.9277670006732800e-08, 1.8443612193880817e-13, 1.8015768347384921e-13             
  114,    3, 6.7531191465979402e-09, 7.1254709189432298e-09, 1.7899067067147789e-13, 1.8607630649131340e-13             
  114,    4,-1.2060343316893201e-08,-3.9780940422553898e-08, 1.8194268910490484e-13, 1.8288967898032314e-13             
  114,    5, 2.3878023807486998e-08, 2.9208557980533699e-09, 1.8215011488270257e-13, 1.8345516034221081e-13             
  114,    6, 1.3208250957532601e-08,-1.7198316997562201e-08, 1.8123881605057477e-13, 1.8500361877912062e-13             
  114,    7, 4.9916977674258501e-08, 1.8467304376355301e-08, 1.8509152111602732e-13, 1.8097846708933107e-13             
  114,    8,-1.0951861621472399e-08,-3.4509872748149800e-08, 1.8392271569761520e-13, 1.8268921812439678e-13             
  114,    9,-2.7650166327975299e-09, 2.1961064923344400e-08, 1.8399773855528423e-13, 1.8355052725908948e-13             
  114,   10, 1.9512334391997799e-08,-2.0950144685409501e-08, 1.8438741501725753e-13, 1.8295170923608035e-13             
  114,   11,-3.2340383735823500e-08,-1.3872382895561200e-08, 1.8349248440647631e-13, 1.8597650623797239e-13             
  114,   12,-2.0182122651419399e-09,-2.1118862483279199e-08, 1.8505696764553227e-13, 1.8498594015349042e-13             
  114,   13, 1.7842857222513101e-08,-1.0200799473398600e-10, 1.8598403608904395e-13, 1.8658506360827053e-13             
  114,   14,-2.1590572331222599e-08,-4.4875242362910198e-09, 1.8874253004558672e-13, 1.8614194214617547e-13             
  114,   15,-6.2124472613516501e-09, 1.6135034173076799e-08, 1.8872791505434078e-13, 1.8760782915055965e-13             
  114,   16,-2.7483159893927199e-08,-4.6351928154406002e-10, 1.9224163967695086e-13, 1.8961637513758719e-13             
  114,   17,-1.6491147647557200e-08, 5.4104530036129201e-08, 1.9068374555966905e-13, 1.8975929496484566e-13             
  114,   18, 1.7683294975410999e-08, 2.1042164031901501e-08, 1.9523741356509465e-13, 1.9508557258305479e-13             
  114,   19, 2.1376004163593601e-08, 1.6848642094113500e-09, 1.9245962361692789e-13, 1.9408450262546388e-13             
  114,   20,-3.7660094632781498e-09, 1.4978348587740401e-08, 1.9932211792010206e-13, 2.0146308711619269e-13             
  114,   21, 1.7211045343435301e-08, 2.4485111781461701e-08, 1.9706368825150922e-13, 1.9738666543620175e-13             
  114,   22,-5.1681968734508599e-08,-2.9279192376919201e-08, 2.0786676410944470e-13, 2.0610748712877577e-13             
  114,   23, 2.8133694156111501e-08, 9.1464585027194392e-09, 2.0331580337446249e-13, 2.0051542074350673e-13             
  114,   24, 6.0976663398755696e-09,-3.3521333764616598e-08, 2.1406521921274316e-13, 2.1271675498674977e-13             
  114,   25, 1.0311606868130300e-08,-3.1985433025791803e-08, 2.0643529516166597e-13, 2.0600400784287132e-13             
  114,   26, 3.0284349199962400e-08, 1.0753979687516099e-08, 2.2097161747206908e-13, 2.2031516432434775e-13             
  114,   27, 7.6556339566606808e-09, 3.4737096350824900e-08, 2.1186451958763018e-13, 2.1208012048066622e-13             
  114,   28,-1.5517882233672401e-08, 1.6470281039893501e-09, 2.2822609583451705e-13, 2.2762243061895145e-13             
  114,   29, 1.6293589852093600e-08,-1.1432959098747199e-08, 2.1832731041046496e-13, 2.1981553412174476e-13             
  114,   30,-4.6651099199883497e-08, 6.8838546504669300e-09, 2.3560576154934998e-13, 2.3500692172193651e-13             
  114,   31,-1.1360636625505199e-08, 1.5601061671048500e-08, 2.2645159778963060e-13, 2.2839204010998512e-13             
  114,   32,-4.4664863150456903e-08,-2.2652203483984999e-08, 2.4266223286753798e-13, 2.4352450684402734e-13             
  114,   33,-4.9095599009721198e-08, 1.0377230630608599e-08, 2.3549188851326062e-13, 2.3494064522897584e-13             
  114,   34, 3.7980554887400299e-08,-1.7001522189573900e-08, 2.4987389880756927e-13, 2.4968110313342916e-13             
  114,   35, 2.6350858897694001e-08,-5.9105524122136704e-10, 2.4394977349697335e-13, 2.4482126796368666e-13             
  114,   36, 2.8620048569740601e-08,-9.8813815842873504e-09, 2.5661524189765529e-13, 2.5683669232905169e-13             
  114,   37,-3.0889589920938902e-09,-6.3499988408020101e-08, 2.5314531073605391e-13, 2.5381737828850562e-13             
  114,   38, 4.9885554186021502e-08, 8.5867394701989100e-09, 2.6379168799866682e-13, 2.6235630702121470e-13             
  114,   39, 6.5195137521099602e-09, 8.9343679637048804e-09, 2.6386845101925406e-13, 2.6104728404350190e-13             
  114,   40,-1.6372966122345501e-08, 4.1055528771258300e-09, 2.7092592193497328e-13, 2.6927656806668210e-13             
  114,   41, 8.7901511561107395e-09, 2.2273338382492099e-08, 2.7235274772563118e-13, 2.7206236147792400e-13             
  114,   42,-1.7549128442803501e-08, 8.2192913760970703e-09, 2.7732194724727246e-13, 2.7818662813603150e-13             
  114,   43,-7.1160778816101403e-09,-2.2167990772517401e-09, 2.8175237239845411e-13, 2.8350944099723976e-13             
  114,   44, 1.8868291371146201e-08, 2.5384331800495899e-08, 2.8642229075977896e-13, 2.8707072560108679e-13             
  114,   45,-2.8407909179117299e-08, 2.6081766919146500e-08, 2.9331328348736267e-13, 2.9307915630796208e-13             
  114,   46, 1.0220334866184900e-08,-1.8532911435634298e-08, 2.9658964363005997e-13, 2.9575721464381642e-13             
  114,   47, 2.2105307980235000e-08, 3.8315801545970501e-08, 3.0527192916520322e-13, 3.0345827570370034e-13             
  114,   48,-4.9212587859188296e-09,-2.8367203708368598e-08, 3.0738154177911151e-13, 3.0643472019135917e-13             
  114,   49,-9.1162412630300901e-09,-4.2584187206142502e-09, 3.1659804137254208e-13, 3.1628621766463871e-13             
  114,   50, 1.9873114433729099e-08, 2.4953362602774501e-08, 3.1883328179605860e-13, 3.1861485137572017e-13             
  114,   51, 5.3981190188578399e-08, 1.9128772198981799e-08, 3.2977521898936862e-13, 3.2833962707183175e-13             
  114,   52, 3.2813391711599500e-09, 2.9874550862701201e-08, 3.3219906248702275e-13, 3.3045115112406962e-13             
  114,   53,-2.9971011103767503e-08, 3.9357261661941401e-09, 3.4364388151753195e-13, 3.4177608230017202e-13             
  114,   54,-1.5645663281418600e-09, 3.4997852456710701e-08, 3.4434893060800337e-13, 3.4433468626769964e-13             
  114,   55, 1.0533756273848900e-08,-1.4922562226559201e-08, 3.5575843216760931e-13, 3.5586841299804131e-13             
  114,   56,-3.3551937723884000e-09,-1.4642565780385301e-08, 3.5772104965475344e-13, 3.5859101250218788e-13             
  114,   57,-3.9907141887138002e-08, 4.0749546929138900e-08, 3.6981855266478577e-13, 3.7139329374608637e-13             
  114,   58, 2.2734341317282299e-08,-2.0501354931757001e-08, 3.7255839472293142e-13, 3.7199290510249216e-13             
  114,   59, 1.0662888600201399e-09, 5.9032996818941300e-08, 3.8521910718164618e-13, 3.8578240987049176e-13             
  114,   60,-3.0596545381004297e-08, 4.7586386764203201e-08, 3.8715404431102589e-13, 3.8566541652014487e-13             
  114,   61, 4.8849532150603099e-09, 8.2338799429439195e-09, 4.0337029088180494e-13, 4.0211218872726793e-13             
  114,   62, 2.8751958223255198e-08, 5.4805341137995001e-08, 4.0170545604186034e-13, 4.0104515808143091e-13             
  114,   63,-4.0345030919784797e-08,-5.1724435037496898e-09, 4.1877391541520130e-13, 4.1984191887352608e-13             
  114,   64, 9.7617176708848304e-10,-3.6273766179975002e-08, 4.1657482929063225e-13, 4.1694304614227649e-13             
  114,   65,-3.8016757993931397e-09, 2.5464550065861701e-08, 4.3866618421686225e-13, 4.3858292238104895e-13             
  114,   66, 5.9855544670580103e-09,-1.1677215695142801e-10, 4.3213569783848594e-13, 4.3240402776645114e-13             
  114,   67, 1.7032003134309201e-08, 8.8309992287644295e-09, 4.5782262997750114e-13, 4.5811211779882698e-13             
  114,   68,-1.6338269418510701e-08,-1.4053723297220800e-08, 4.4778886926374111e-13, 4.4793901451673590e-13             
  114,   69,-1.7556952797617800e-08, 1.0865252066482500e-08, 4.7826083013695235e-13, 4.7835307660402047e-13             
  114,   70, 3.4781537332124399e-08, 3.5748403085982503e-08, 4.6262244129354237e-13, 4.6258821183791303e-13             
  114,   71, 1.1849759504678900e-08,-8.0011504871373497e-09, 5.0117576115271884e-13, 4.9989576938299734e-13             
  114,   72,-1.1023752257913800e-08,-1.9803811361357801e-09, 4.7922574655928341e-13, 4.7861590754460046e-13             
  114,   73, 3.5781155922528598e-08,-1.1499618515338400e-08, 5.2399143912691694e-13, 5.2381991428691019e-13             
  114,   74,-3.4020299881523199e-09, 1.4372485963309000e-08, 4.9567742651086951e-13, 4.9560549111665696e-13             
  114,   75,-8.6543267073220597e-09, 1.2609993031930000e-08, 5.4760912570549865e-13, 5.4973838953853726e-13             
  114,   76, 4.7516948988833699e-08,-9.7876956462429997e-09, 5.1175129411464686e-13, 5.1441672376793272e-13             
  114,   77,-2.8239167201654099e-08,-7.7900446644988407e-09, 5.7235363566907960e-13, 5.7336915474504063e-13             
  114,   78, 1.1135186136248001e-08, 1.9332085948527799e-09, 5.3168178403350056e-13, 5.3208793317185391e-13             
  114,   79,-1.3109538038054900e-08,-2.0851044943689700e-08, 5.9798884202497441e-13, 5.9627069755301511e-13             
  114,   80, 2.6740836126981900e-08,-6.9123856278479103e-09, 5.5329393553277892e-13, 5.5280893341213838e-13             
  114,   81,-1.4747476967323100e-08, 1.7228831994899801e-08, 6.1890515826433531e-13, 6.1999662977356910e-13             
  114,   82, 2.7903408469916902e-08,-9.1398491742276296e-10, 5.7765305304589895e-13, 5.7668080749925708e-13             
  114,   83, 1.0929829982463499e-08, 7.1732909743218397e-09, 6.4219905175269352e-13, 6.4256190018888539e-13             
  114,   84,-8.3147997469987193e-09,-2.7072101268893701e-08, 6.0675530240404399e-13, 6.0682154326095200e-13             
  114,   85, 2.6118630216470399e-08, 5.4113866230852597e-08, 6.5919923414198914e-13, 6.6160314207919152e-13             
  114,   86, 2.7803333640231998e-08,-3.3031969990729699e-08, 6.4020836236661099e-13, 6.3976647023366888e-13             
  114,   87, 7.1812497284399097e-09,-4.7027722482590001e-08, 6.7564638493265654e-13, 6.7412987101907284e-13             
  114,   88,-4.1694052430617302e-10,-2.3974265612636801e-08, 6.7907975921800889e-13, 6.7725896491318937e-13             
  114,   89,-1.2921327737421301e-08, 3.7334181241200799e-09, 6.8765569075395158e-13, 6.8731828782025184e-13             
  114,   90, 2.6858910547459900e-08, 2.8322730161627698e-08, 7.1985732550080484e-13, 7.2119470164990702e-13             
  114,   91,-1.6718118492744300e-08,-3.9514902257979601e-09, 6.9776146812585930e-13, 6.9962376849910018e-13             
  114,   92, 1.9641134258371899e-09,-2.0872416742408599e-08, 7.6500790259243270e-13, 7.6493868313848859e-13             
  114,   93,-1.6616044270884801e-08, 2.6264543418275100e-08, 7.1343321106348773e-13, 7.1310554340575295e-13             
  114,   94, 4.2708788263272498e-09,-1.9200149035203501e-08, 8.0811255293082535e-13, 8.0828543407411010e-13             
  114,   95,-9.9275492906548194e-09, 5.3761025252864103e-08, 7.4030520334405207e-13, 7.3926941916880735e-13             
  114,   96,-3.0745783756334601e-09, 4.5783445635071098e-08, 8.4697911303871166e-13, 8.4512611683242210e-13             
  114,   97,-2.9849163326247102e-08,-2.5875939410829200e-09, 7.8192050236904522e-13, 7.8216061209355354e-13             
  114,   98,-4.6875808990282803e-08, 5.2064070419444002e-09, 8.7584691332028234e-13, 8.7508777644515732e-13             
  114,   99, 4.5688061367937303e-08,-5.7579471967878599e-08, 8.4846968721550403e-13, 8.4855096189690062e-13             
  114,  100, 5.2057183768579599e-10,-3.9978170146636197e-08, 8.9370953587845647e-13, 8.9399986894770834e-13             
  114,  101, 5.7079781202900400e-09,-1.7648642343845299e-08, 9.3464282782021430e-13, 9.3634354518587594e-13             
  114,  102, 3.1036761156136801e-08, 1.3903543583031200e-08, 9.1993295040504121e-13, 9.1835826525472181e-13             
  114,  103, 1.0366305323981800e-08,-1.1889819059324400e-08, 1.0237435953561403e-12, 1.0216607375284894e-12             
  114,  104, 2.9587698521097600e-08,-1.5310534129369699e-08, 9.8324654418070149e-13, 9.8259058282268228e-13             
  114,  105,-1.8971651922391299e-08,-5.2760706233312701e-08, 1.0838402849083914e-12, 1.0841542321674760e-12             
  114,  106, 4.0604276783747297e-08,-1.3766870695527200e-08, 1.1233559657999620e-12, 1.1225460991297542e-12             
  114,  107,-1.1089036579132501e-08, 6.7989627658588001e-09, 1.0876817520694004e-12, 1.0875797041513658e-12             
  114,  108,-6.7224456720675702e-08, 1.7354617733766600e-09, 1.3553646556610166e-12, 1.3551755061091997e-12             
  114,  109, 9.6522769711318102e-09, 2.5896113710323099e-08, 1.0616257257865457e-12, 1.0573408887321424e-12             
  114,  110, 5.3233468173415697e-08,-4.4471175316005799e-08, 1.6162758160212906e-12, 1.6194989295934734e-12             
  114,  111, 2.0801879685752399e-08,-1.0684318722406400e-09, 1.2325794116422451e-12, 1.2335291983301661e-12             
  114,  112,-2.6319907706992501e-08, 8.8328914753639298e-09, 1.7736392140305380e-12, 1.7745954409982431e-12             
  114,  113, 1.6432297684574400e-08, 2.0771732430409601e-08, 1.9827486423005639e-12, 1.9828028210510927e-12             
  114,  114, 1.3432163788310100e-08, 2.7390861450704199e-08, 2.6006919171897645e-12, 2.6005972900175089e-12             
  115,    0, 1.9715889635446399e-09, 0.0000000000000000e+00, 1.8587386401895534e-13, 0.0000000000000000e+00             
  115,    1,-2.5121173156544501e-12,-7.1267019197440303e-09, 1.8838536536472610e-13, 1.8385262945714353e-13             
  115,    2,-3.5100770034925098e-08,-4.0597372632058998e-09, 1.8833655675020611e-13, 1.8361337653863000e-13             
  115,    3,-4.9612963100352897e-09,-1.8733393565899201e-08, 1.8282535591286441e-13, 1.8946753380079725e-13             
  115,    4, 3.8895081840877997e-08,-3.3735830566780202e-08, 1.8602773501841653e-13, 1.8645062439556148e-13             
  115,    5,-1.6081652374214801e-08,-1.4803039417815999e-08, 1.8517548158095178e-13, 1.8748030031584360e-13             
  115,    6,-4.7111201034278201e-09, 2.4566970996754499e-08, 1.8622549284436083e-13, 1.8775449670248501e-13             
  115,    7,-1.2423639425920901e-08,-5.9123034250892301e-08, 1.8854874937041423e-13, 1.8495536610466255e-13             
  115,    8,-1.1712324154749601e-08, 2.3342387740057599e-08, 1.8721537442371006e-13, 1.8636961818380679e-13             
  115,    9, 2.5476447019438999e-08, 4.2176441634769500e-08, 1.8801004929525270e-13, 1.8716850705934862e-13             
  115,   10, 1.5930084458619201e-08, 3.3487726785039897e-08, 1.8807045612638919e-13, 1.8686885705635141e-13             
  115,   11, 1.0053526369191699e-08,-2.3213933873698799e-08, 1.8707560151026048e-13, 1.8976044544678586e-13             
  115,   12, 1.4481781851223501e-09, 1.4315216916995700e-08, 1.8818492163650503e-13, 1.8826829470348077e-13             
  115,   13, 6.4434713274836796e-10, 6.0875024816247798e-09, 1.8949558711632138e-13, 1.9017759440099614e-13             
  115,   14, 2.1880585439380100e-08, 1.2785387867882901e-08, 1.9151491690459097e-13, 1.8862937969548102e-13             
  115,   15, 2.6058174419039799e-08,-1.1922788581353000e-09, 1.9250779770405343e-13, 1.9118942546939785e-13             
  115,   16, 9.4837078852646892e-09,-4.1803043961587001e-09, 1.9380471073529338e-13, 1.9155982150718980e-13             
  115,   17, 1.3617811121504401e-08,-5.6462142458758099e-08, 1.9445956298043445e-13, 1.9356240849600808e-13             
  115,   18,-3.3867885281327600e-09,-3.8020264200290897e-08, 1.9496540384510043e-13, 1.9594455291672681e-13             
  115,   19,-3.0198805130363101e-08, 3.0914344309100201e-08, 1.9583575221383332e-13, 1.9748930827178093e-13             
  115,   20,-2.3104259353373202e-08,-7.9607165684874593e-09, 1.9816404353615306e-13, 2.0052411469787350e-13             
  115,   21, 3.3746013052657098e-08,-4.2702317604433201e-08, 1.9994931598768894e-13, 2.0010895659345161e-13             
  115,   22,-2.5543798139084198e-08,-5.0535224891398896e-09, 2.0577569122985908e-13, 2.0393175900504350e-13             
  115,   23,-7.5552768028848397e-09, 8.6157064651567405e-09, 2.0464183109250941e-13, 2.0288872209126285e-13             
  115,   24,-1.8319586722906501e-09,-1.7468732647474301e-08, 2.1120484823851850e-13, 2.0883791815218493e-13             
  115,   25,-3.9122969891049999e-09, 3.0930324261799703e-08, 2.0898986786812177e-13, 2.0814215526064402e-13             
  115,   26, 1.8022014925068698e-08,-1.4379366356523400e-08, 2.1715838689699658e-13, 2.1598708970577203e-13             
  115,   27,-2.9906416599809497e-08, 2.4010710864465000e-08, 2.1441903535358557e-13, 2.1507462059361090e-13             
  115,   28, 2.9456512165656699e-08,-1.5991430518821099e-08, 2.2318188811697765e-13, 2.2255802679471463e-13             
  115,   29,-1.4081191442888101e-08, 2.2680997600088100e-08, 2.2059860952767719e-13, 2.2144105488321116e-13             
  115,   30,-5.0804980029031999e-08,-1.0311994821817400e-09, 2.2934840335970822e-13, 2.2867030305940287e-13             
  115,   31,-8.9154356936224497e-10,-2.0571296343793400e-08, 2.2884659934448076e-13, 2.2953145914568403e-13             
  115,   32,-4.4036048637170102e-09, 1.1121037828983600e-10, 2.3547715558264927e-13, 2.3590215473601327e-13             
  115,   33, 2.2364720886802000e-08,-5.7246212490789303e-09, 2.3721081844456959e-13, 2.3677684035112554e-13             
  115,   34, 1.1027610540249900e-08, 8.6499708661675705e-09, 2.4247881034368293e-13, 2.4179359425374752e-13             
  115,   35,-3.3655895386869702e-08, 2.8550507822669100e-08, 2.4618766064425114e-13, 2.4645111128406900e-13             
  115,   36, 2.9131728612520601e-08, 1.9169498546189600e-08, 2.4825250811300987e-13, 2.4942055208238077e-13             
  115,   37,-3.6617949341702201e-08,-3.6725476282726898e-08, 2.5493857411094650e-13, 2.5495605315862087e-13             
  115,   38,-3.0622928031711298e-08, 1.4036387098977899e-08, 2.5479458594799600e-13, 2.5464807789201404e-13             
  115,   39,-2.2899153641031799e-08, 6.0393898877433403e-09, 2.6499168792517551e-13, 2.6215692000385334e-13             
  115,   40, 2.7457108123486201e-08, 2.7103951464134999e-08, 2.6175838327848159e-13, 2.6039174870284818e-13             
  115,   41,-7.3456509346650397e-09,-3.1473270161545899e-08, 2.7302400840210683e-13, 2.7281533229329621e-13             
  115,   42,-1.5937575781234499e-08,-1.8277880303367201e-08, 2.6790029985889545e-13, 2.6855825415647304e-13             
  115,   43, 4.3165149521386398e-09,-9.0586678669669495e-09, 2.8146462588678744e-13, 2.8355026134949273e-13             
  115,   44,-1.2162963847285700e-08,-4.9746390817550896e-09, 2.7545737623365226e-13, 2.7625641813581474e-13             
  115,   45, 3.6565987046201502e-08, 1.4514668369566900e-08, 2.9289631348293077e-13, 2.9213211075837526e-13             
  115,   46, 1.2715973837219200e-08, 2.8619298714949199e-08, 2.8500693317734437e-13, 2.8446445331695556e-13             
  115,   47,-2.8504248032523499e-08,-5.5527816616720297e-09, 3.0297824385917192e-13, 3.0183085734484339e-13             
  115,   48, 3.7376588849476398e-08,-1.6989407055841800e-08, 2.9519620995587736e-13, 2.9433638513231012e-13             
  115,   49,-1.6499276253994400e-08, 2.6858575885726100e-08, 3.1267459001757755e-13, 3.1299140196081262e-13             
  115,   50, 1.4651027551490900e-08, 1.9909591724321901e-08, 3.0513451640047528e-13, 3.0463054627910770e-13             
  115,   51,-2.9821266535813400e-08,-1.0505884401124599e-08, 3.2528498585060459e-13, 3.2440765048083638e-13             
  115,   52,-8.0087892259816104e-09, 1.4003544626509600e-08, 3.1689998575716017e-13, 3.1531536553519427e-13             
  115,   53, 2.2640893312710800e-08,-3.3603412725432599e-09, 3.3686597650896071e-13, 3.3577827447328974e-13             
  115,   54, 9.6010089310441696e-10,-3.4342303561459102e-08, 3.2760989021935413e-13, 3.2810692448137381e-13             
  115,   55, 9.6918009983787801e-09,-1.3083479277098200e-08, 3.4865574936459273e-13, 3.4933425696789672e-13             
  115,   56,-1.7153902930513501e-08,-2.4552032860602602e-11, 3.3962148141616896e-13, 3.4047366014977733e-13             
  115,   57, 2.9003041653466200e-08,-3.1875404544319997e-08, 3.6021019719011709e-13, 3.6239061466214257e-13             
  115,   58,-2.4463011187107800e-09,-1.1149790788121000e-08, 3.5265238645307402e-13, 3.5213203488758849e-13             
  115,   59, 1.0335227709872301e-08, 8.8378014248387207e-09, 3.7423486067002934e-13, 3.7482674053613995e-13             
  115,   60,-9.3615838881477007e-09,-1.3229760673611699e-08, 3.6685161827619194e-13, 3.6594325291955009e-13             
  115,   61,-2.1373964005382701e-08, 1.9302464461277700e-09, 3.8812828188398724e-13, 3.8682242608649138e-13             
  115,   62, 2.5277653063718399e-08,-2.5918126998743299e-08, 3.8182530834706731e-13, 3.8136369936995744e-13             
  115,   63,-2.0671633721499300e-08, 3.2777994715143699e-09, 4.0025832474947731e-13, 4.0170434844345337e-13             
  115,   64, 3.1017081879392903e-08, 3.1825944349127597e-08, 3.9703824995246891e-13, 3.9724145382078316e-13             
  115,   65, 1.1420940743288799e-08,-4.1000615441069700e-08, 4.1478389091730990e-13, 4.1526885728928499e-13             
  115,   66, 2.6524457513764099e-08, 3.5936949604356802e-09, 4.1539368498940387e-13, 4.1530198454642767e-13             
  115,   67,-9.1160923993082008e-09,-2.1238606633007699e-08, 4.2835356598503483e-13, 4.2931421259144670e-13             
  115,   68, 7.2400112902703800e-08, 2.7600137403284800e-08, 4.3288209316624032e-13, 4.3312859579996337e-13             
  115,   69,-1.3565092272554300e-08,-1.8130820737272899e-09, 4.4189626743059122e-13, 4.4292590286833927e-13             
  115,   70, 1.2402502061359800e-08,-5.0327548508123399e-08, 4.5320934284700354e-13, 4.5303960878734087e-13             
  115,   71,-4.2415114861349799e-08,-4.7598573818443297e-08, 4.5561613489587662e-13, 4.5521013095556410e-13             
  115,   72, 2.5428166818875201e-08, 3.7412714068009798e-08, 4.7416512038483877e-13, 4.7350036694346184e-13             
  115,   73, 2.7539298197512699e-08, 1.0029472123472701e-09, 4.7015995589334911e-13, 4.7008670249594165e-13             
  115,   74, 1.2257862681208400e-10, 1.2365428223684400e-08, 4.9692847645057057e-13, 4.9675072313549753e-13             
  115,   75,-4.3052306711628297e-08,-3.5341681931922603e-08, 4.8399158213598793e-13, 4.8568896180731250e-13             
  115,   76,-2.2652204264364401e-08,-4.0589303192540501e-09, 5.1889641147969472e-13, 5.2162594319254151e-13             
  115,   77,-4.0164886720757897e-08, 9.7553912520986302e-09, 4.9987518588125433e-13, 5.0124709310110230e-13             
  115,   78, 2.8701391867738399e-08,-2.9908357766345902e-08, 5.4414829521263292e-13, 5.4470143067836348e-13             
  115,   79,-1.5369250763054898e-08,-1.7557794004636001e-08, 5.1717086288321909e-13, 5.1609419912958605e-13             
  115,   80,-2.7183417630974701e-08, 2.1050050595713301e-08, 5.6851865602361193e-13, 5.6845778352871973e-13             
  115,   81,-4.1914110753879999e-08,-4.1322528463617601e-08, 5.3497763607418403e-13, 5.3559812148773093e-13             
  115,   82,-6.1774540980286198e-09, 1.1340665297684000e-08, 5.9211633256740600e-13, 5.9124436069891267e-13             
  115,   83,-3.9114556093597002e-08,-2.4001250719114301e-08, 5.5629008396787779e-13, 5.5590251962405558e-13             
  115,   84,-1.5957680834102698e-08, 2.7354651962879702e-08, 6.1428967889373576e-13, 6.1404559801420247e-13             
  115,   85, 4.7181442207230102e-09, 1.5338082896536101e-08, 5.8190232819065161e-13, 5.8302133109675251e-13             
  115,   86,-1.8007308695567600e-08,-1.0402859897862099e-08, 6.3303509023125091e-13, 6.3310395150469228e-13             
  115,   87,-2.5155817248210999e-08, 3.9640224420463603e-08, 6.1348944158397539e-13, 6.1243605061799874e-13             
  115,   88, 1.1223011572797799e-08, 2.8937171290148298e-08, 6.4853235064300318e-13, 6.4750548639185995e-13             
  115,   89,-1.9674571156298002e-08, 1.0933521363216800e-08, 6.4955025046648144e-13, 6.4952647906048447e-13             
  115,   90, 4.6663594920916001e-08,-1.9667189741996101e-08, 6.5912117275800994e-13, 6.6128339014113673e-13             
  115,   91,-3.2157625488776801e-08, 6.1660167133646297e-09, 6.8934769557738038e-13, 6.9178301488462663e-13             
  115,   92, 2.0966897948386400e-08, 3.1825146454034100e-08, 6.7090133208337504e-13, 6.7209749405406885e-13             
  115,   93, 2.8127237309325001e-08, 3.7384613584737501e-08, 7.3301082916797721e-13, 7.3352107959854654e-13             
  115,   94, 1.1443787400547501e-08,-3.2954645725138503e-08, 6.8813898450804214e-13, 6.8715663649911969e-13             
  115,   95,-7.0913812550108901e-09,-5.7092218710968904e-10, 7.7415725624015475e-13, 7.7282258831844686e-13             
  115,   96,-5.4897667678698698e-09,-3.7708488970049699e-08, 7.1553499103851895e-13, 7.1387594157022133e-13             
  115,   97,-4.2103965685056898e-08,-4.5474720039870700e-08, 8.0877849538802062e-13, 8.0772775577839441e-13             
  115,   98, 1.2035604027184600e-08,-2.8727791935607901e-08, 7.6063549506388866e-13, 7.5841909255730976e-13             
  115,   99, 4.3621700692114600e-09,-1.8377650966546300e-08, 8.3144267313685925e-13, 8.3234094810894043e-13             
  115,  100,-3.9463854788058399e-08, 1.9781911198249000e-08, 8.2792339937882564e-13, 8.2904575552875885e-13             
  115,  101,-1.0036278634040400e-08, 2.9706266707564099e-08, 8.4556679752959003e-13, 8.4330396942821108e-13             
  115,  102, 9.7163517716893692e-10,-1.4026867045898000e-09, 9.1723964160406027e-13, 9.1764908194687332e-13             
  115,  103,-2.0013420613337298e-08, 2.6431349966554199e-08, 8.6390439191649136e-13, 8.6125244153993061e-13             
  115,  104,-1.3874928805715299e-08, 1.7468349011953700e-08, 1.0076015569919999e-12, 1.0070558610487859e-12             
  115,  105,-2.2945143941702700e-08, 8.3059940039276105e-09, 9.1964940359804854e-13, 9.2104557573066833e-13             
  115,  106, 7.8791269967870003e-09, 3.8424200000028202e-08, 1.0709243328617058e-12, 1.0704011037945285e-12             
  115,  107,-7.8361952193206801e-09, 5.7637598987196397e-10, 1.0563181495297258e-12, 1.0566846370155219e-12             
  115,  108, 1.8715843343234899e-08, 4.5119555244561399e-09, 1.0726550791516609e-12, 1.0714318954014365e-12             
  115,  109, 7.7222747355941295e-08, 1.4220905301919100e-08, 1.2899527696371633e-12, 1.2904588840402962e-12             
  115,  110,-1.9193944421478501e-08, 2.0902785085811200e-08, 1.0412665871446319e-12, 1.0435052099870464e-12             
  115,  111,-4.4264303460600899e-08, 4.7819976143015802e-08, 1.5492978851122954e-12, 1.5482755624488202e-12             
  115,  112,-2.1834330268629701e-08, 3.3180791857517998e-08, 1.2258620751133078e-12, 1.2227434397261628e-12             
  115,  113, 4.4006086902409498e-09,-3.1081861136487400e-09, 1.6802815523879788e-12, 1.6817998514133619e-12             
  115,  114,-1.5559960675876701e-08,-2.9959507764900599e-08, 1.9927722006487550e-12, 1.9910146335514904e-12             
  115,  115,-1.5671888545038600e-08,-2.4508245344294900e-08, 2.4611914828312125e-12, 2.4601132756252690e-12             
  116,    0, 1.1994124954826500e-08, 0.0000000000000000e+00, 1.8996914279512947e-13, 0.0000000000000000e+00             
  116,    1, 3.6533757418850198e-09, 1.4953748188081802e-08, 1.9267182270572652e-13, 1.8747656879435861e-13             
  116,    2,-5.0479230537516498e-09, 3.6770966776124399e-08, 1.9234509926404872e-13, 1.8787286026755337e-13             
  116,    3, 2.1224024533816601e-08,-4.2073239782817198e-08, 1.8638790316754763e-13, 1.9376941110975868e-13             
  116,    4,-2.2259944977175798e-08,-4.8272075529923399e-09, 1.8954249821125196e-13, 1.9052751595111944e-13             
  116,    5,-2.1165718649116002e-08, 3.3738840148601002e-08, 1.8897647703923927e-13, 1.9136517844700852e-13             
  116,    6,-1.0686932420890900e-08,-5.4437924736040097e-09, 1.8951472039515419e-13, 1.9165572725077947e-13             
  116,    7,-2.7423863865685199e-08, 1.7190901920350200e-08, 1.9250511008388286e-13, 1.8934317136024286e-13             
  116,    8,-4.3320296451852401e-08, 4.3867264253739602e-08, 1.9112223642713498e-13, 1.8970990662720507e-13             
  116,    9, 1.0642649205468400e-09,-2.8466793828017501e-09, 1.9132528837834508e-13, 1.9112370638659963e-13             
  116,   10, 2.6209042082836901e-08,-1.3032150256377000e-08, 1.9199058017645159e-13, 1.8998833338451425e-13             
  116,   11,-5.1301878006732503e-09,-2.2015629248082101e-08, 1.9051314468065156e-13, 1.9350323664652438e-13             
  116,   12,-1.4372512349813100e-08, 2.3032594550555999e-08, 1.9231067955280649e-13, 1.9218994766954490e-13             
  116,   13, 8.7289604106958396e-09,-6.8271991006193096e-09, 1.9340960605257301e-13, 1.9364036426879546e-13             
  116,   14, 2.0376536205532401e-08, 1.7754742129384901e-08, 1.9591366352449077e-13, 1.9291889581568965e-13             
  116,   15,-5.2727670066739201e-10, 5.4701814824465304e-09, 1.9607834973744386e-13, 1.9409805570600206e-13             
  116,   16,-2.9878051826873402e-08, 4.6286234397482498e-09, 1.9868031875955014e-13, 1.9615888793080437e-13             
  116,   17, 1.4947647622671200e-08, 3.7197191349734799e-08, 1.9726364097222786e-13, 1.9693774455291785e-13             
  116,   18,-1.5669471844565799e-08, 9.9943104388211294e-09, 2.0089684431370372e-13, 2.0139852556936518e-13             
  116,   19, 9.2898719910169407e-09,-2.5359751816342700e-09, 1.9874220741531046e-13, 2.0066121506010200e-13             
  116,   20, 1.7382239344810500e-08,-2.5909881961866799e-08, 2.0487035151918368e-13, 2.0702089630593316e-13             
  116,   21, 6.0109605003032997e-09, 8.8809454137232202e-09, 2.0311029538429215e-13, 2.0312785658394753e-13             
  116,   22, 2.3328588825229701e-08, 7.3034932939295401e-09, 2.1323593104199359e-13, 2.1138930252075294e-13             
  116,   23, 3.2803047140941297e-08,-1.0302130621432799e-08, 2.0827331033644032e-13, 2.0587232195852367e-13             
  116,   24,-3.4502028049531498e-08, 2.7876022106219700e-08, 2.1928469683101545e-13, 2.1884289921329513e-13             
  116,   25, 5.2782325254275999e-08,-2.6783226623439798e-09, 2.1237614201931341e-13, 2.1131471331049170e-13             
  116,   26, 1.0065978044803900e-09, 8.2571697414644997e-09, 2.2578685232875992e-13, 2.2554721664023878e-13             
  116,   27, 9.8614393625607806e-09, 8.5131456074994498e-10, 2.1702839828100201e-13, 2.1706688196179999e-13             
  116,   28,-3.9442820074540200e-09,-3.6220584328189298e-08, 2.3280556154083976e-13, 2.3216862714503208e-13             
  116,   29,-7.9164038321333306e-09, 1.6224416041448300e-08, 2.2331372846948030e-13, 2.2390615860739849e-13             
  116,   30,-2.4073135007669599e-08,-6.9404839524670805e-10, 2.3975414591500953e-13, 2.3916869447035696e-13             
  116,   31, 1.9444417663378300e-08,-2.5631313105071600e-09, 2.3023009408226778e-13, 2.3069049698128557e-13             
  116,   32, 1.9287637005765999e-08, 6.9534674907382204e-09, 2.4671336066901788e-13, 2.4673601565565242e-13             
  116,   33,-1.8296131672765500e-08, 2.7049652751164698e-08, 2.3860256953242095e-13, 2.3865895175455546e-13             
  116,   34, 1.3263137760867599e-08, 6.4260671114619198e-09, 2.5382405565260575e-13, 2.5349411957360922e-13             
  116,   35, 2.4267708524229801e-09,-1.3708923879025100e-08, 2.4664269177692209e-13, 2.4707753329994297e-13             
  116,   36,-3.1083970472588903e-08,-2.7771380144823000e-08, 2.5969864107244293e-13, 2.6050266602614112e-13             
  116,   37,-4.4247027918823897e-08,-1.5739228123553201e-09, 2.5608764069394339e-13, 2.5593850051092964e-13             
  116,   38, 5.3413971412979501e-08, 4.7462550121923903e-08, 2.6667168895573042e-13, 2.6640855430617281e-13             
  116,   39,-2.3042308637174001e-08, 8.5135992979129396e-09, 2.6643127519240965e-13, 2.6342688938578564e-13             
  116,   40, 1.7776528212117099e-09,-6.0166134298490796e-10, 2.7345551201398713e-13, 2.7216070054858773e-13             
  116,   41,-5.4134305523345297e-09,-6.8411621164991499e-09, 2.7433406656675884e-13, 2.7388101727447844e-13             
  116,   42,-1.6548847479028600e-08, 2.2790154946882300e-08, 2.7964045946984039e-13, 2.8065703333066281e-13             
  116,   43,-9.6479761104976602e-09, 4.1028330182131201e-09, 2.8295708073450418e-13, 2.8482597566101718e-13             
  116,   44,-6.9763629633117702e-09, 1.8767825469011100e-08, 2.8793311843146842e-13, 2.8851654504624497e-13             
  116,   45, 4.5163855059835600e-09, 3.2224245085999897e-08, 2.9427352984446654e-13, 2.9392894811039287e-13             
  116,   46, 9.9738634132738996e-09,-2.6632145405931500e-08, 2.9775199643278877e-13, 2.9741500179423119e-13             
  116,   47, 2.0335016484705599e-08,-1.5693395196789699e-08, 3.0550458840491083e-13, 3.0407780335775264e-13             
  116,   48, 1.8679504815508702e-09, 1.1037699818782300e-08, 3.0788739769283119e-13, 3.0690367288268606e-13             
  116,   49, 1.4596067838839800e-08,-8.4956146247275999e-09, 3.1659618046999150e-13, 3.1616782506274275e-13             
  116,   50,-1.2342371076698899e-08, 1.1130272703226400e-08, 3.1894804876182655e-13, 3.1877021928837229e-13             
  116,   51, 2.3598395497355000e-08,-4.1105313703117299e-08, 3.2930196393483958e-13, 3.2800822382071052e-13             
  116,   52, 3.4946467597512599e-08,-2.5892736544349900e-08, 3.3196777951056693e-13, 3.3011418861653710e-13             
  116,   53,-3.4219711813520699e-08,-2.3930432762255499e-08, 3.4228860303137703e-13, 3.4048193861677505e-13             
  116,   54,-1.9953026503102199e-08, 1.2394336067287400e-09, 3.4414746838297890e-13, 3.4370754269541278e-13             
  116,   55, 4.3747674016420797e-08,-3.2824479381277198e-08, 3.5489706443631981e-13, 3.5510481860806191e-13             
  116,   56,-2.7806126975057102e-08, 1.0236290583172699e-08, 3.5655033346186740e-13, 3.5802487370844079e-13             
  116,   57, 2.8321174607486202e-08, 1.4500263932911300e-08, 3.6706562615228675e-13, 3.6925603729501922e-13             
  116,   58,-2.2766501180736400e-09,-2.3124445736106600e-08, 3.7084302187029777e-13, 3.7105152393049408e-13             
  116,   59, 4.3840951916080503e-09, 4.7427072881418101e-09, 3.8260316523508836e-13, 3.8325671047579892e-13             
  116,   60,-6.4142733923414497e-09,-6.8168308329681103e-09, 3.8549713003858307e-13, 3.8427666620986410e-13             
  116,   61, 7.7716038911788892e-09, 6.9310910153807901e-09, 3.9823732745490015e-13, 3.9780818429697972e-13             
  116,   62,-1.9294355617777000e-08, 2.2298112099775500e-08, 4.0014751863698428e-13, 3.9910711737461827e-13             
  116,   63,-1.3731735002890201e-08, 2.9871474346700401e-08, 4.1461281736236398e-13, 4.1562471430698685e-13             
  116,   64, 2.0370796289760802e-08, 8.3077930788760398e-10, 4.1473721275803124e-13, 4.1494103245820925e-13             
  116,   65,-6.3501365040687098e-09,-1.1662700701058600e-08, 4.3197802990804134e-13, 4.3209321046578467e-13             
  116,   66, 4.4585441056601200e-10, 9.6077715207809399e-09, 4.2999701655813776e-13, 4.3031140029150429e-13             
  116,   67, 9.0309237179108992e-09,-1.0445345168095999e-09, 4.5158115220700642e-13, 4.5170742068596803e-13             
  116,   68,-3.4645688080469398e-08,-1.5451382024989299e-09, 4.4592598618996740e-13, 4.4604377260848130e-13             
  116,   69,-3.1514670019129599e-08, 1.7373290491226599e-08, 4.7083924336787488e-13, 4.7084937434959310e-13             
  116,   70,-8.8081427824635305e-09, 7.7814622111498508e-09, 4.6120257787352666e-13, 4.6119666877077260e-13             
  116,   71, 2.0950527461187501e-08,-7.2347646018707998e-09, 4.9223341781104294e-13, 4.9094010470235748e-13             
  116,   72, 2.0127904564967100e-08, 3.7667602558536003e-08, 4.7657895944666399e-13, 4.7592423676078990e-13             
  116,   73, 3.5563600862275202e-10,-1.5722927484601199e-08, 5.1473546920258351e-13, 5.1405067112660299e-13             
  116,   74,-5.0233025081023302e-08, 2.8139804424705201e-08, 4.9244659774474562e-13, 4.9271630615579484e-13             
  116,   75, 8.6551041604539000e-09,-9.3023158784528294e-09, 5.3671232246781039e-13, 5.3913606753882847e-13             
  116,   76,-5.6451003404997000e-09,-2.6250614069830399e-08, 5.0784649576176525e-13, 5.1043582347069502e-13             
  116,   77, 2.4373176356842900e-08, 2.6896081759285500e-09, 5.6248418758600511e-13, 5.6340359281913460e-13             
  116,   78,-5.0828844433263303e-09,-7.2947222346015797e-09, 5.2611966799680217e-13, 5.2671480488546666e-13             
  116,   79,-2.6029230251142901e-08, 3.6200900861413498e-08, 5.8816729660489459e-13, 5.8630621933077024e-13             
  116,   80, 3.0600937212751099e-08, 3.2534098530093299e-08, 5.4542079548354637e-13, 5.4477147429033806e-13             
  116,   81, 1.3609080632862300e-08, 2.8816275099964800e-08, 6.1145863985396218e-13, 6.1239678231351108e-13             
  116,   82, 3.7232075282465801e-08, 1.6054225510772701e-08, 5.6644105473952464e-13, 5.6546014289730955e-13             
  116,   83,-9.7217759730877407e-09,-3.1101003349295401e-09, 6.3471643961579029e-13, 6.3476982049510414e-13             
  116,   84, 1.4545027447718901e-08, 5.4974806462741298e-08, 5.9023072640960181e-13, 5.9027993840450246e-13             
  116,   85, 3.1543639223973599e-08,-5.9348153632196999e-08, 6.5643388453052579e-13, 6.5897035687099622e-13             
  116,   86, 5.7173065434629200e-09,-3.0566559894738501e-09, 6.1986566797801015e-13, 6.1965532438769120e-13             
  116,   87, 2.9099876196740002e-09, 1.7997488744495201e-08, 6.7604788573018662e-13, 6.7442514106083614e-13             
  116,   88, 1.7037896170648300e-08,-1.8366505399793800e-08, 6.5390893623891729e-13, 6.5206613518279352e-13             
  116,   89,-1.1236173011221300e-08, 3.7938696323042597e-09, 6.8982668648041801e-13, 6.8904461911816101e-13             
  116,   90, 2.4236209615718900e-08, 1.1010086532823400e-08, 6.9107467433195671e-13, 6.9221342119801708e-13             
  116,   91,-7.5674046998043097e-09,-4.3815684201709801e-09, 7.0067142058316006e-13, 7.0235327707736596e-13             
  116,   92, 1.6657634515476301e-08, 3.7039570629206098e-08, 7.3512362793232778e-13, 7.3458238228171127e-13             
  116,   93, 1.2270963312977901e-08,-6.8101575192553303e-08, 7.1208089726356541e-13, 7.1147699712012021e-13             
  116,   94,-2.6103488330437001e-08,-3.6820417552134303e-08, 7.8012724018493068e-13, 7.8011121841953073e-13             
  116,   95, 4.5428343874650198e-09, 1.5894872037585998e-08, 7.2620629700271295e-13, 7.2553690577061479e-13             
  116,   96, 2.8658943422273301e-08,-1.0588405362974900e-08, 8.2501310554971953e-13, 8.2336217040729905e-13             
  116,   97, 3.1703360248299898e-08, 2.3568594162569201e-08, 7.5202470564304921e-13, 7.5218901065664061e-13             
  116,   98, 4.4326217674749902e-08, 3.3328190295315503e-08, 8.6297955051344557e-13, 8.6231768940889464e-13             
  116,   99,-1.4188933333959100e-09,-9.0190270362472694e-09, 7.9550935313014013e-13, 7.9451085755100617e-13             
  116,  100,-4.9258234412064403e-09, 8.4787117809743299e-09, 8.9167048755649906e-13, 8.9168540523823420e-13             
  116,  101, 3.0547595836347100e-08, 1.8436886543576302e-08, 8.6277392587104816e-13, 8.6396849690685498e-13             
  116,  102,-4.4564303646186101e-09,-8.0529564183306096e-08, 9.0986408687897725e-13, 9.0821570917554172e-13             
  116,  103, 8.7033360043933099e-09,-1.9379386057777601e-08, 9.5354153381749599e-13, 9.5181546240393344e-13             
  116,  104, 2.3096251598254601e-08,-4.6284826341406203e-08, 9.3349821967148566e-13, 9.3340540391001665e-13             
  116,  105, 2.7887933937544601e-08,-6.6459380909979701e-09, 1.0420135057973926e-12, 1.0411439059706528e-12             
  116,  106, 1.6767540194462000e-08,-5.0125315678172400e-09, 9.9707045919732043e-13, 9.9718756226354239e-13             
  116,  107,-1.5873480709715900e-08,-4.1587750071376099e-08, 1.1039008404998077e-12, 1.1027436066747046e-12             
  116,  108, 2.4915688283347601e-08, 4.1272363414675199e-09, 1.1392854365452202e-12, 1.1385230716565285e-12             
  116,  109,-4.9429226529622297e-08, 2.0845920712234600e-08, 1.1055310711440873e-12, 1.1041306133818046e-12             
  116,  110,-4.5154701054243603e-08,-1.7066336799863099e-08, 1.3739282685112429e-12, 1.3763290007528263e-12             
  116,  111,-1.9458053524445000e-08,-1.3870925471413201e-08, 1.0730456834371858e-12, 1.0752677752291200e-12             
  116,  112, 1.0071767115933000e-08,-3.2276442966110903e-08, 1.6390340684348545e-12, 1.6411795138561741e-12             
  116,  113, 1.1923873199542600e-08,-9.0045542338485603e-09, 1.2506313839694428e-12, 1.2540979411161433e-12             
  116,  114, 2.3048055335279801e-08, 3.4545260159995100e-08, 1.7907155691818617e-12, 1.7929053477545427e-12             
  116,  115, 8.6758831280904500e-09, 1.8443344948248702e-08, 2.0204123982340821e-12, 2.0215862759478875e-12             
  116,  116, 1.9573834747051700e-08,-2.0235774877678699e-08, 2.6244813360074856e-12, 2.6200263700769789e-12             
  117,    0,-2.8094330705819898e-08, 0.0000000000000000e+00, 1.9410613816298080e-13, 0.0000000000000000e+00             
  117,    1,-1.1679066635576201e-08, 2.4589586908310901e-08, 1.9712274149202628e-13, 1.9125725907977530e-13             
  117,    2, 2.8772245091182101e-08,-3.5078149823409598e-08, 1.9621785230381869e-13, 1.9159991649067512e-13             
  117,    3,-4.5204572925564096e-09,-2.7068312314168700e-08, 1.9002569061026015e-13, 1.9846576308590397e-13             
  117,    4, 2.0233276339109801e-08, 2.8102453057076499e-08, 1.9360087965198357e-13, 1.9451757417511961e-13             
  117,    5,-2.9856139709121499e-08, 8.6531058102328202e-09, 1.9332489641577668e-13, 1.9524031122930678e-13             
  117,    6, 8.0034739236601195e-09, 9.0463199728627699e-09, 1.9292741902190676e-13, 1.9535131773166625e-13             
  117,    7, 6.1553259159493599e-09,-2.3122879550666001e-08, 1.9619941214316403e-13, 1.9326462980909063e-13             
  117,    8, 5.2948303806324603e-08,-2.0928107916395501e-08, 1.9533025676929341e-13, 1.9354088108164873e-13             
  117,    9, 2.1411295621714600e-08,-1.0140887160297400e-08, 1.9502412724312911e-13, 1.9505236083065432e-13             
  117,   10,-1.9999722340222001e-08,-6.6363649233580200e-09, 1.9585348847617166e-13, 1.9503661122982480e-13             
  117,   11, 4.5016041585767098e-08, 3.7486877067556999e-08, 1.9412141461449202e-13, 1.9807715032486925e-13             
  117,   12,-2.4649219585973199e-08, 8.3354209516383595e-09, 1.9603428914128724e-13, 1.9811958995768712e-13             
  117,   13, 5.5690212429682601e-08, 2.9320615775350199e-09, 1.9706077347236320e-13, 1.9758000611311845e-13             
  117,   14, 1.8293802681499900e-08, 1.7833116236857499e-08, 1.9971815977784431e-13, 1.9652325778233249e-13             
  117,   15,-1.3946797162078200e-09,-5.9750891675759304e-08, 2.0044639373396248e-13, 1.9852902400751870e-13             
  117,   16, 2.2101530404402402e-08, 2.7216416697954501e-08, 2.0253353129423098e-13, 1.9817819446825941e-13             
  117,   17, 1.4985993651471599e-08,-3.6893220870993798e-08, 2.0155411224015352e-13, 2.0064517914966183e-13             
  117,   18, 1.5812551410855799e-08, 1.3781332876896000e-08, 2.0255952423027376e-13, 2.0229486383169290e-13             
  117,   19,-2.6053306530869400e-09,-3.0284188627736099e-08, 2.0229793081979123e-13, 2.0449804818454520e-13             
  117,   20,-1.9311303652409202e-08,-6.7678358224730401e-09, 2.0455734275072792e-13, 2.0704961041478583e-13             
  117,   21, 2.1426250346659701e-08, 1.7748387724621101e-08, 2.0627445991488092e-13, 2.0582776370292621e-13             
  117,   22, 8.3063129866068298e-09,-1.3530204013036800e-08, 2.1332258512732389e-13, 2.0955787619399546e-13             
  117,   23,-3.0112716806453599e-08, 7.3661787085735798e-08, 2.1091566611526612e-13, 2.0902150965509537e-13             
  117,   24, 1.9940340445497201e-08, 7.9001198186625096e-09, 2.1801257772674340e-13, 2.1505760448872664e-13             
  117,   25, 5.2802140738074901e-09, 8.6034865209329706e-09, 2.1463692534308881e-13, 2.1356836926880535e-13             
  117,   26,-1.6662173031569999e-08, 7.4062817533513197e-09, 2.2190357143876230e-13, 2.2091533607422185e-13             
  117,   27, 2.4060791493086501e-08, 2.1489018788982198e-09, 2.1981892914222933e-13, 2.1988261143555170e-13             
  117,   28,-1.0733044278398499e-08, 2.4984909142969400e-08, 2.2788121324886450e-13, 2.2743589780553390e-13             
  117,   29,-8.8971465080143002e-10, 7.3138624496360603e-10, 2.2594816618653781e-13, 2.2627832994934895e-13             
  117,   30, 4.0064052396004397e-08,-2.9801369754158801e-08, 2.3405581619510669e-13, 2.3336752505496932e-13             
  117,   31, 1.0591278309468999e-08,-2.2972070591865799e-08, 2.3291701571086707e-13, 2.3363717267471865e-13             
  117,   32, 1.1934864847837401e-08, 1.7957021765234800e-08, 2.4025806614258365e-13, 2.4016365575385844e-13             
  117,   33,-1.1268755001900700e-08,-3.6122189561719701e-08, 2.4117698197840484e-13, 2.4110962347610875e-13             
  117,   34, 1.3655515585653200e-08,-5.1109176897712099e-09, 2.4688936748879802e-13, 2.4590292167554028e-13             
  117,   35,-5.2497971953854701e-09,-2.4507623086982001e-08, 2.4898689726994341e-13, 2.4928350180425083e-13             
  117,   36,-5.9660066746909301e-09, 2.0923274453005201e-08, 2.5185182828712561e-13, 2.5224439045995768e-13             
  117,   37, 2.2851970732181300e-08,-1.3287877947774100e-09, 2.5868809923054784e-13, 2.5829565913784270e-13             
  117,   38, 1.1366789554005400e-08, 3.6271399737945598e-08, 2.5912658223859157e-13, 2.5793954888462449e-13             
  117,   39, 1.2570139144241200e-08,-6.5253662852045597e-08, 2.6807367271531038e-13, 2.6497532594695355e-13             
  117,   40,-1.1337241181338301e-08, 7.2298434783322601e-09, 2.6528521715947576e-13, 2.6374493246118756e-13             
  117,   41,-5.5425591044794399e-08, 9.6319522383394503e-09, 2.7556329042691965e-13, 2.7541668386560649e-13             
  117,   42,-3.3343926134123499e-09,-8.5393485797236805e-09, 2.7059615114564861e-13, 2.7159637581433185e-13             
  117,   43, 2.3824690784904001e-08,-9.0410923346924803e-09, 2.8372000248633036e-13, 2.8585835928329207e-13             
  117,   44, 1.3600220103067600e-09, 7.4226860018214903e-09, 2.7788768250582684e-13, 2.7901871126534289e-13             
  117,   45, 3.3331427027346898e-08,-1.5371630712584100e-08, 2.9442140714277423e-13, 2.9398659342678856e-13             
  117,   46,-1.4620506295579200e-08,-1.0674059021407000e-08, 2.8644951511039211e-13, 2.8596342095971994e-13             
  117,   47,-9.1117511423872600e-09, 1.1325771016318201e-09, 3.0479997262442978e-13, 3.0348552151653781e-13             
  117,   48, 8.2869888527010596e-09, 1.1266531925655300e-08, 2.9631940396313394e-13, 2.9513563422743853e-13             
  117,   49,-2.1622425499963500e-08, 2.6680728222450501e-08, 3.1427607472177015e-13, 3.1390571430157148e-13             
  117,   50,-1.2775336424338200e-08, 9.2638632468322305e-09, 3.0613619055749574e-13, 3.0526781231592871e-13             
  117,   51, 1.0282331171536600e-08, 1.0320867311191401e-08, 3.2614704776828195e-13, 3.2462716405320505e-13             
  117,   52, 2.8071476302755100e-09, 5.0575165556598298e-08, 3.1696700933262891e-13, 3.1531294705482447e-13             
  117,   53, 1.2456264039164300e-09, 3.5226929424263903e-08, 3.3811321170309619e-13, 3.3658663634865517e-13             
  117,   54, 1.3146288403404201e-08, 3.0248602901333900e-09, 3.2764060907438872e-13, 3.2773453380179645e-13             
  117,   55, 2.9961132219467301e-09, 2.1662954969674499e-08, 3.4868583675858881e-13, 3.4950787038897036e-13             
  117,   56, 1.9643430649465402e-08, 2.3609779415652401e-08, 3.3842509659519717e-13, 3.3984289438015905e-13             
  117,   57, 1.9992008344624100e-08,-3.5504923445572098e-08, 3.6077716375318391e-13, 3.6270413709273065e-13             
  117,   58, 2.4811153252785700e-10, 1.2566593827079401e-08, 3.5156418951363071e-13, 3.5133588558027651e-13             
  117,   59, 6.9459376341577399e-09, 5.8190630008379097e-08, 3.7370893954767235e-13, 3.7442535686323492e-13             
  117,   60,-1.0755455245068600e-08,-2.3218148813799202e-09, 3.6496250711787440e-13, 3.6352410836521503e-13             
  117,   61,-1.2569840336261100e-08, 1.5456966647794800e-08, 3.8791636441635437e-13, 3.8687622327552775e-13             
  117,   62, 3.2140113607184300e-08, 2.0553664514281998e-08, 3.7880504409111632e-13, 3.7829069399024744e-13             
  117,   63, 1.0414357668203000e-08,-2.0392814643446599e-08, 3.9975133428014610e-13, 4.0112835682183337e-13             
  117,   64, 1.7841987550209701e-08,-1.1133337302976601e-08, 3.9381373633419844e-13, 3.9378974017921461e-13             
  117,   65,-3.2723640252893499e-09,-4.0501343476948503e-08, 4.1405900357970360e-13, 4.1434940779813643e-13             
  117,   66,-3.0565910151635502e-08, 8.4627737393792302e-09, 4.0992971169157503e-13, 4.0962002819040441e-13             
  117,   67,-1.2846649412338199e-08, 8.2460653877788800e-10, 4.2789433633456470e-13, 4.2822507204224019e-13             
  117,   68,-2.8858436050324502e-09, 1.3855467846472900e-08, 4.2774784234699312e-13, 4.2810416684412356e-13             
  117,   69, 2.7072255040545000e-08,-2.3176664716371099e-08, 4.4171396285745952e-13, 4.4213063752569997e-13             
  117,   70,-4.0555502490999297e-09, 2.0276620704481999e-08, 4.4590602163160538e-13, 4.4575483142383173e-13             
  117,   71,-5.9387270415243097e-09,-2.1328729250112201e-08, 4.5570494058113246e-13, 4.5508796775348119e-13             
  117,   72,-2.7780033329772301e-09,-1.6952672403684399e-08, 4.6689598059014359e-13, 4.6597243566257465e-13             
  117,   73,-1.0296206259404000e-08,-4.4382264771174898e-08, 4.6915317331896916e-13, 4.6904784297025108e-13             
  117,   74,-3.7917698986785898e-08, 1.4611124693088600e-09, 4.8811632260035313e-13, 4.8745929719132542e-13             
  117,   75,-1.7386696845148899e-08,-4.2906573326815203e-08, 4.8314669804618478e-13, 4.8454477137408822e-13             
  117,   76,-1.3233892580068199e-09, 4.0056673585158899e-08, 5.0980580143228234e-13, 5.1225361436493466e-13             
  117,   77, 5.6061383849109197e-09,-1.2166289059225400e-08, 4.9782719491108340e-13, 4.9908541670496338e-13             
  117,   78,-1.6112761223046202e-08,-1.5934250426256799e-09, 5.3450622645129702e-13, 5.3497698236993357e-13             
  117,   79, 4.0270709725271597e-08, 4.6957267976914303e-08, 5.1458995962089055e-13, 5.1336068954265511e-13             
  117,   80,-4.2635432507453602e-09, 2.8756383881727500e-09, 5.5928174641902922e-13, 5.5951165364627712e-13             
  117,   81,-1.1291778194261199e-08,-2.6399473042054500e-08, 5.2963425488940115e-13, 5.3012408958271548e-13             
  117,   82,-2.1508094915361298e-08,-2.3722596132409101e-08, 5.8425034094723870e-13, 5.8343523086708390e-13             
  117,   83, 2.0902706430098500e-08,-1.1954348446143600e-08, 5.4858956789425817e-13, 5.4813136214047571e-13             
  117,   84, 7.0610659311938203e-09,-1.8975579767956001e-08, 6.0772395661346017e-13, 6.0738940310969490e-13             
  117,   85,-4.0431515736927800e-10,-2.1559093335691500e-08, 5.6876088727252028e-13, 5.6985582563010864e-13             
  117,   86,-4.0285920927712101e-10, 3.1560886597065700e-08, 6.3007938023707102e-13, 6.3052934706773477e-13             
  117,   87,-3.2493072460365902e-08,-4.2141837635992100e-08, 5.9666366173003601e-13, 5.9540463526199764e-13             
  117,   88,-5.4320089689534699e-08, 1.9222348897893501e-08, 6.4948606406492448e-13, 6.4850779591538110e-13             
  117,   89, 1.3179120774062900e-08,-1.6409175588627300e-08, 6.2709734214261076e-13, 6.2674191507659330e-13             
  117,   90, 4.3680896712028203e-08, 5.2610060700742402e-09, 6.6238551514713993e-13, 6.6440146395011861e-13             
  117,   91,-5.7559083107880501e-08, 3.7207434172748101e-09, 6.6282756445385889e-13, 6.6563720329995181e-13             
  117,   92, 2.3920583558419201e-08, 2.2835793408969302e-09, 6.7456002043372050e-13, 6.7565632388589684e-13             
  117,   93,-1.1871568286210800e-08, 1.2146276003921000e-08, 7.0577731797481778e-13, 7.0644735336721687e-13             
  117,   94, 7.4135223957502299e-09, 4.6360697862667998e-08, 6.8603387142594641e-13, 6.8524401862738119e-13             
  117,   95, 4.3383671009852400e-09,-6.2510929737956700e-09, 7.5034505131453166e-13, 7.4902765163984987e-13             
  117,   96,-1.7831883183269799e-08, 4.6905664460876201e-08, 7.0194616500910462e-13, 7.0068274939454133e-13             
  117,   97, 3.9868320330698800e-09,-5.7067396513693503e-09, 7.9130654281771839e-13, 7.9025302084983728e-13             
  117,   98,-1.9523524441401800e-08,-3.5662692265259102e-08, 7.2916178575126730e-13, 7.2675413091531080e-13             
  117,   99,-5.1058539232603504e-09, 2.2066529385055500e-09, 8.2569610797580913e-13, 8.2694105024328330e-13             
  117,  100, 1.3141494752895100e-08, 1.9766785344144098e-08, 7.7332117299454791e-13, 7.7370083547269523e-13             
  117,  101, 2.9300181436476100e-08,-1.1465596362257600e-08, 8.5055373255217936e-13, 8.4906615515085623e-13             
  117,  102,-1.9901345051469800e-08,-3.8502207989273297e-08, 8.4381070016219780e-13, 8.4461936824714157e-13             
  117,  103, 1.3321270059734500e-08, 5.7871286887300299e-08, 8.6343343760138057e-13, 8.6039750113425629e-13             
  117,  104,-8.3576180585758704e-09,-4.3936708174348502e-09, 9.3610882858454625e-13, 9.3485118865764036e-13             
  117,  105, 4.3135161804120899e-08, 3.4847153952425101e-08, 8.7984065200522907e-13, 8.7938004025395493e-13             
  117,  106,-5.1445339953123500e-08,-2.7049662011252001e-08, 1.0274679749767126e-12, 1.0269420444516620e-12             
  117,  107, 9.9484435022061204e-09, 5.0488847942237297e-08, 9.3795452332658115e-13, 9.3766696642763070e-13             
  117,  108,-1.6748314630143199e-08, 5.6773957517314003e-08, 1.0911248181034150e-12, 1.0905831120006975e-12             
  117,  109,-1.5481582399287700e-08,-5.0867561618349699e-11, 1.0763621409061138e-12, 1.0762286738694232e-12             
  117,  110, 3.1747350586707402e-08,-2.3447138372443400e-08, 1.0892166854838361e-12, 1.0908435226496730e-12             
  117,  111, 4.1242629249397600e-08,-2.4295806761449502e-08, 1.3152223109910812e-12, 1.3137788926976799e-12             
  117,  112, 5.5464866812898199e-10, 3.9908854006001698e-09, 1.0581454837157425e-12, 1.0576956616508217e-12             
  117,  113,-9.8729247422026102e-09,-2.5474624353737801e-08, 1.5757715324309301e-12, 1.5765568907269028e-12             
  117,  114,-1.8417968530568798e-08, 2.9356014802451801e-09, 1.2439323773442035e-12, 1.2447721972401113e-12             
  117,  115,-3.4168559663320099e-08,-5.9967496379075205e-08, 1.7037912441694035e-12, 1.7070165652465625e-12             
  117,  116,-5.6081766445933901e-09, 2.7638754627159700e-09, 2.0292802820661239e-12, 2.0321895755284810e-12             
  117,  117,-8.8406900049143098e-09, 4.6872332223081100e-08, 2.4953733385039218e-12, 2.4861280193834882e-12             
  118,    0, 1.9750845225116101e-08, 0.0000000000000000e+00, 1.9806577233762564e-13, 0.0000000000000000e+00             
  118,    1, 1.0289913479143799e-08,-1.3518265376987800e-08, 2.0095693334518620e-13, 1.9504700739809375e-13             
  118,    2,-2.4313400488630099e-08,-4.7109552835686004e-09, 2.0047647984459049e-13, 1.9543449237271409e-13             
  118,    3,-8.1892316337611393e-09, 6.0784352095347600e-09, 1.9434927867201212e-13, 2.0167607757379036e-13             
  118,    4, 1.2430151006469401e-08,-1.1221508889837699e-08, 1.9765260410209860e-13, 1.9823859169913862e-13             
  118,    5, 4.7805146043961398e-09, 1.6673672978375699e-09, 1.9718268094474080e-13, 1.9912176703393349e-13             
  118,    6,-5.1491031967794998e-09, 3.2488524361774701e-08, 1.9688679717100391e-13, 1.9974529423701914e-13             
  118,    7, 3.9190158348469897e-08,-1.0858682771761300e-10, 2.0023682514084002e-13, 1.9711268670392365e-13             
  118,    8, 1.4653980256173300e-08,-5.1166227188903997e-08, 1.9946341485140987e-13, 1.9760199428745704e-13             
  118,    9,-9.9108287136079700e-09, 1.7320643834019099e-08, 1.9929300309003326e-13, 1.9982720614299317e-13             
  118,   10, 3.9920153891217702e-08, 4.7142754214683000e-09, 1.9989584502165911e-13, 1.9846402762797350e-13             
  118,   11,-3.4953655142751702e-08,-1.4915031807976101e-08, 1.9817865092527798e-13, 2.0186540530364543e-13             
  118,   12, 3.2422561592580399e-09, 6.0217655468034100e-09, 1.9989046736164657e-13, 2.0025340758546672e-13             
  118,   13, 6.1113752878174798e-09,-1.0051763163385600e-08, 2.0077275503966130e-13, 2.0166605511351771e-13             
  118,   14,-4.3469249023840001e-08,-4.1081383807442600e-09, 2.0351650543067258e-13, 2.0037919587716463e-13             
  118,   15,-1.2871857645876400e-08,-2.1598304581421701e-09, 2.0356883039842028e-13, 2.0286121269264990e-13             
  118,   16,-2.9470189380992200e-08, 2.0186383004716100e-08, 2.0586515456310602e-13, 2.0350863447703183e-13             
  118,   17,-4.1434904655150796e-09,-2.1591927873093201e-09, 2.0475785820404815e-13, 2.0392458579683191e-13             
  118,   18, 5.2017874455482398e-09,-2.4539293971624499e-08, 2.0781782733268027e-13, 2.0817283074083462e-13             
  118,   19, 1.1663451096285701e-08,-2.6316097079024200e-08, 2.0558893186286659e-13, 2.0781807825186569e-13             
  118,   20,-1.1084038594003400e-08, 1.5767480223645000e-08, 2.1160122079855088e-13, 2.1377667033054795e-13             
  118,   21,-4.7175549497764801e-09,-3.3379300323703801e-09, 2.1050003588896292e-13, 2.0974619267325875e-13             
  118,   22,-3.1671299439289602e-08, 3.7088524930232900e-08, 2.1913123762848242e-13, 2.1726159742077872e-13             
  118,   23,-3.1299574880757099e-09, 2.8247631658635700e-09, 2.1452564464206648e-13, 2.1260189705554369e-13             
  118,   24,-1.7986623947012901e-08,-1.2799041445807400e-08, 2.2516722462597780e-13, 2.2329829825602508e-13             
  118,   25,-9.3710459683433296e-09, 2.4089823183058698e-08, 2.1783388738423017e-13, 2.1707676754864166e-13             
  118,   26, 1.2393044340365300e-08, 1.8311958201256099e-08, 2.3097507972425161e-13, 2.3015107144563999e-13             
  118,   27,-1.6236066544969400e-08,-1.6975705281527501e-08, 2.2283177291862040e-13, 2.2238490051810209e-13             
  118,   28,-1.0496874698791500e-08, 3.4445557593706202e-08, 2.3809067738883524e-13, 2.3724013554211452e-13             
  118,   29,-5.0394365518907403e-09,-1.8116900290016200e-08, 2.2807607491827475e-13, 2.2885969142567546e-13             
  118,   30, 4.5923107924249898e-09,-1.5517089783195702e-08, 2.4460150599599502e-13, 2.4411250566108031e-13             
  118,   31,-8.2732123130639700e-09, 4.1350470135548400e-08, 2.3516232878934136e-13, 2.3550941216266120e-13             
  118,   32,-4.1717234033522101e-08,-1.2418884423935700e-08, 2.5141986759505773e-13, 2.5137174745228646e-13             
  118,   33, 1.9645656727693700e-08, 9.3495373557341301e-09, 2.4278558255373307e-13, 2.4246268608172230e-13             
  118,   34, 1.1463636555125899e-08,-2.0531349169804899e-08, 2.5775733888392651e-13, 2.5795629635030756e-13             
  118,   35, 7.7591657990345397e-09, 5.7640468233516003e-09, 2.5027632424837264e-13, 2.5084355830410499e-13             
  118,   36,-1.2664262276065800e-08, 1.9607616566306799e-08, 2.6384123060300735e-13, 2.6441488015439637e-13             
  118,   37,-7.7816065961864096e-09, 2.6396436757601700e-08, 2.5877708863347086e-13, 2.5864105042212459e-13             
  118,   38,-4.5863045350111498e-09,-1.1838642817145700e-08, 2.7051376147915318e-13, 2.6934610097072288e-13             
  118,   39, 1.4844312422516300e-08,-1.8616399545644600e-08, 2.6931454634236817e-13, 2.6637837173094985e-13             
  118,   40,-2.8512278342624599e-08, 2.0900940053140699e-09, 2.7706784365994315e-13, 2.7543342530433696e-13             
  118,   41, 7.2881015702118900e-09, 8.4889524201534504e-09, 2.7646360867821815e-13, 2.7637408920412106e-13             
  118,   42, 4.7911260052867199e-08,-7.2091774830325401e-09, 2.8250980136039541e-13, 2.8355121307272880e-13             
  118,   43,-2.8256339880815701e-09, 8.9525027030087201e-09, 2.8505907364213978e-13, 2.8730186939689585e-13             
  118,   44,-4.1550162588042797e-09,-1.0705299482733401e-08, 2.9011179485518705e-13, 2.9103129776431207e-13             
  118,   45,-1.4431891958329400e-08,-2.1036365000197098e-08, 2.9594327492531754e-13, 2.9549758362109568e-13             
  118,   46, 1.6200615593634300e-08,-1.6461125212755302e-08, 2.9923567780929562e-13, 2.9895472732693692e-13             
  118,   47,-1.6854766656101900e-09, 1.2090973740365101e-08, 3.0672567189827897e-13, 3.0541168148510778e-13             
  118,   48, 9.4116760931995905e-09,-5.9158044160857896e-09, 3.0930981200311927e-13, 3.0812925400469340e-13             
  118,   49, 1.2308437556169700e-08, 1.4298151983650000e-08, 3.1701348405907786e-13, 3.1664822166502012e-13             
  118,   50,-1.5523795280130301e-08,-4.8301138310213798e-09, 3.1922291827042139e-13, 3.1923096627683346e-13             
  118,   51, 2.1000424456821100e-08, 4.6332707265297602e-10, 3.2936343491145711e-13, 3.2840502491987467e-13             
  118,   52,-3.2247510405882500e-08,-6.3713806518026199e-10, 3.3179154666835215e-13, 3.3008679292508351e-13             
  118,   53,-2.2387640029392900e-08,-3.0607710490398498e-08, 3.4174828594225094e-13, 3.4014898315581528e-13             
  118,   54, 3.2701086728729097e-08, 2.6211284441061699e-08, 3.4353798382993434e-13, 3.4345028313886266e-13             
  118,   55,-1.1654218814025100e-08,-1.8154707699975000e-08, 3.5379955080178915e-13, 3.5415918275573313e-13             
  118,   56, 2.0691326521734299e-08,-2.1022082165302999e-10, 3.5609903166005577e-13, 3.5731808253441095e-13             
  118,   57,-3.6445525346777702e-08, 2.8168837829943799e-08, 3.6618132009829568e-13, 3.6813245750026923e-13             
  118,   58, 2.1838156494510100e-09, 1.2949895159416300e-08, 3.6979061224857004e-13, 3.7013363165893038e-13             
  118,   59,-1.3226481900510800e-09,-3.3159955687242501e-08, 3.8022159744373800e-13, 3.8109947392542005e-13             
  118,   60,-3.6270254432996501e-08,-3.6553190360577900e-08, 3.8479596376949296e-13, 3.8330244487972605e-13             
  118,   61,-2.0393796825743299e-08,-1.2211265314795801e-08, 3.9628120482508834e-13, 3.9543785094203447e-13             
  118,   62,-4.4159675319068998e-09,-3.7814895272147399e-08, 3.9858881730940705e-13, 3.9762838960505089e-13             
  118,   63,-1.6153493680210600e-08,-2.4152873152053399e-08, 4.1058033463967760e-13, 4.1122195970911479e-13             
  118,   64,-3.2187186758342201e-08,-2.0219355295754800e-08, 4.1306233913838998e-13, 4.1351238751718095e-13             
  118,   65,-2.8788062636020598e-08,-6.3782767986668899e-09, 4.2791930524252336e-13, 4.2822082611236470e-13             
  118,   66,-3.5815413515289697e-08, 5.7737385245676599e-09, 4.2835680035224962e-13, 4.2865053563087828e-13             
  118,   67, 3.7474661037371402e-08, 1.9413900276709500e-08, 4.4514348315647865e-13, 4.4499714377061271e-13             
  118,   68, 2.1976536595843901e-08,-1.7802159040082000e-08, 4.4372371865147693e-13, 4.4410367727660077e-13             
  118,   69, 2.2495241664885898e-09,-2.6165839640131800e-09, 4.6473171769815570e-13, 4.6465552607580655e-13             
  118,   70,-1.1690284197493600e-08, 1.5516172222185801e-08, 4.5977843095343494e-13, 4.5988113732274112e-13             
  118,   71, 8.7519912955271903e-10,-1.8036599300421499e-08, 4.8438748586697673e-13, 4.8313223168001695e-13             
  118,   72, 1.3619829166890901e-08,-1.1729739814599301e-08, 4.7528511185375716e-13, 4.7430853086722206e-13             
  118,   73, 6.5947797606912198e-09, 8.6680410936192695e-09, 5.0511572876074538e-13, 5.0498683163656198e-13             
  118,   74,-1.6279763696635701e-08,-1.4848336828173900e-09, 4.9028383246414331e-13, 4.9020135125372312e-13             
  118,   75, 2.0877155040423101e-08, 1.7164324025134801e-08, 5.2723789275791558e-13, 5.2926128027746728e-13             
  118,   76, 2.3698148956965101e-08, 3.0960213532564103e-08, 5.0516975941370383e-13, 5.0775994256721919e-13             
  118,   77, 1.5793632785641800e-08,-3.5092548532433499e-09, 5.5138528551721843e-13, 5.5274014188394204e-13             
  118,   78,-1.9435585995516499e-08,-3.7293238546382499e-08, 5.2250295492620288e-13, 5.2325845893428495e-13             
  118,   79,-7.8609049765952302e-09,-9.9372793143213696e-09, 5.7842538374015064e-13, 5.7655538891017137e-13             
  118,   80, 1.1779089990275100e-08,-2.5377752242928600e-08, 5.3996837333463727e-13, 5.3994025067641883e-13             
  118,   81, 2.9427149817700902e-08,-1.9757146988040101e-10, 6.0152052935527318e-13, 6.0210823895965626e-13             
  118,   82, 7.0637987086633901e-09, 4.9801109932945700e-09, 5.5882683697107923e-13, 5.5790118147528651e-13             
  118,   83, 2.3750671253459899e-08,-1.5530917622323800e-08, 6.2675403890226424e-13, 6.2713778491414548e-13             
  118,   84,-1.9069367781820299e-08, 3.5577449696408197e-08, 5.7904167038454613e-13, 5.7905946004793430e-13             
  118,   85,-2.8925583459580900e-09, 3.1562146113754998e-08, 6.4907542700293352e-13, 6.5148065219565071e-13             
  118,   86,-4.0451479214769498e-08, 3.7247630469886602e-08, 6.0371188898113973e-13, 6.0317937381794639e-13             
  118,   87,-9.4918124158010502e-09, 6.6360166519375205e-08, 6.7407382138831161e-13, 6.7249249640488628e-13             
  118,   88, 6.1375329601567902e-08,-8.6966184099067096e-09, 6.3371854994658094e-13, 6.3196698160898927e-13             
  118,   89, 2.7083297826841899e-08,-3.6121174388247298e-08, 6.9088110360536990e-13, 6.9005766487636454e-13             
  118,   90,-2.7998638865513401e-08, 1.6267062985603900e-08, 6.6559117527112770e-13, 6.6664876495240663e-13             
  118,   91,-2.5327619405155699e-08, 5.8779348885005298e-09, 7.0345678833807752e-13, 7.0511899883764479e-13             
  118,   92, 3.1408008011701901e-08,-1.5511427652638399e-09, 7.0563715147813650e-13, 7.0506330053498685e-13             
  118,   93,-7.2577416341728700e-09, 5.1137581999310497e-09, 7.1592683371625702e-13, 7.1565562000521558e-13             
  118,   94,-2.1205996177283801e-08, 1.3729096987811999e-08, 7.4956680075412475e-13, 7.4920703890202439e-13             
  118,   95, 1.0044479399814499e-08,-1.3619418454410100e-08, 7.2547604398080984e-13, 7.2477302038314925e-13             
  118,   96, 4.3526008635122203e-08,-1.0803418218983899e-08, 7.9647468616779676e-13, 7.9473709890468700e-13             
  118,   97,-3.4503943877479097e-08,-3.7008269259241600e-08, 7.3886017551228919e-13, 7.3875652710825234e-13             
  118,   98, 1.5120118472740900e-08, 7.3100464757128900e-09, 8.4099557749178751e-13, 8.4021932584734672e-13             
  118,   99,-1.1971487753752699e-08,-9.2645039505176898e-09, 7.6509932250615795e-13, 7.6427965971807039e-13             
  118,  100,-1.0943493837751599e-08,-2.9344819954904000e-08, 8.7982135029364432e-13, 8.7952131210083681e-13             
  118,  101, 2.1185866083475599e-08, 6.0153677380657899e-09, 8.0810917144392319e-13, 8.0864721680930161e-13             
  118,  102,-3.5894257672593198e-08, 2.1644115291263599e-09, 9.0906338569769391e-13, 9.0736343783799925e-13             
  118,  103,-7.0963553828530599e-09, 1.5733313049803401e-09, 8.7955740007535679e-13, 8.7778913232014820e-13             
  118,  104, 7.5314271016052699e-09,-8.6181093561084897e-08, 9.2477753758288105e-13, 9.2440370788115543e-13             
  118,  105,-2.1653862879349801e-08, 2.1482162556266000e-08, 9.7102331963417442e-13, 9.6963468881015297e-13             
  118,  106,-3.1874447437366797e-08, 1.4125628181367400e-08, 9.4756904371299641e-13, 9.4865376785224363e-13             
  118,  107, 4.1762055892325997e-09, 3.0187706539186602e-08, 1.0612033783624713e-12, 1.0606290499708277e-12             
  118,  108, 7.8773572855502794e-09,-1.6415691310495501e-08, 1.0122160721343189e-12, 1.0110769232950386e-12             
  118,  109,-4.5518746640951896e-09,-4.3665187388438799e-08, 1.1229257798485962e-12, 1.1232449823841854e-12             
  118,  110,-1.0791326942348600e-08, 2.6346104388680900e-08, 1.1546603737763354e-12, 1.1558817160244359e-12             
  118,  111,-3.2366972402236402e-09, 2.7733986471488999e-08, 1.1208515049219158e-12, 1.1239850766209094e-12             
  118,  112,-8.6844752444677899e-09, 2.1425162901147502e-09, 1.3947920839768249e-12, 1.3961674297412626e-12             
  118,  113,-5.4481688621645101e-09, 4.4684035365819097e-08, 1.0879269915520015e-12, 1.0906294265409880e-12             
  118,  114, 1.4831460388525600e-08, 2.3408495863228299e-08, 1.6609527367161428e-12, 1.6648801474704370e-12             
  118,  115, 3.0579705309291199e-09, 1.7871553824932500e-08, 1.2715997115729826e-12, 1.2728554761098535e-12             
  118,  116, 1.8072843848604099e-08, 5.7770523892668398e-09, 1.8082725802665828e-12, 1.8122655402951523e-12             
  118,  117, 2.1120103310825702e-09,-1.3215631823749000e-08, 2.0599336126414129e-12, 2.0599662675526211e-12             
  118,  118,-6.1507359093770503e-09,-7.6469998591556897e-09, 2.6442775229369925e-12, 2.6457594177999109e-12             
  119,    0,-2.1610610075503900e-08, 0.0000000000000000e+00, 2.0229384796930847e-13, 0.0000000000000000e+00             
  119,    1, 2.5500069473038601e-08,-7.8251423505570194e-11, 2.0542571115389344e-13, 1.9925600990613860e-13             
  119,    2, 1.7926894051052401e-08, 5.4318419543808101e-09, 2.0486780658682862e-13, 2.0030361727822759e-13             
  119,    3, 3.1352819895931698e-08, 1.1754905628667100e-08, 1.9865862461410169e-13, 2.0649442415155924e-13             
  119,    4, 3.0850881892047899e-08,-3.1094395838392897e-08, 2.0233408662716912e-13, 2.0238531309967278e-13             
  119,    5,-3.5678515626525898e-08, 4.6788758733088398e-09, 2.0167846710003770e-13, 2.0432940985091704e-13             
  119,    6, 3.5517764689269102e-08,-1.1967200895928700e-08, 2.0118500380761027e-13, 2.0409525159071360e-13             
  119,    7,-6.9687279476873498e-09,-2.1234777624866502e-08, 2.0470206382062079e-13, 2.0083490558881419e-13             
  119,    8,-1.4013948357629399e-08, 2.2539618072411999e-08, 2.0364823264530136e-13, 2.0190923656293430e-13             
  119,    9, 4.3287517801462897e-08,-9.6980805724470996e-09, 2.0301882623943246e-13, 2.0372754936160683e-13             
  119,   10,-2.3083981862736201e-08,-2.3468329486784601e-08, 2.0395406381726299e-13, 2.0221434498150243e-13             
  119,   11,-7.3263303712252700e-09, 1.3390879137163400e-08, 2.0289389107657168e-13, 2.0577096345652512e-13             
  119,   12,-1.4930253036737900e-09,-2.7128391412453299e-08, 2.0357495946610298e-13, 2.0394681197590422e-13             
  119,   13, 1.3505293304239800e-08,-3.0236211835371201e-09, 2.0546614250468532e-13, 2.0554076664757344e-13             
  119,   14,-1.5417527033997399e-08,-2.1332251309149800e-08, 2.0690755398539413e-13, 2.0393843571246385e-13             
  119,   15, 3.3530814976879397e-08,-2.6222114440917599e-08, 2.0776111168370913e-13, 2.0582429157221152e-13             
  119,   16, 2.1858508875793500e-08, 1.4197012118814801e-08, 2.0854743405528890e-13, 2.0642631199444495e-13             
  119,   17, 2.0416024772434100e-08,-1.7011176274940799e-08, 2.0993613193308019e-13, 2.0802020814991929e-13             
  119,   18,-3.0111603187599799e-08, 4.5415702501639797e-08, 2.0906466089392429e-13, 2.0965155110970781e-13             
  119,   19,-8.4693272783933407e-09, 2.4344194359615201e-08, 2.0995665855982947e-13, 2.1183973009702645e-13             
  119,   20, 8.1933624706192799e-09,-6.4594477531995100e-10, 2.1151774806892748e-13, 2.1393882931269053e-13             
  119,   21,-1.9221515914430698e-09,-6.2164680670255801e-09, 2.1395058793069016e-13, 2.1319035891512494e-13             
  119,   22, 1.0479189854096901e-08, 2.0680140307683202e-08, 2.1830724644545000e-13, 2.1612487857621739e-13             
  119,   23,-1.8045233356513900e-08,-1.7702848543697099e-08, 2.1767887173023003e-13, 2.1539903910499191e-13             
  119,   24, 2.9170785252637100e-08,-1.7762833790485701e-08, 2.2320999621963406e-13, 2.2108548641775088e-13             
  119,   25,-4.9718724220375702e-09, 1.0574147134140900e-08, 2.2113311564010634e-13, 2.2019156925740456e-13             
  119,   26,-1.6144991275690798e-08,-1.9214982576531501e-08, 2.2798605286430256e-13, 2.2711124770402490e-13             
  119,   27,-2.8266290517118600e-08, 8.2068339237128200e-09, 2.2545560774839150e-13, 2.2527821571758547e-13             
  119,   28,-3.5915169608467299e-09,-3.5755157496815201e-09, 2.3335632947892460e-13, 2.3297836016462578e-13             
  119,   29,-2.0760200222421100e-09,-2.5749195191282801e-08, 2.3106810134024571e-13, 2.3184950725886624e-13             
  119,   30,-3.7208151840968003e-08,-2.5231457882950000e-09, 2.3936401848553333e-13, 2.3892828591824270e-13             
  119,   31,-2.7585369689281300e-08, 8.0667903158589595e-09, 2.3792032215148915e-13, 2.3847930373606136e-13             
  119,   32,-1.9554879992036100e-08,-2.6047455883884000e-08, 2.4478684560426389e-13, 2.4522364424446031e-13             
  119,   33,-4.0809953748374996e-09, 2.6730042192806201e-08, 2.4553631600177918e-13, 2.4619661783650076e-13             
  119,   34,-4.2618289113440801e-08, 1.1359449024181500e-08, 2.5113267384618805e-13, 2.5092623102276542e-13             
  119,   35,-2.8640560489068201e-08,-8.6917068227830904e-09, 2.5347794409611452e-13, 2.5407368202385246e-13             
  119,   36,-2.2352334675100899e-09, 3.0187828260837599e-08, 2.5629353581359914e-13, 2.5688509107970838e-13             
  119,   37, 6.1695095311347101e-09, 4.0618670020308000e-11, 2.6129408567086312e-13, 2.6165318773188504e-13             
  119,   38, 1.4181667225720700e-08,-1.5799984128749201e-08, 2.6242555855366699e-13, 2.6173193595749278e-13             
  119,   39, 5.7749525138566502e-09,-3.8424716456403200e-08, 2.7171015008223757e-13, 2.6890414218673251e-13             
  119,   40,-4.3584617689563302e-09, 1.6567595300428799e-08, 2.6896535231850966e-13, 2.6744355085101623e-13             
  119,   41, 2.6788220530601001e-08, 9.4747473602339697e-09, 2.7863946222773409e-13, 2.7795711129310103e-13             
  119,   42,-6.2529149383233299e-09,-5.3761680904335202e-08, 2.7369623998108920e-13, 2.7495426692177277e-13             
  119,   43, 2.2437538046931198e-09, 4.3653653455841298e-09, 2.8802357766843746e-13, 2.8865523361639034e-13             
  119,   44,-9.1503782071100796e-09,-4.5182053777614297e-08, 2.8134315811763917e-13, 2.8202463772406280e-13             
  119,   45, 4.3838943415488201e-08, 4.3819676256896398e-08, 2.9682492264880975e-13, 2.9676794943635682e-13             
  119,   46,-1.6659633687538199e-08, 3.6656934070589503e-08, 2.8959760448484724e-13, 2.8848827675920014e-13             
  119,   47,-1.9669587311016599e-08, 2.7439690406080099e-08, 3.0721620176280343e-13, 3.0568884793567680e-13             
  119,   48,-1.0482826270375300e-08, 1.0904689199387900e-08, 2.9787120086560322e-13, 2.9675608520825719e-13             
  119,   49,-1.6275572230718201e-08,-9.3068670793255099e-09, 3.1609006562026305e-13, 3.1576974772252745e-13             
  119,   50,-1.3581809489976401e-10,-1.3506500387907899e-08, 3.0730270901409269e-13, 3.0663973318093105e-13             
  119,   51, 7.0216327434971597e-09, 2.0955588204654900e-08, 3.2692349248695643e-13, 3.2573771522027869e-13             
  119,   52, 1.8856641742581699e-09,-1.4626278831226499e-08, 3.1775581372187017e-13, 3.1612567030846064e-13             
  119,   53, 1.6203557230790500e-08, 6.4672247510012300e-09, 3.3858025502079124e-13, 3.3735312210467349e-13             
  119,   54,-2.4845244484544499e-08, 3.8560025822488901e-09, 3.2743079221828199e-13, 3.2787790704666441e-13             
  119,   55,-3.3138100310284998e-08,-1.5286744302546200e-08, 3.4947449986613457e-13, 3.5001482307850659e-13             
  119,   56, 2.0467184332327001e-08, 2.2907983556476198e-08, 3.3871142477037841e-13, 3.3989882944532745e-13             
  119,   57, 1.0282681135992501e-09,-2.8165633693845101e-08, 3.6073676338728660e-13, 3.6307241745935678e-13             
  119,   58,-3.2811580705342002e-11,-1.6701211665041900e-08, 3.5090432483975534e-13, 3.5048614219576792e-13             
  119,   59,-4.5651891257376699e-09, 1.5919523020958599e-08, 3.7413910101989107e-13, 3.7476924092807929e-13             
  119,   60, 1.5152772089790800e-08, 2.7042171112233099e-08, 3.6367308689187263e-13, 3.6246117790147289e-13             
  119,   61, 1.5481632130899000e-08,-2.7660539819229799e-08, 3.8759823219359222e-13, 3.8647612457717295e-13             
  119,   62,-1.1025453116097500e-08,-1.3531606198419500e-08, 3.7654638749648709e-13, 3.7607770872700152e-13             
  119,   63, 2.1777617014089200e-08, 2.9171610407184001e-09, 3.9991650105912296e-13, 4.0074112710682045e-13             
  119,   64, 1.4384689118531199e-08, 2.9286762639335899e-08, 3.9072524075172319e-13, 3.9121197893082153e-13             
  119,   65,-7.7126729374631101e-09, 2.0673895342651201e-08, 4.1381751913427541e-13, 4.1375650713619690e-13             
  119,   66, 9.4352374173572893e-09, 4.9399462645841697e-08, 4.0619149657940815e-13, 4.0610205919806280e-13             
  119,   67, 4.4395001186482699e-08,-4.6708290312382097e-09, 4.2763458917090816e-13, 4.2771104289136204e-13             
  119,   68,-1.3633798807192200e-08,-1.3103172213579399e-08, 4.2254205899237233e-13, 4.2308812057052531e-13             
  119,   69, 2.3718985897006499e-08, 1.0703416221898201e-09, 4.4107542870965807e-13, 4.4170389829982901e-13             
  119,   70, 2.9642980048799499e-09, 2.0305415472889599e-08, 4.4079093731782975e-13, 4.4077588812624344e-13             
  119,   71, 7.3999317884940896e-09,-2.3449814084029101e-08, 4.5571281425704733e-13, 4.5507697167911630e-13             
  119,   72,-5.2880399287954097e-09, 5.7140162952913597e-09, 4.5919566639886485e-13, 4.5855019655073067e-13             
  119,   73, 1.1288776400445100e-08, 2.6355861067697298e-08, 4.6915067067942509e-13, 4.6883010186892320e-13             
  119,   74, 1.8746872792422501e-08,-2.2548521404310199e-08, 4.8013463396164087e-13, 4.7974879952767499e-13             
  119,   75, 2.1546233005887999e-08, 3.0753153779139499e-09, 4.8243888007965260e-13, 4.8390396555166088e-13             
  119,   76, 5.9693100133570403e-09,-4.0717495765786998e-08, 5.0033672499240542e-13, 5.0300175431851679e-13             
  119,   77, 2.3296989783666201e-08,-1.4101651582988400e-08, 4.9710534781554962e-13, 4.9851179773390155e-13             
  119,   78, 2.1523381828610599e-08, 3.1103362080283199e-08, 5.2518070344541373e-13, 5.2578383808337912e-13             
  119,   79, 3.1654997463517403e-08,-3.7124501332810498e-10, 5.1314732677802994e-13, 5.1158924571853588e-13             
  119,   80, 8.8794769989945102e-09, 2.1250013946971999e-09, 5.4935860220693079e-13, 5.4971247946996296e-13             
  119,   81,-6.2159467853073703e-09, 2.5292220186094700e-08, 5.2743705094333520e-13, 5.2789411184207994e-13             
  119,   82,-4.3989919613605698e-08, 1.7921557298416299e-08, 5.7499272380808102e-13, 5.7427691273699046e-13             
  119,   83, 2.2332117023377800e-08,-6.1104139588840796e-09, 5.4379500124250607e-13, 5.4348854676349188e-13             
  119,   84,-5.5017476503556602e-08, 5.9605018466591205e-08, 5.9968555771933278e-13, 5.9961082566227973e-13             
  119,   85, 7.4528263798330404e-09,-3.4751264290054200e-08, 5.6122689914019851e-13, 5.6220755657498412e-13             
  119,   86,-4.9295152312387497e-10,-1.4518055094343900e-08, 6.2370851606676385e-13, 6.2419603942351536e-13             
  119,   87, 2.6101191342782300e-08,-4.5732244568792002e-08, 5.8351961534150071e-13, 5.8230556856907589e-13             
  119,   88,-2.2676174251309998e-09,-4.1914076155797898e-08, 6.4714261659057857e-13, 6.4608826483299156e-13             
  119,   89,-2.0747916512874799e-09, 6.8121936636103998e-09, 6.0987817700344950e-13, 6.0952672875632456e-13             
  119,   90,-2.8295972569161001e-08, 1.8812298669145899e-08, 6.6407104487518153e-13, 6.6604576812173709e-13             
  119,   91, 6.2134686421352300e-09,-3.0027449363247997e-08, 6.3973031917153185e-13, 6.4234840968443106e-13             
  119,   92, 3.6379029415050899e-08, 7.1403694723749097e-09, 6.7874039202314356e-13, 6.7942505904072577e-13             
  119,   93,-2.7818834816324899e-08, 5.5590433951837402e-09, 6.7861393061202960e-13, 6.7961286644446861e-13             
  119,   94, 6.2876811417087898e-09,-1.4200223779266900e-08, 6.9055161073854952e-13, 6.8988843713576821e-13             
  119,   95,-1.0262026363549599e-08,-1.4648493327020799e-08, 7.2237805540870409e-13, 7.2134124981037839e-13             
  119,   96,-2.5884477316307201e-08, 1.4513703346334800e-08, 7.0084524559379151e-13, 6.9936987620218354e-13             
  119,   97, 1.5993069716056400e-08, 1.3787894119848500e-08, 7.6677952880515584e-13, 7.6573577560102528e-13             
  119,   98,-9.9061731192589700e-09, 7.3039651963047800e-09, 7.1618133928165863e-13, 7.1420286060798092e-13             
  119,   99,-1.9895298605748501e-08,-4.2721518205754003e-09, 8.0793407693214215e-13, 8.0904412724634700e-13             
  119,  100, 5.3763197097626797e-08, 5.5738135541777698e-08, 7.4173997275071953e-13, 7.4143925062260688e-13             
  119,  101,-2.0888317673134701e-08, 3.5849003938535200e-08, 8.4564739545151006e-13, 8.4399960684305650e-13             
  119,  102, 1.1965272801063800e-08, 1.7668710604447000e-08, 7.8758626938094549e-13, 7.8820462820627944e-13             
  119,  103, 1.5537712478793600e-08, 1.0770002978112400e-08, 8.6979767470295447e-13, 8.6638764567542571e-13             
  119,  104, 4.7740534132634399e-09,-6.2026925900727395e-10, 8.6061574667255178e-13, 8.5997385686833056e-13             
  119,  105,-4.5092017166223301e-08, 2.7521637844976699e-08, 8.8008237974155849e-13, 8.7950199467917695e-13             
  119,  106, 2.5758419487263799e-08,-1.1648247321541900e-08, 9.5386084668887015e-13, 9.5391295942409336e-13             
  119,  107, 2.4760133381486799e-08,-8.0784408939845105e-09, 8.9664504302302667e-13, 8.9736798349059165e-13             
  119,  108, 3.9368714824174898e-09,-3.1991959350207800e-08, 1.0478064011018451e-12, 1.0471055660652252e-12             
  119,  109,-3.3290424677726703e-08,-4.3614032875997698e-09, 9.5621882122906622e-13, 9.5497922904624423e-13             
  119,  110,-1.7015331389396398e-08, 1.2953611737359799e-08, 1.1108657213323606e-12, 1.1119454511417137e-12             
  119,  111, 2.5496535043781701e-08,-1.2832605985910800e-08, 1.0967437274835005e-12, 1.0962154815726487e-12             
  119,  112,-2.8076766270684399e-08,-2.0718011382275201e-08, 1.1079986923723844e-12, 1.1087404392518916e-12             
  119,  113, 6.6718967258023899e-09, 2.4538296236421099e-08, 1.3388050716171706e-12, 1.3396084857928043e-12             
  119,  114,-2.1261019582627600e-08,-3.6702470882702899e-08, 1.0723910657344109e-12, 1.0753851911941936e-12             
  119,  115, 1.5765331152577700e-09,-9.9617936646682099e-09, 1.6011604768113701e-12, 1.6069083949348409e-12             
  119,  116,-2.2488189218546700e-08,-3.1197161551231903e-08, 1.2636215722585109e-12, 1.2664198996803536e-12             
  119,  117, 2.2316760011939899e-08, 3.6252267014072700e-08, 1.7305130587793220e-12, 1.7300767228137620e-12             
  119,  118, 2.0764236657413801e-08,-1.8035571510042800e-09, 2.0684745963629323e-12, 2.0721584786110205e-12             
  119,  119, 1.7614208839735700e-08,-4.0726092619423700e-08, 2.5230702111759991e-12, 2.5204025204721594e-12             
  120,    0, 4.8992054696919502e-08, 0.0000000000000000e+00, 2.0723710279506616e-13, 0.0000000000000000e+00             
  120,    1,-4.2820576389215200e-08, 2.0978329316221900e-08, 2.1034855487717617e-13, 2.0506007583560068e-13             
  120,    2, 6.3455793065413303e-09, 2.2583739097867098e-08, 2.1004666215074918e-13, 2.0435995890288821e-13             
  120,    3, 7.0180706149263498e-09, 7.0056403709303805e-10, 2.0353411912747448e-13, 2.1057788580496611e-13             
  120,    4,-2.2027226331487299e-08, 1.7835806425610901e-08, 2.0769344983668400e-13, 2.0715161260904206e-13             
  120,    5, 1.2597315796118900e-08, 6.2001024002981895e-08, 2.0585995350916392e-13, 2.0817293433085205e-13             
  120,    6,-7.5108308872149998e-09, 1.8165982118782201e-09, 2.0630679473862941e-13, 2.0823193733594235e-13             
  120,    7,-3.8939767035865799e-09,-1.5720665290986300e-09, 2.0957167472781986e-13, 2.0523891450675634e-13             
  120,    8,-3.4704769897571398e-10,-6.1444791993881105e-08, 2.0796497860705816e-13, 2.0639341061284511e-13             
  120,    9,-2.3824642152555499e-08,-1.5343904292727401e-08, 2.0869330622646259e-13, 2.0749948080644742e-13             
  120,   10, 4.8119405558256201e-09,-1.8327817251516598e-08, 2.0859126302290398e-13, 2.0655239601829497e-13             
  120,   11,-7.3242679687766096e-09,-9.9433727098462400e-09, 2.0648338551236979e-13, 2.0978769641873387e-13             
  120,   12, 5.9094327943544501e-09,-1.5474945781167900e-08, 2.0803784383509869e-13, 2.0874053821587866e-13             
  120,   13,-2.0643473011939102e-08,-2.0521651892694099e-09, 2.0927831071214289e-13, 2.0975853638262560e-13             
  120,   14, 1.2336861010338800e-08,-3.1647561994523197e-08, 2.1171311036656228e-13, 2.0889999766829347e-13             
  120,   15,-2.7139010693923999e-08, 3.1359408003028203e-08, 2.1273037708930415e-13, 2.0945775972667269e-13             
  120,   16,-2.4256810559241601e-08,-2.9442238632715400e-08, 2.1387860204749322e-13, 2.1143453488111534e-13             
  120,   17, 2.4498255214791002e-10, 6.5677006415317701e-09, 2.1288691966745465e-13, 2.1209201792795434e-13             
  120,   18,-2.3676382200308399e-08, 1.6906584110477300e-08, 2.1524103968015037e-13, 2.1571551797545391e-13             
  120,   19, 1.4618028984627900e-08,-1.9139052884450800e-08, 2.1316119302112502e-13, 2.1539754238640606e-13             
  120,   20, 1.1127147125037500e-08,-1.5038129842988401e-08, 2.1838511483218434e-13, 2.2107844083279716e-13             
  120,   21, 1.5435977023383601e-08, 1.4531276730252601e-08, 2.1747679641223942e-13, 2.1666961542748822e-13             
  120,   22,-1.3367304288702600e-08,-1.1787362644255301e-08, 2.2597962936058594e-13, 2.2393909269646784e-13             
  120,   23, 9.6674041892021510e-10,-1.1416865131511899e-08, 2.2158262892128857e-13, 2.1889663724191259e-13             
  120,   24, 6.9497757068351703e-09, 1.2324983771032000e-08, 2.3173453190086089e-13, 2.3001893197562415e-13             
  120,   25,-3.5927616489181001e-08,-2.2522204874150300e-08, 2.2450294040795249e-13, 2.2379209215503800e-13             
  120,   26,-3.5569008293628003e-08,-5.9502800479790897e-09, 2.3709056625091301e-13, 2.3648445630012825e-13             
  120,   27, 5.0323749987498302e-09,-9.8622305784436401e-09, 2.2867239089177271e-13, 2.2882906834160614e-13             
  120,   28,-5.9326067737644098e-09,-1.3659868708863301e-08, 2.4344924938896052e-13, 2.4278065594564123e-13             
  120,   29,-1.8970689392735100e-08,-1.7458483088812501e-08, 2.3371734965675551e-13, 2.3435881573563868e-13             
  120,   30, 2.3734769547091599e-08, 7.2459626890878000e-09, 2.5026812730064034e-13, 2.4928405095362635e-13             
  120,   31, 2.5852491257875898e-08,-4.1444563471791599e-09, 2.4007324065392397e-13, 2.4067244981373545e-13             
  120,   32, 1.3582387549092301e-08,-1.1867126867594100e-08, 2.5597621277747388e-13, 2.5643360055668610e-13             
  120,   33,-6.9154552060184501e-09, 2.1252035945840199e-08, 2.4727908871609440e-13, 2.4752287488300754e-13             
  120,   34, 2.1440233986086101e-08,-1.8622393735784301e-08, 2.6295968424099088e-13, 2.6265433403764367e-13             
  120,   35, 1.5126355713099201e-08, 1.5604262953924901e-08, 2.5442793621431579e-13, 2.5500630604535189e-13             
  120,   36,-1.7239438256502200e-08, 2.3015066477228198e-08, 2.6838802691720529e-13, 2.6904086175971851e-13             
  120,   37, 6.4614299750227401e-09,-1.2444113098253101e-09, 2.6265080960492487e-13, 2.6247123433229003e-13             
  120,   38, 2.0016170626503300e-08,-7.6357327010857793e-09, 2.7502089591717007e-13, 2.7344347829632457e-13             
  120,   39,-2.0579135593754199e-08,-1.7437384414834200e-08, 2.7262138752937773e-13, 2.6923665469781669e-13             
  120,   40,-1.8423256420991400e-08, 1.9329176800840999e-08, 2.8087309754666290e-13, 2.7912079790594294e-13             
  120,   41,-1.0132153335785900e-08,-2.0416081733566801e-08, 2.7968675127283612e-13, 2.7933584704692551e-13             
  120,   42, 6.9569271897197198e-09,-1.8353012425492300e-09, 2.8595133358108374e-13, 2.8691637573187408e-13             
  120,   43,-1.2915141267782500e-09,-7.6638626418344403e-09, 2.8751667869811421e-13, 2.8953250301019462e-13             
  120,   44, 1.1483268428903101e-08, 3.0810252075705102e-08, 2.9327809053092486e-13, 2.9406694379983357e-13             
  120,   45, 1.1339551179488399e-08, 3.7440518984357597e-08, 2.9839960276282994e-13, 2.9800665133295833e-13             
  120,   46,-1.8234014333784200e-08,-8.1783011632310795e-09, 3.0193409771167840e-13, 3.0114047114796609e-13             
  120,   47,-1.2402840775380901e-08,-7.3454653910231196e-10, 3.0842141367266288e-13, 3.0730288243752814e-13             
  120,   48,-1.5499046377579799e-08,-1.7373710158512000e-08, 3.1105994518529514e-13, 3.0991458596528983e-13             
  120,   49,-3.6317816975953398e-09, 1.0967963459699800e-09, 3.1854399827619303e-13, 3.1804660731197157e-13             
  120,   50, 3.3318594583854700e-08, 1.0325390514383200e-08, 3.2038494834380667e-13, 3.2028135531056784e-13             
  120,   51,-6.1600345333650402e-09, 5.7266065021804095e-10, 3.3015927274290468e-13, 3.2866405204496011e-13             
  120,   52,-3.2817011054640000e-08,-8.0510592379242106e-09, 3.3231206652159104e-13, 3.3056008935168188e-13             
  120,   53, 7.6082444850967692e-09,-1.8052841630333499e-08, 3.4216971368576596e-13, 3.4073748998460548e-13             
  120,   54, 1.9683763711698400e-08,-1.2514818178527099e-08, 3.4341160960777139e-13, 3.4371049840766671e-13             
  120,   55, 2.4806294309887399e-08,-4.8668820846688702e-09, 3.5331668143698337e-13, 3.5381255527414276e-13             
  120,   56, 3.0154732943653501e-08, 2.1055392320705499e-08, 3.5570663134675800e-13, 3.5666788133391099e-13             
  120,   57,-5.2598954763176803e-08,-4.2056095143387699e-08, 3.6601319791487564e-13, 3.6768034752219926e-13             
  120,   58, 6.0095152491907600e-09, 4.0381835417703598e-08, 3.6969972089185169e-13, 3.6970751706619644e-13             
  120,   59, 8.3524644225037994e-09,-5.0164538683200998e-10, 3.7918624999832668e-13, 3.8003439894839456e-13             
  120,   60, 1.7367037919314700e-08,-3.0029143310079201e-08, 3.8360516108875627e-13, 3.8215505219098372e-13             
  120,   61, 3.0974456161386500e-09, 7.8744553042033105e-10, 3.9363040605120301e-13, 3.9332709864627071e-13             
  120,   62, 3.4114721428144303e-08, 4.4220031947295101e-08, 3.9763002553482286e-13, 3.9666071953226321e-13             
  120,   63,-5.1841659747930302e-09,-7.6638928927057400e-09, 4.0812511375939592e-13, 4.0894606874719604e-13             
  120,   64,-1.0569312722591600e-08, 1.0741439993905500e-08, 4.1127435610726365e-13, 4.1158240578308060e-13             
  120,   65, 1.3042815622184000e-08,-2.0680361860144799e-08, 4.2367278856963555e-13, 4.2357861998119928e-13             
  120,   66, 1.1779930011768401e-08,-8.5982841563586406e-09, 4.2678853863494850e-13, 4.2719742354274002e-13             
  120,   67, 2.0517619928772301e-08, 7.3639730955256704e-09, 4.4091610523706173e-13, 4.4074651367030484e-13             
  120,   68,-1.7642596158943300e-09,-4.5772779899476896e-09, 4.4215565582945542e-13, 4.4241159688750398e-13             
  120,   69, 1.0020052849131301e-08,-2.2283952239849599e-08, 4.5830211595839113e-13, 4.5830720632025279e-13             
  120,   70,-1.1904575654580901e-08,-1.9816590882296001e-09, 4.5783431703451308e-13, 4.5797884287161181e-13             
  120,   71,-2.3237802696368900e-08, 9.1128041238538597e-09, 4.7846513304389645e-13, 4.7716922567004349e-13             
  120,   72, 1.3140279274508501e-08,-1.3705358613108200e-08, 4.7420173011725262e-13, 4.7339885279843312e-13             
  120,   73,-1.1877790879734300e-08, 4.7144856475101096e-09, 4.9719810250484502e-13, 4.9676836657700711e-13             
  120,   74,-6.7062650021669703e-10,-2.2083895164108601e-08, 4.8886890765951888e-13, 4.8869635824976724e-13             
  120,   75,-8.1246240458742697e-09, 9.8401411692582092e-09, 5.1790000318914835e-13, 5.1985793567999807e-13             
  120,   76, 2.9615292006212200e-08,-2.0824479172961900e-08, 5.0316396279187764e-13, 5.0583119019800533e-13             
  120,   77, 6.2534628641810497e-09, 2.1433701266085801e-08, 5.4157702324612154e-13, 5.4297591792166055e-13             
  120,   78,-4.0977241833885597e-08, 9.8009678800102103e-09, 5.2032586896758576e-13, 5.2086215349283344e-13             
  120,   79, 5.6921062786589103e-09,-4.2678652046198398e-10, 5.6742939251540718e-13, 5.6575744365073272e-13             
  120,   80,-3.7390841118982301e-08, 2.7616500951271301e-08, 5.3702457457974265e-13, 5.3686035432232899e-13             
  120,   81,-2.5948753971373000e-08,-4.4331608881835702e-09, 5.9183123013298025e-13, 5.9239574244658221e-13             
  120,   82, 3.7296186381666802e-09, 2.9981341376645402e-10, 5.5395517677160058e-13, 5.5347250682319910e-13             
  120,   83, 1.8554371043722100e-09,-2.5935216295231502e-09, 6.1634763516956538e-13, 6.1696139231507108e-13             
  120,   84,-3.6069379647495399e-08,-4.4733517086102597e-09, 5.7176761911602927e-13, 5.7193384481943827e-13             
  120,   85, 5.0259304075287403e-08,-3.2905007876144101e-08, 6.4106419003500009e-13, 6.4359917166814773e-13             
  120,   86, 1.1997934842826701e-08,-5.4646914001211800e-09, 5.9260395007815845e-13, 5.9216721687329400e-13             
  120,   87,-7.9270474556350400e-11,-4.9923141433621802e-09, 6.6674509615901405e-13, 6.6522414722627664e-13             
  120,   88,-5.4812291996156299e-08, 4.1238146546564700e-09, 6.1740259851625463e-13, 6.1575906969003045e-13             
  120,   89,-8.3545407545162500e-09,-8.3789201859086101e-10, 6.8955609343550416e-13, 6.8852128153702371e-13             
  120,   90, 2.3516053193282500e-08, 2.0516915116800001e-08, 6.4546660020169518e-13, 6.4641126298450660e-13             
  120,   91,-1.1030854163145900e-08, 3.1482519927791202e-09, 7.0495776786902325e-13, 7.0693330233767298e-13             
  120,   92,-8.5988544658582407e-09, 1.9350468146080200e-08, 6.7969764807029363e-13, 6.7906693669632447e-13             
  120,   93,-1.8262104713706201e-08, 1.4953808079969100e-08, 7.1967228287961175e-13, 7.1929240388832214e-13             
  120,   94, 9.8006874370185898e-09,-4.9213988311688599e-09, 7.1949652668726157e-13, 7.1909439091429766e-13             
  120,   95, 2.1632615448210100e-08, 1.3497787823518099e-08, 7.3051310312226679e-13, 7.3019400539447041e-13             
  120,   96,-2.7778301610764901e-08, 1.0232131734000199e-08, 7.6488128631513597e-13, 7.6354778334209976e-13             
  120,   97, 2.6059892017989400e-08,-1.1907043994356001e-08, 7.3890069707681855e-13, 7.3875440012863807e-13             
  120,   98,-3.2147780210997502e-08,-3.9886349344878900e-08, 8.1162431196480616e-13, 8.1114887128747981e-13             
  120,   99, 2.7353033489115401e-08,-1.0094370111169899e-08, 7.5249080254037073e-13, 7.5138602042130996e-13             
  120,  100, 2.8741739610631001e-08, 1.3681730313430000e-08, 8.5743019775431695e-13, 8.5731716872832771e-13             
  120,  101,-2.3786592073272501e-08,-4.2037598757919602e-08, 7.7772841312442004e-13, 7.7750977577105164e-13             
  120,  102, 8.2587641501854107e-09,-1.8231657158008001e-08, 8.9789377574182973e-13, 8.9627537106968853e-13             
  120,  103,-4.1147984385071098e-08, 1.9457483285172301e-08, 8.2293438182910712e-13, 8.2147141904630458e-13             
  120,  104,-7.1898797716827298e-09,-5.8364697166779903e-09, 9.2506539988617965e-13, 9.2511000709591464e-13             
  120,  105, 3.7693754301139801e-08, 3.4958100474321900e-08, 8.9491163910496556e-13, 8.9397972272112502e-13             
  120,  106, 4.0409561200425100e-08,-2.7032183336321601e-08, 9.3953940953133917e-13, 9.4149512043954042e-13             
  120,  107,-2.5404123063663899e-08, 2.3669868472060101e-08, 9.8853045338046289e-13, 9.8832416536249380e-13             
  120,  108, 2.0484970870809200e-08,-4.9145412138643003e-10, 9.6363301976945904e-13, 9.6254558722598193e-13             
  120,  109, 2.4157308415770301e-09,-1.2880622994424001e-08, 1.0800750651090266e-12, 1.0813598548626158e-12             
  120,  110,-2.4196358971627400e-08, 1.9105630970916999e-08, 1.0264210551810815e-12, 1.0266742709603307e-12             
  120,  111, 4.3439995779932803e-08,-1.9506636501678001e-09, 1.1419053235564909e-12, 1.1446374727224285e-12             
  120,  112,-1.6639297093087501e-08, 1.3916376020102700e-08, 1.1722130510125822e-12, 1.1719547810887236e-12             
  120,  113,-9.7834435730882096e-10, 3.7703972850168202e-09, 1.1396505645192285e-12, 1.1410064068285607e-12             
  120,  114, 8.0594512440013196e-09,-1.5607842248664801e-08, 1.4138106453845220e-12, 1.4186984029634391e-12             
  120,  115,-1.6526507938918600e-08,-1.2999615546849199e-08, 1.1034565896113988e-12, 1.1063267773024257e-12             
  120,  116, 2.0417230301661802e-08,-1.1881525712374899e-08, 1.6845378558294124e-12, 1.6882291701952682e-12             
  120,  117, 3.9014669577791897e-08, 1.2696325498547901e-08, 1.2936838791630223e-12, 1.2916579807132759e-12             
  120,  118,-1.5885309064969699e-08,-8.5452837098062601e-09, 1.8335550368992064e-12, 1.8255224562965031e-12             
  120,  119,-2.4254186389212900e-08, 4.5371062465764296e-09, 2.1002531510720239e-12, 2.0989733244699192e-12             
  120,  120,-2.0999351785334499e-08, 3.2901989984247797e-08, 2.6728229212024279e-12, 2.6650229232712817e-12             
